{
	"format_version" : "1.10.0",
	"animations" : {
		"animation.lightning" : {
            "timeline": {
              "0.0": [
                "/weather thunder 60",
                "/execute @e[type=!player,r=32,c=7] ~ ~ ~ summon lightning_bolt",
                "/execute @e[m=!1,r=32,c=7] ~ ~ ~ summon lightning_bolt"
              ],
              "2.8": "/execute @e[type=!player,r=32,c=7] ~ ~ ~ summon lightning_bolt",
              "2.9": "/execute @e[m=!1,r=32,c=7] ~ ~ ~ summon lightning_bolt"
            },
            "animation_length": 3,
			"loop" : true
		}
	}
}
