{
  "format_version": "1.8.0",
  "minecraft:entity": {
    "description": {
      "identifier": "mod:twister",
      "is_spawnable": false,
      "is_summonable": true,
      "is_experimental": false,
      "runtime_identifier": "mod:twister"
    },

    "components": {
      "minecraft:collision_box": {
        "width": 3.0,
        "height": 5.0
      },
      "minecraft:type_family": {
        "family":["twister"]          
      },
      "minecraft:damage_sensor": [
        {
          "cause": "all",
          "deals_damage": false
        }
      ],
      "minecraft:projectile": {
        "onHit": {
          "impact_damage": {
            "damage": 20000,
            "knockback": true,
            "destroyonhit": true
          },
          "mob_effect": {
            "effect": "levitation",
            "durationeasy": 30,
            "durationnormal": 30,
            "durationhard": 30,
            "amplifier": 47
          },
          "remove_on_hit": {}
        },
        "power": 0.0,
        "gravity": 1.0,
        "angleoffset": 0.0
      }
    }

  }
}
