{
  "format_version": "1.8.0",
 "minecraft:entity": {
  "description": {
    "identifier": "mod:laser",
    "is_spawnable": false,
    "is_summonable": false,
    "is_experimental": false
  },

  "components": {
      "minecraft:damage_sensor": [
        {
          "cause": "all",
          "deals_damage": false
        }
      ],
   "minecraft:collision_box": {
    "width": 0.73,
    "height": 0.73
   },
    "minecraft:explode": {
     "fuseLength": 0,
     "fuseLit": true,
     "power": 5.5,
     "causesFire": false,
     "fireAffectedByGriefing": true,
     "destroyAffectedByGriefing": true
    },
    "minecraft:physics": {
   }
  }
 }
}
