{
  "format_version": "1.8.0",
  "minecraft:entity": {
    "description": {
      "identifier": "mod:crimsonghidorah",
      "is_spawnable": true,
      "is_summonable": true,
      "is_experimental": false,
      "runtime_identifier": "mod:crimsonghidorah",
"scripts":{
"animate":[
"clear"
]
},
"animations":{
"clear":"animation.clear"
}
    },
    "component_groups": {
     "fly4":{
        "minecraft:variant": {
          "value": 4
        },
        "minecraft:is_charged": {
        },
      "minecraft:behavior.summon_entity": {
        "priority": 2,
        "summon_choices": [
          {
            "weight": 5,
            "cooldown_time": 0.0,
            "cast_duration": 0.0,
            "sequence": [
              {
                "shape": "line",
                "target": "self",
                "base_delay": 0.0,
                "delay_per_summon": 0.2,
                "num_entities_spawned": 5,
                "entity_type": "mod:lightning",
                "size": 46
              }
            ]
          }
        ]
      },
       "minecraft:timer": {
         "looping":false,
         "randomInterval":false,
         "time":7.5,
         "time_down_event": {
           "event":"mode2",
           "target":"self"
         }
       }
     },

     "fly3":{
      "minecraft:behavior.summon_entity": {
        "priority": 2,
        "summon_choices": [
          {
            "weight": 5,
            "cooldown_time": 0.0,
            "cast_duration": 0.0,
            "sequence": [
              {
                "shape": "line",
                "target": "self",
                "base_delay": 0.0,
                "delay_per_summon": 0.05,
                "num_entities_spawned": 5,
                "entity_type": "mod:twister",
                "size": 30
              }
            ]
          }
        ]
      },
       "minecraft:timer": {
         "looping":false,
         "randomInterval":false,
         "time":1.5,
         "time_down_event": {
           "event":"mode2",
           "target":"self"
         }
       },
      "minecraft:variant": {
          "value": 3
        }
     },

     "fly2":{
        "minecraft:variant": {
          "value": 1
        },
      "minecraft:behavior.summon_entity": {
        "priority": 2,

        "summon_choices": [
          {
            "cooldown_time": 1.0,
            "weight": 1,
            "cast_duration": 0.0,
            "particle_color": "#FF664D59",
            "start_sound_event": "cast.spell",
            "sequence": [
              {
                "shape": "circle",
                "target": "self",
                "base_delay": 0.15,
                "delay_per_summon": 0.0,
                "num_entities_spawned": 16,
                "entity_type": "mod:laser",
                "size": 8,
                "entity_lifespan": 1.1
              }
            ]
          },
          {
            "cooldown_time": 1.0,
            "weight": 1,
            "cast_duration": 0.0,
            "particle_color": "#FF664D59",
            "start_sound_event": "cast.spell",
            "sequence": [
              {
                "shape": "circle",
                "target": "self",
                "base_delay": 0.15,
                "delay_per_summon": 0.0,
                "num_entities_spawned": 16,
                "entity_type": "mod:laser",
                "size": 16,
                "entity_lifespan": 1.1
              }
            ]
          }
        ]
      },
       "minecraft:timer": {
         "looping":false,
         "randomInterval":false,
         "time":3.5,
         "time_down_event": {
           "event":"mode2",
           "target":"self"
         }
       }
     },

     "fly":{
      "minecraft:behavior.melee_attack": {
        "priority": 1,
        "speed_multiplier": 1,
        "min_dist": 15,
        "reach_multiplier": 15,
        "track_target": true
      },
      "minecraft:attack": {
        "damage": 10000
      },
       "minecraft:timer": {
         "looping":false,
         "randomInterval":false,
         "time":3.5,
         "time_down_event": {
           "event":"fly",
           "target":"self"
         }
       }
     },



     "ground4":{
        "minecraft:variant": {
          "value": 4
        },
        "minecraft:is_charged": {
        },
      "minecraft:behavior.summon_entity": {
        "priority": 2,
        "summon_choices": [
          {
            "weight": 5,
            "cooldown_time": 0.0,
            "cast_duration": 0.0,
            "sequence": [
              {
                "shape": "line",
                "target": "self",
                "base_delay": 0.0,
                "delay_per_summon": 0.2,
                "num_entities_spawned": 7,
                "entity_type": "mod:lightning",
                "size": 30
              }
            ]
          }
        ]
      },
       "minecraft:timer": {
         "looping":false,
         "randomInterval":false,
         "time":6.5,
         "time_down_event": {
           "event":"ground",
           "target":"self"
         }
       }
     },

     "ground3":{
      "minecraft:behavior.summon_entity": {
        "priority": 2,
        "summon_choices": [
          {
            "weight": 5,
            "cooldown_time": 0.0,
            "cast_duration": 0.0,
            "sequence": [
              {
                "shape": "line",
                "target": "self",
                "base_delay": 0.0,
                "delay_per_summon": 0.05,
                "num_entities_spawned": 5,
                "entity_type": "mod:twister",
                "size": 30
              }
            ]
          }
        ]
      },
       "minecraft:timer": {
         "looping":false,
         "randomInterval":false,
         "time":1.5,
         "time_down_event": {
           "event":"ground",
           "target":"self"
         }
       },
      "minecraft:variant": {
          "value": 3
        }
     },

     "ground2":{
      "minecraft:behavior.melee_attack": {
        "priority": 1,
        "speed_multiplier": 1,
        "reach_multiplier": 15,
        "track_target": false
      },
      "minecraft:behavior.float": {
        "priority": 0
      },
      "minecraft:attack": {
        "damage": 10000
      },
        "minecraft:variant": {
          "value": 1
        },
       "minecraft:timer": {
         "looping":false,
         "randomInterval":false,
         "time":7.5,
         "time_down_event": {
           "event":"ground",
           "target":"self"
         }
       }
     },


     "ground":{
      "minecraft:collision_box": {
        "width": 7.9,
        "height": 15.0
      },
      "minecraft:behavior.random_stroll": {
        "priority": 5,
        "speed_multiplier": 1.0
      },
      "minecraft:behavior.move_towards_restriction": {
        "priority": 5,
        "speed_multiplier": 1
      },
      "minecraft:behavior.random_look_around": {
        "priority": 7
      },
      "minecraft:variant": {
        "value": 9
      },
      "minecraft:movement.basic": {
      },
      "minecraft:navigation.walk": {
      },
       "minecraft:timer": {
         "looping":false,
         "randomInterval":false,
         "time":3.5,
         "time_down_event": {
           "event":"ground",
           "target":"self"
         }
       }
     },

    "mode":{
       "minecraft:spawn_entity": [
        {
          "min_wait_time": 0,
          "max_wait_time": 0,
          "spawn_entity": "mod:lightning",
          "single_use": true,
          "num_to_spawn": 7
        }
      ],
       "minecraft:timer": {
         "looping":false,
         "randomInterval":false,
         "time":0.3,
         "time_down_event": {
           "event":"mode2",
           "target":"self"
         }
       }
    },

    "angry":{
        "minecraft:angry": {
          "duration": -1,
          "broadcastAnger": true,
          "calm_event": {
            "event": "calm",
            "target": "self"
          }
        }
      }
    },





    "components": {
      "minecraft:movement.glide": {
        "start_speed": 0.35,
        "speed_when_turning": 0.2
      },
      "minecraft:behavior.swoop_attack": {
        "priority": 2,
        "delay_range": [ 10.0, 20.0 ]
      },
      "minecraft:behavior.circle_around_anchor": {
        "priority": 3,
        "radius_range": [ 5.0, 15.0 ],
        "radius_change_chance": 250,
        "height_above_target_range": [ 10.0, 15.0 ],
        "height_offset_range": [ -4.0, 5.0 ],
        "height_change_chance": 350,
        "goal_radius": 10.0
      },
      "minecraft:behavior.random_stroll": {
        "priority": 6,
        "speed_multiplier": 1
      },
      "minecraft:behavior.look_at_target": {
        "priority": 7,
        "look_distance": 70,
        "probability": 1
      },
      "minecraft:behavior.nearest_attackable_target": {
        "priority": 1,
        "reselect_targets": false,
        "entity_types": [
           {
            "filters": {
              "test": "is_family",
              "subject": "other",
              "value": "godzilla"
            },
            "max_dist": 70
          },
          {
            "filters": {
              "test": "is_family",
              "subject": "other",
              "operator": "=",
              "value": "o"
            },
            "max_dist": 70
          },
          {
            "filters": {
              "test": "is_family",
              "subject": "other",
              "value": "player"
            },
            "max_dist": 70
          }
        ],
        "must_see": false,
        "scan_interval": 70,
        "target_search_height": 70.0
      },
      "minecraft:damage_sensor": [
         {
          "on_damage": {
            "filters": {
              "test": "is_family",
              "subject": "other",
              "value": "lightning"
            }
          },
          "deals_damage": false
        }
      ],



      "minecraft:boss": {"name":"§g§4 Crimson King Ghidorah   ",
        "should_darken_sky": true,
        "hud_range": 125
      },
      "minecraft:tick_world": {
        "never_despawn": true
      },
      "minecraft:is_stackable": {
      },
      "minecraft:fall_damage": {
        "value": 0.0
      },
      "minecraft:knockback_resistance": {
        "value": 0.75
      },
      "minecraft:breathable": {
        "totalSupply": 15,
        "suffocateTime": 0,
        "breathesWater": true
      },
      "minecraft:health": {
        "value": 2000000,
        "max": 2000000
      },
      "minecraft:type_family": {
        "family": [ "monster","kingghidorah" ]
      },
      "minecraft:collision_box": {
        "width": 7.9,
        "height": 12.0
      },
        "minecraft:variant": {
          "value": 11
        },
      "minecraft:follow_range": {
        "value": 70,
        "max": 70
      },
      "minecraft:movement": {
        "value": 0.5
      },
      "minecraft:scale": {
          "value": 1.55
        },
      "minecraft:nameable": {
      },
      "minecraft:fire_immune": true,
      "minecraft:physics": {
        "has_gravity": false
      }
    },

    "events": {
      "minecraft:entity_spawned": {
        "add": {
          "component_groups": [
            "mode"
          ]
        }
      },


      "mode2": {
        "randomize": [
          {
            "weight": 1,
            "remove": {
              "component_groups": [
                "mode",
                "ground",
                "fly2",
                "fly3",
                "fly4"
              ]
            },
            "add": {
              "component_groups": [
                "fly"
              ]
            }
          },
          {
            "weight": 0,
            "remove": {
              "component_groups": [
                "mode",
                "mode1",
                "fly",
                "mode3",
                "mode4"
              ]
            },
            "add": {
              "component_groups": [
                "ground"
              ]
            }
          }
        ]
      },


      "fly": {
        "randomize": [
          {
            "weight": 5,
            "remove": {
              "component_groups": [
                "fly",
                "fly2",
                "fly3"
              ]
            },
            "add": {
              "component_groups": [
                "fly4"
              ]
            }
          },
          {
            "weight": 2,
            "remove": {
              "component_groups": [
                "fly",
                "fly2",
                "fly4"
              ]
            },
            "add": {
              "component_groups": [
                "fly3"
              ]
            }
          },
          {
            "weight": 2,
            "remove": {
              "component_groups": [
                "fly",
                "fly3",
                "fly4"
              ]
            },
            "add": {
              "component_groups": [
                "fly2"
              ]
            }
          }
        ]
      },


      "ground": {
        "randomize": [
          {
            "weight": 3,
            "remove": {
              "component_groups": [
                "ground",
                "ground2",
                "ground3"
              ]
            },
            "add": {
              "component_groups": [
                "ground4"
              ]
            }
          },
          {
            "weight": 5,
            "remove": {
              "component_groups": [
                "ground",
                "ground2",
                "ground4"
              ]
            },
            "add": {
              "component_groups": [
                "ground3"
              ]
            }
          },
          {
            "weight": 5,
            "remove": {
              "component_groups": [
                "ground",
                "ground3",
                "ground4"
              ]
            },
            "add": {
              "component_groups": [
                "ground2"
              ]
            }
          }
        ]
      },


      "angry": {
        "add": {
          "component_groups": [
            "angry"
          ]
        }
      },
      "calm": {
        "remove": {
          "component_groups": [
            "angry"
          ]
        }
      }
    }
  }
}
