{
  "format_version": "1.8.0",
  "render_controllers": {
    "controller.render.back_laser": {
      "arrays": {
        "textures": {
          "Array.variants": [ "Texture.shooting_laser" ],
          "Array.skins": [ "Texture.default_laser" ]
        }
      },
      "geometry": "Geometry.shooting",
      "materials": [ { "*": "Material.shooting" } ],
      "textures": [ "query.is_sheared ? Array.variants[query.variant] : Array.skins[query.variant]" ],
      "overlay_color": {
          "r": 1.0,
          "g": 1.0,
          "b": 1.0,
          "a": 1.0
      },
      "uv_anim": {
          "offset": [ "(query.is_powered) ? (Math.floor(query.life_time * 20.0) + query.frame_alpha) * 0.01 : 0.0", 
                      "(query.is_powered) ? (Math.floor(query.life_time * 20.0) + query.frame_alpha) * 0.01 : 0.0" ],
          "scale": [ 1.0, 1.0 ]
      },
      "light_color_multiplier": 4.0,
      "ignore_lighting" : true
    }
  }
}
