{
  "format_version": "1.8.0",
  "render_controllers": {
    "controller.render.shin": {
      "arrays": {
        "textures": {
          "Array.skins": [
            "Texture.default"
          ],
          "Array.angry": [
            "Texture.default_angry"
          ]
        }
      },
      "geometry": "Geometry.default",
      "materials": [ { "*": "Material.default" } ],
      "textures": [ "query.has_target ? Array.angry[query.variant] : Array.skins[query.variant]" ],
      "light_color_multiplier": 1.0,
      "ignore_lighting" : true
      
    }
  }
}