{
  "entity.shin.hurt": {
    "min_distance": 20.0,
    "category": "hostile",
    "sounds": [
      "sounds/entity/shin/hurt1",
      "sounds/entity/shin/hurt2"
    ]
  },
  "entity.shin.death": {
    "min_distance": 30.0,
    "category": "hostile",
    "sounds": [
      "sounds/entity/shin/death1"
    ]
  },
   "entity.shin.atom": {
    "min_distance": 30.0,
		"category": "hostile",
		"sounds": [
			"sounds/entity/shin/shin_laser"
		]
	},
   "entity.shin.back_atom": {
    "min_distance": 800.0,
		"category": "hostile",
		"sounds": [
			"sounds/entity/shin/back_laser"
		]
	},
  "entity.shin.idle": {
    "min_distance": 30.0,
    "sounds": [
      "sounds/entity/shin/idle1",
      "sounds/entity/shin/idle2"
    ]
  },
   "big.step": {
	"min_distance": 10.0,
    "sounds": [
      "sounds/entity/shin/step1"
    ]
  }
}