{
  "entity_sounds": {
    "entities": {
      "mod:kingghidorah": {
        "volume": 1.1,
        "pitch": [ 0.96, 1.0 ],
        "events": {
          "ambient": {
            "sound": "mob.ghidorah.roar",
            "volume": 4.0,
            "pitch": [ 0.94, 0.96 ]
          },
          "death": {
            "sound": "mob..death",
            "volume": 5.0,
            "pitch": 1.0
          },
          "hurt": {
            "sound": "mob..hurt",
            "volume": 5.0,
            "pitch": [ 0.34, 0.94 ]
          },
          "step": {
            "sound": ".step",
            "volume": 25.0,
            "pitch": 1.0
          }
        }
      }, 
            "mod:crimsonghidorah": {
            "volume": 1.1,
            "pitch": [ 0.96, 1.0 ],
            "events": {
            "ambient": {
            "sound": "mob.ghidorah.roar",
            "volume": 4.0,
            "pitch": [ 0.94, 0.96 ]
          },
          "death": {
            "sound": "mob..death",
            "volume": 5.0,
            "pitch": 1.0
          },
          "hurt": {
            "sound": "mob..hurt",
            "volume": 5.0,
            "pitch": [ 0.34, 0.94 ]
          },
          "step": {
            "sound": ".step",
            "volume": 25.0,
            "pitch": 1.0
          }
        }
      },
      "mod:mechaghidorah": {
        "volume": 1.8,
        "pitch": [ 0.96, 1.0 ],
        "events": {
          "ambient": {
            "sound": "mob.ghidorah.roar",
            "volume": 4.0,
            "pitch": [ 0.94, 0.96 ]
          },
          "death": {
            "sound": "mob..death",
            "volume": 5.0,
            "pitch": 1.0
          },
          "hurt": {
            "sound": "mob..hurt",
            "volume": 5.0,
            "pitch": [ 0.34, 0.94 ]
          },
          "step": {
            "sound": ".step",
            "volume": 25.0,
            "pitch": 1.0
          }
        }
      },
      "mod:crimsongodzilla": {
        "volume": 1.1,
        "pitch": [ 0.76, 1.14 ],
        "events": {
          "ambient": {
            "sound": "mob.godzilla.roar",
            "volume": 5.0,
            "pitch": [ 0.76, 0.94 ]
          },
          "death": {
            "sound": "mob.godzilla.death",
            "volume": 5.0,
            "pitch": 1.0
          },
          "hurt": {
            "sound": "mob.godzilla.hurt",
            "volume": 5.0,
            "pitch": [ 0.54, 0.94 ]
          },
          "step": {
            "sound": "big.step",
            "volume": 25.0,
            "pitch": 1.0
          }
        }
      },
      "mod:mechagodzilla": {
        "volume": 1.1,
        "pitch": [ 0.76, 1.14 ],
        "events": {
          "ambient": {
            "sound": "mob.godzilla.roar",
            "volume": 5.0,
            "pitch": [ 0.76, 0.94 ]
          },
          "death": {
            "sound": "mob.mechagodzilla.death",
            "volume": 5.0,
            "pitch": 1.0
          },
          "hurt": {
            "sound": "mob.godzilla.hurt",
            "volume": 5.0,
            "pitch": [ 0.54, 0.94 ]
          },
          "step": {
            "sound": "mechagodzilla.step",
            "volume": 25.0,
            "pitch": 1.0
          }
        }
      },
      "mod:godzilla": {
        "volume": 1.1,
        "pitch": [ 0.76, 1.14 ],
        "events": {
          "ambient": {
            "sound": "mob.godzilla.roar1",
            "volume": 5.0,
            "pitch": [ 0.76, 0.94 ]
          },
          "death": {
            "sound": "mob.godzilla.death",
            "volume": 5.0,
            "pitch": 1.0
          },
          "hurt": {
            "sound": "mob.godzilla.hurt",
            "volume": 5.0,
            "pitch": [ 0.54, 0.94 ]
          },
          "purr": {
            "sound": "mob.godzilla.atom",
            "volume": 7.0,
            "pitch": [ 1, 1 ]
          },
          "purreow": {
            "sound": "mob.godzilla.hit",
            "volume": 5.0,
            "pitch": [ 1, 1 ]
          },
          "step": {
            "sound": "big.step",
            "volume": 25.0,
            "pitch": 1.0
          }
        }
      }
    }
  }
} 
