{
  "format_version": "1.8.0",
  "animation_controllers": {
  "controller.animation.crimsongodzilla.roar":{
      "states": {
        "default": {
          "animations": [
            { "general": [] }
          ],
          "transitions": [
            { "roar": "query.is_roaring == 1" },
            { "atom": "query.variant == 3" },
            { "roar1": "query.variant == 2" }
          ]
        },
        "roar1": {
          "animations": [
            { "roar1": [] }
          ],
          "transitions": [
            { "roar": "query.is_roaring == 1" },
            { "atom": "query.variant == 3" },
            { "default": "query.variant != 2" }
          ]
        },
        "atom": {
          "animations": [
            { "atom": [] }
          ],
          "transitions": [
            { "roar1": "query.variant == 2" },
            { "roar": "query.is_roaring == 1" },
            { "default": "query.variant != 3" }
          ]
        },
        "roar": {
          "animations": [
            { "roar": [] }
          ],
          "transitions": [
            { "roar1": "query.variant == 2" },
            { "atom": "query.variant == 3" },
            { "default": "query.is_roaring != 1" }
          ]
        }
      }
  },




    "controller.animation.crimsongodzilla.move": {
      "states": {
        "default": {
          "parameters": [ "query.modified_move_speed" ],
          "animations": [
            {
              "walk": [
                {
                  "0.0": 0.0,
                  "0.1": 1.0
                }
              ]
            }
          ]
        }
      }
    }
  }
}