{
  "format_version": "1.8.0",
  "animation_controllers": {
  "controller.animation.kingghidorah.fly":{
      "states": {
        "fly": {
          "animations": [
            { "fly": [] }
          ],
          "transitions": [
            { "lightning": "query.is_powered == 1" },
            { "ground": "query.variant == 9" }
          ]
        },
        "lightning": {
          "animations": [
            { "lightning": [] }
          ],
          "transitions": [
            { "fly": "query.is_powered != 1" },
            { "ground": "query.variant == 9" }
          ]
        },
        "ground": {
          "animations": [
            { "ground": [] }
          ],
          "transitions": [
            { "fly": "query.variant == 11" },
            { "lightning": "query.is_powered == 1" }
          ]
        }
      }
    }
  }
}