{
  "entity_sounds": {
    "entities": {
      "shin:godzilla": {
        "volume": 30.0,
        "pitch": [ 0.76, 0.94  ],
        "events": {
          "hurt": "entity.shin.hurt",
          "ambient": "entity.shin.idle",
          "death": "entity.shin.death",
          "purr": {
            "sound": "entity.shin.atom",
            "volume": 6.0,
            "pitch": [ 1, 1 ]
          },
          "purreow": {
            "sound": "entity.shin.back_atom",
            "volume": 100.0,
            "pitch": [ 1, 1 ]
          },
          "step": {
            "sound": "big.step",
            "pitch": [ 0.8, 1.2 ]
          },
          "attack": "entity.shin.attack"
        }
      }
    }
}
}