{
	"format_version": "1.8.0",
	"geometry.crimsongodzilla": {
		"texturewidth": 256,
		"textureheight": 256,
		"visible_bounds_width": 41,
		"visible_bounds_height": 19,
		"visible_bounds_offset": [0, 9.5, 0],
		"bones": [
			{
				"name": "hyead1",
				"parent": "head0",
				"pivot": [0, 93, -9],
				"rotation": [-5, 5, 0],
				"cubes": [
					{"origin": [-0.19778, 110.75121, 10.10896], "size": [2, 4, 2], "uv": [196, 45]},
					{"origin": [-4.95342, 109.49739, 5.40212], "size": [2, 10, 5], "uv": [196, 45], "mirror": true}
				]
			},
			{
				"name": "hyead2",
				"parent": "head0",
				"pivot": [0, 93, -9],
				"rotation": [-5, -5, 0],
				"cubes": [
					{"origin": [-1.80222, 111.25121, 10.10896], "size": [2, 4, 2], "uv": [196, 45]},
					{"origin": [2.95342, 109.49739, 5.40212], "size": [2, 10, 5], "uv": [196, 45], "mirror": true}
				]
			},
			{
				"name": "head3",
				"parent": "head0",
				"pivot": [0, 93, -9],
				"rotation": [10, 0, 0],
				"cubes": [
					{"origin": [-3, 103.2895, 14.31176], "size": [6, 5, 2], "uv": [196, 45]},
					{"origin": [3, 102.2895, 15.31176], "size": [3, 6, 2], "uv": [196, 45]},
					{"origin": [-6, 102.2895, 15.31176], "size": [3, 6, 2], "uv": [196, 45]},
					{"origin": [2.5, 104.5395, 13.56176], "size": [3, 3, 3], "uv": [44, 5], "inflate": -0.8},
					{"origin": [-5.5, 104.5395, 13.56176], "size": [3, 3, 3], "uv": [41, 6], "inflate": -0.8, "mirror": true}
				]
			},
			{
				"name": "head0",
				"parent": "head",
				"pivot": [0, 93, -9],
				"rotation": [10, 0, 0],
				"cubes": [
					{"origin": [-3, 107.07834, 11.93929], "size": [6, 10, 1], "uv": [196, 45]},
					{"origin": [-3, 115.82834, 11.18929], "size": [6, 2, 2], "uv": [196, 45], "inflate": 0.1}
				]
			},
			{
				"name": "xiae",
				"parent": "head",
				"pivot": [0, 112, 5],
				"rotation": [180, 180, 180],
				"cubes": [
					{"origin": [-2.5, 115.85519, 0.62032], "size": [5, 3, 3], "uv": [196, 45]},
					{"origin": [-3, 110.35519, 0.37032], "size": [6, 6, 3], "uv": [196, 45]},
					{"origin": [-2.5, 118.85519, 0.62032], "size": [5, 1, 3], "uv": [196, 45], "inflate": 0.2},
					{"origin": [-2, 115.60519, 2.87032], "size": [4, 3, 1], "uv": [196, 45]},
					{"origin": [-2.5, 110.60519, 2.62032], "size": [5, 5, 1], "uv": [196, 45]},
					{"origin": [1.125, 118.95519, 3.37032], "size": [1, 1, 1], "uv": [196, 45], "inflate": -0.1},
					{"origin": [1.125, 119.20519, 3.37032], "size": [1, 1, 2], "uv": [196, 45], "inflate": -0.2},
					{"origin": [1.525, 117.65519, 3.22032], "size": [1, 1, 1], "uv": [196, 45], "inflate": -0.1},
					{"origin": [1.525, 117.90519, 3.22032], "size": [1, 1, 2], "uv": [196, 45], "inflate": -0.2},
					{"origin": [1.525, 116.35519, 3.22032], "size": [1, 1, 1], "uv": [196, 45], "inflate": -0.1},
					{"origin": [1.525, 116.60519, 3.22032], "size": [1, 1, 2], "uv": [196, 45], "inflate": -0.2},
					{"origin": [2.075, 115.08019, 3.07032], "size": [1, 1, 1], "uv": [196, 45], "inflate": -0.1},
					{"origin": [2.075, 115.33019, 3.07032], "size": [1, 1, 2], "uv": [196, 45], "inflate": -0.2},
					{"origin": [2.075, 113.63019, 2.99532], "size": [1, 1, 1], "uv": [196, 45], "inflate": -0.1},
					{"origin": [2.075, 113.88019, 2.72032], "size": [1, 1, 2], "uv": [196, 45], "inflate": -0.2},
					{"origin": [-3.075, 113.88019, 2.72032], "size": [1, 1, 2], "uv": [196, 45], "inflate": -0.2, "mirror": true},
					{"origin": [-3.075, 113.63019, 2.99532], "size": [1, 1, 1], "uv": [196, 45], "inflate": -0.1, "mirror": true},
					{"origin": [-3.075, 115.33019, 3.07032], "size": [1, 1, 2], "uv": [196, 45], "inflate": -0.2, "mirror": true},
					{"origin": [-3.075, 115.08019, 3.07032], "size": [1, 1, 1], "uv": [196, 45], "inflate": -0.1, "mirror": true},
					{"origin": [-2.525, 116.60519, 3.22032], "size": [1, 1, 2], "uv": [196, 45], "inflate": -0.2, "mirror": true},
					{"origin": [-2.525, 116.35519, 3.22032], "size": [1, 1, 1], "uv": [196, 45], "inflate": -0.1, "mirror": true},
					{"origin": [-2.525, 117.90519, 3.22032], "size": [1, 1, 2], "uv": [196, 45], "inflate": -0.2, "mirror": true},
					{"origin": [-2.525, 117.65519, 3.22032], "size": [1, 1, 1], "uv": [196, 45], "inflate": -0.1, "mirror": true},
					{"origin": [-2.125, 119.20519, 3.37032], "size": [1, 1, 2], "uv": [196, 45], "inflate": -0.2, "mirror": true},
					{"origin": [-2.125, 118.95519, 3.37032], "size": [1, 1, 1], "uv": [196, 45], "inflate": -0.1, "mirror": true},
					{"origin": [-1.125, 118.95519, 3.37032], "size": [1, 1, 1], "uv": [196, 45], "inflate": -0.1},
					{"origin": [-4.75, 104.85519, -0.12968], "size": [10, 8, 5], "uv": [196, 45]},
					{"origin": [-1.125, 119.20519, 3.37032], "size": [1, 1, 2], "uv": [196, 45], "inflate": -0.2},
					{"origin": [0.125, 118.95519, 3.37032], "size": [1, 1, 1], "uv": [196, 45], "inflate": -0.1},
					{"origin": [0.125, 119.20519, 3.37032], "size": [1, 1, 2], "uv": [196, 45], "inflate": -0.2},
					{"origin": [-2, 105.85519, -0.62968], "size": [4, 8, 1], "uv": [196, 45]}
				]
			},
			{
				"name": "head",
				"parent": "body2",
				"pivot": [0, 103, 14],
				"rotation": [30, 0, 0],
				"cubes": [
					{"origin": [-5.5, 101.85519, 3.37032], "size": [11, 13, 5], "uv": [196, 45]},
					{"origin": [-3, 114.85519, 3.37032], "size": [6, 6, 5], "uv": [196, 45], "inflate": 0.01},
					{"origin": [-4.75, 100.85519, -0.62968], "size": [10, 7, 4], "uv": [196, 45], "inflate": 0.01},
					{"origin": [-5.5, 101.85519, 8.37032], "size": [11, 9, 4], "uv": [196, 45]},
					{"origin": [1.125, 118.95519, 2.66618], "size": [1, 1, 1], "uv": [196, 45], "inflate": -0.1},
					{"origin": [1.125, 119.20519, 1.66618], "size": [1, 1, 2], "uv": [196, 45], "inflate": -0.2},
					{"origin": [1.525, 117.65519, 2.81618], "size": [1, 1, 1], "uv": [196, 45], "inflate": -0.1},
					{"origin": [1.525, 117.90519, 1.81618], "size": [1, 1, 2], "uv": [196, 45], "inflate": -0.2},
					{"origin": [1.525, 116.35519, 2.81618], "size": [1, 1, 1], "uv": [196, 45], "inflate": -0.1},
					{"origin": [1.525, 116.60519, 1.81618], "size": [1, 1, 2], "uv": [196, 45], "inflate": -0.2},
					{"origin": [2.075, 115.08019, 2.96618], "size": [1, 1, 1], "uv": [196, 45], "inflate": -0.1},
					{"origin": [2.075, 115.33019, 1.96618], "size": [1, 1, 2], "uv": [196, 45], "inflate": -0.2},
					{"origin": [2.075, 113.63019, 3.04118], "size": [1, 1, 1], "uv": [196, 45], "inflate": -0.1},
					{"origin": [2.075, 113.88019, 2.31618], "size": [1, 1, 2], "uv": [196, 45], "inflate": -0.2},
					{"origin": [-3.075, 113.88019, 2.31618], "size": [1, 1, 2], "uv": [196, 45], "inflate": -0.2, "mirror": true},
					{"origin": [-3.075, 113.63019, 3.04118], "size": [1, 1, 1], "uv": [196, 45], "inflate": -0.1, "mirror": true},
					{"origin": [-3.075, 115.33019, 1.96618], "size": [1, 1, 2], "uv": [196, 45], "inflate": -0.2, "mirror": true},
					{"origin": [-3.075, 115.08019, 2.96618], "size": [1, 1, 1], "uv": [196, 45], "inflate": -0.1, "mirror": true},
					{"origin": [-2.525, 116.60519, 1.81618], "size": [1, 1, 2], "uv": [196, 45], "inflate": -0.2, "mirror": true},
					{"origin": [-2.525, 116.35519, 2.81618], "size": [1, 1, 1], "uv": [196, 45], "inflate": -0.1, "mirror": true},
					{"origin": [-2.525, 117.90519, 1.81618], "size": [1, 1, 2], "uv": [196, 45], "inflate": -0.2, "mirror": true},
					{"origin": [-2.525, 117.65519, 2.81618], "size": [1, 1, 1], "uv": [196, 45], "inflate": -0.1, "mirror": true},
					{"origin": [-2.125, 119.20519, 1.66618], "size": [1, 1, 2], "uv": [196, 45], "inflate": -0.2, "mirror": true},
					{"origin": [-2.125, 118.95519, 2.66618], "size": [1, 1, 1], "uv": [196, 45], "inflate": -0.1, "mirror": true},
					{"origin": [-1.125, 118.95519, 2.66618], "size": [1, 1, 1], "uv": [196, 45], "inflate": -0.1},
					{"origin": [-1.125, 119.20519, 1.66618], "size": [1, 1, 2], "uv": [196, 45], "inflate": -0.2},
					{"origin": [0.125, 118.95519, 2.66618], "size": [1, 1, 1], "uv": [196, 45], "inflate": -0.1},
					{"origin": [0.125, 119.20519, 1.66618], "size": [1, 1, 2], "uv": [196, 45], "inflate": -0.2},
					{"origin": [-3.5, 110.85519, 7.37032], "size": [7, 4, 3], "uv": [196, 45]},
					{"origin": [-0.5, 102.85519, 11.87032], "size": [1, 3, 2], "uv": [196, 45]},
					{"origin": [-0.5, 103.85519, 13.87032], "size": [1, 1, 1], "uv": [196, 45]},
					{"origin": [-0.5, 108.10519, 13.37032], "size": [1, 1, 1], "uv": [196, 45]},
					{"origin": [-0.5, 107.10519, 11.37032], "size": [1, 2, 2], "uv": [196, 45]}
				]
			},
			{
				"name": "bq15",
				"parent": "body2",
				"pivot": [0, 96, 13],
				"rotation": [5, 5, -5],
				"cubes": [
					{"origin": [3, 93.5, 13.5], "size": [1, 3, 2], "uv": [127, 8]},
					{"origin": [3, 94.5, 15.5], "size": [1, 1, 2], "uv": [127, 8]},
					{"origin": [3, 99.5, 15.5], "size": [1, 1, 2], "uv": [127, 8]},
					{"origin": [3, 98.5, 13.5], "size": [1, 3, 2], "uv": [127, 8]},
					{"origin": [2, 94.5, 12.5], "size": [3, 1, 2], "uv": [127, 8]},
					{"origin": [2, 92.5, 10.5], "size": [3, 3, 2], "uv": [127, 8]},
					{"origin": [2, 99.5, 12.5], "size": [3, 1, 2], "uv": [127, 8]},
					{"origin": [2, 98.5, 10.5], "size": [3, 3, 2], "uv": [127, 8]}
				]
			},
			{
				"name": "bq16",
				"parent": "body2",
				"pivot": [0, 96, 13],
				"rotation": [5, -5, 5],
				"cubes": [
					{"origin": [-4, 93.5, 13.5], "size": [1, 3, 2], "uv": [142, 6], "mirror": true},
					{"origin": [-4, 94.5, 15.5], "size": [1, 1, 2], "uv": [142, 6], "mirror": true},
					{"origin": [-4, 99.5, 15.5], "size": [1, 1, 2], "uv": [142, 6], "mirror": true},
					{"origin": [-4, 98.5, 13.5], "size": [1, 3, 2], "uv": [142, 6], "mirror": true},
					{"origin": [-5, 94.5, 12.5], "size": [3, 1, 2], "uv": [142, 6], "mirror": true},
					{"origin": [-5, 92.5, 10.5], "size": [3, 3, 2], "uv": [142, 6], "mirror": true},
					{"origin": [-5, 99.5, 12.5], "size": [3, 1, 2], "uv": [142, 6], "mirror": true},
					{"origin": [-5, 98.5, 10.5], "size": [3, 3, 2], "uv": [142, 6], "mirror": true}
				]
			},
			{
				"name": "body2",
				"parent": "body1",
				"pivot": [0, 93, 14],
				"rotation": [25, 0, 0],
				"cubes": [
					{"origin": [-7, 92.5, -1.5], "size": [14, 5, 15], "uv": [170, 41]},
					{"origin": [-6, 97.5, -1.5], "size": [12, 5, 15], "uv": [170, 41]},
					{"origin": [-4, 97.5, -1.75], "size": [8, 5, 1], "uv": [170, 41]}
				]
			},
			{
				"name": "bq13",
				"parent": "body1",
				"pivot": [0, 79, 15],
				"rotation": [0, -15, 5],
				"cubes": [
					{"origin": [-7, 83, 13], "size": [3, 6, 2], "uv": [142, 5]},
					{"origin": [-6, 82, 13], "size": [1, 8, 2], "uv": [142, 5]},
					{"origin": [-6, 83, 15], "size": [1, 6, 4], "uv": [142, 5]},
					{"origin": [-6, 85, 19], "size": [1, 2, 4], "uv": [142, 5]},
					{"origin": [-7, 85, 15], "size": [3, 2, 4], "uv": [142, 5]}
				]
			},
			{
				"name": "bq14",
				"parent": "body1",
				"pivot": [0, 79, 15],
				"rotation": [0, 15, -5],
				"cubes": [
					{"origin": [4, 83, 13], "size": [3, 6, 2], "uv": [130, 5], "mirror": true},
					{"origin": [5, 82, 13], "size": [1, 8, 2], "uv": [130, 5], "mirror": true},
					{"origin": [5, 83, 15], "size": [1, 6, 4], "uv": [130, 5], "mirror": true},
					{"origin": [5, 85, 19], "size": [1, 2, 4], "uv": [130, 5], "mirror": true},
					{"origin": [4, 85, 15], "size": [3, 2, 4], "uv": [130, 5], "mirror": true}
				]
			},
			{
				"name": "body1",
				"parent": "body",
				"pivot": [0, 79, 15],
				"rotation": [30, 0, 0],
				"cubes": [
					{"origin": [-8, 86, -4], "size": [16, 7, 18], "uv": [170, 41]},
					{"origin": [-9, 79, -4], "size": [18, 7, 18], "uv": [170, 41]},
					{"origin": [-0.5, 82, 14], "size": [1, 8, 2], "uv": [170, 41]},
					{"origin": [-0.5, 83, 16], "size": [1, 6, 4], "uv": [170, 41]},
					{"origin": [-0.5, 85, 20], "size": [1, 2, 4], "uv": [170, 41]},
					{"origin": [-1.5, 85, 16], "size": [3, 2, 4], "uv": [170, 41]},
					{"origin": [-1.5, 83, 14], "size": [3, 6, 2], "uv": [170, 41]},
					{"origin": [-6, 86, -4.5], "size": [12, 7, 1], "uv": [170, 41]}
				]
			},
			{
				"name": "tail6",
				"parent": "tail5",
				"pivot": [0, -101, 8],
				"rotation": [15, 0, 0],
				"cubes": [
					{"origin": [-1, -115.42642, 4.18085], "size": [2, 16, 2], "uv": [106, 0], "inflate": 1},
					{"origin": [-0.5, -105, 6.75], "size": [1, 2, 1], "uv": [106, 0]},
					{"origin": [-0.5, -111, 7], "size": [1, 1, 1], "uv": [106, 0]},
					{"origin": [-0.5, -108, 7], "size": [1, 1, 1], "uv": [106, 0]},
					{"origin": [-0.5, -114, 6.75], "size": [1, 1, 1], "uv": [106, 0]},
					{"origin": [-0.5, -104, 7.75], "size": [1, 1, 1], "uv": [106, 0]}
				]
			},
			{
				"name": "tail5",
				"parent": "tail4",
				"pivot": [0, -82, 8],
				"rotation": [15, 0, 0],
				"cubes": [
					{"origin": [-2, -100.65798, 3.06031], "size": [4, 20, 4], "uv": [170, 41], "inflate": 1},
					{"origin": [-0.5, -86, 8], "size": [1, 3, 1], "uv": [170, 41]},
					{"origin": [-0.5, -85, 9], "size": [1, 1, 1], "uv": [170, 41]},
					{"origin": [-0.5, -91, 8], "size": [1, 3, 1], "uv": [170, 41]},
					{"origin": [-0.5, -90, 9], "size": [1, 1, 1], "uv": [170, 41]},
					{"origin": [-0.5, -95, 8], "size": [1, 2, 1], "uv": [170, 41]},
					{"origin": [-0.5, -94, 9], "size": [1, 1, 1], "uv": [170, 41]},
					{"origin": [-0.5, -100, 8], "size": [1, 2, 1], "uv": [170, 41]},
					{"origin": [-0.5, -99, 9], "size": [1, 1, 1], "uv": [170, 41]}
				]
			},
			{
				"name": "tail4",
				"parent": "tail3",
				"pivot": [0, -61, 10],
				"rotation": [5, 0, 0],
				"cubes": [
					{"origin": [-3, -81.91284, 2.00381], "size": [6, 24, 6], "uv": [170, 41], "inflate": 1},
					{"origin": [-0.5, -66, 9], "size": [1, 3, 3], "uv": [126, 1]},
					{"origin": [-0.5, -65, 11], "size": [1, 1, 2], "uv": [139, 6]},
					{"origin": [-0.5, -72, 9], "size": [1, 3, 3], "uv": [122, 0]},
					{"origin": [-0.5, -71, 11], "size": [1, 1, 2], "uv": [137, 4]},
					{"origin": [-0.5, -78, 9], "size": [1, 3, 3], "uv": [128, 2]},
					{"origin": [-0.5, -77, 11], "size": [1, 1, 2], "uv": [137, 5]}
				]
			},
			{
				"name": "bq11",
				"parent": "tail3",
				"pivot": [0, -42, 12],
				"rotation": [-5, 5, 2],
				"cubes": [
					{"origin": [2, -46, 11], "size": [1, 5, 2], "uv": [108, 0]},
					{"origin": [2, -45, 12], "size": [1, 3, 4], "uv": [108, 0]},
					{"origin": [2, -44, 15], "size": [1, 1, 2], "uv": [108, 0]},
					{"origin": [1.5, -45, 10], "size": [2, 3, 3], "uv": [108, 0]},
					{"origin": [1.5, -44, 12], "size": [2, 1, 3], "uv": [108, 0]},
					{"origin": [2, -52.5, 11.25], "size": [1, 3, 4], "uv": [108, 0]},
					{"origin": [2, -51.5, 14.25], "size": [1, 1, 2], "uv": [108, 0]},
					{"origin": [1.5, -51.5, 11.25], "size": [2, 1, 3], "uv": [108, 0]},
					{"origin": [1.5, -52.5, 9.25], "size": [2, 3, 3], "uv": [108, 0]},
					{"origin": [2, -60, 10.5], "size": [1, 3, 4], "uv": [108, 0]},
					{"origin": [2, -59, 13.5], "size": [1, 1, 2], "uv": [108, 0]},
					{"origin": [1.5, -59, 10.5], "size": [2, 1, 3], "uv": [108, 0]},
					{"origin": [1.5, -60, 8], "size": [2, 3, 3], "uv": [108, 0]},
					{"origin": [2, -61, 9], "size": [1, 5, 2], "uv": [108, 0]}
				]
			},
			{
				"name": "bq12",
				"parent": "tail3",
				"pivot": [0, -42, 12],
				"rotation": [-5, -5, -2],
				"cubes": [
					{"origin": [-3, -46, 11], "size": [1, 5, 2], "uv": [135, 0], "mirror": true},
					{"origin": [-3, -45, 12], "size": [1, 3, 4], "uv": [135, 0], "mirror": true},
					{"origin": [-3, -44, 15], "size": [1, 1, 2], "uv": [135, 0], "mirror": true},
					{"origin": [-3.5, -45, 10], "size": [2, 3, 3], "uv": [135, 0], "mirror": true},
					{"origin": [-3.5, -44, 12], "size": [2, 1, 3], "uv": [135, 0], "mirror": true},
					{"origin": [-3, -52.5, 11.25], "size": [1, 3, 4], "uv": [135, 0], "mirror": true},
					{"origin": [-3, -51.5, 14.25], "size": [1, 1, 2], "uv": [135, 0], "mirror": true},
					{"origin": [-3.5, -51.5, 11.25], "size": [2, 1, 3], "uv": [135, 0], "mirror": true},
					{"origin": [-3.5, -52.5, 9.25], "size": [2, 3, 3], "uv": [135, 0], "mirror": true},
					{"origin": [-3, -60, 10.5], "size": [1, 3, 4], "uv": [135, 0], "mirror": true},
					{"origin": [-3, -59, 13.5], "size": [1, 1, 2], "uv": [135, 0], "mirror": true},
					{"origin": [-3.5, -59, 10.5], "size": [2, 1, 3], "uv": [135, 0], "mirror": true},
					{"origin": [-3.5, -60, 8], "size": [2, 3, 3], "uv": [135, 0], "mirror": true},
					{"origin": [-3, -61, 9], "size": [1, 5, 2], "uv": [135, 0], "mirror": true}
				]
			},
			{
				"name": "tail3",
				"parent": "tail2",
				"pivot": [0, -42, 10],
				"rotation": [5, 0, 0],
				"cubes": [
					{"origin": [-4, -61, 1], "size": [8, 22, 8], "uv": [170, 41], "inflate": 1}
				]
			},
			{
				"name": "bq9",
				"parent": "tail2",
				"pivot": [0, -18, 12],
				"rotation": [0, 5, 2.5],
				"cubes": [
					{"origin": [3, -25, 12], "size": [1, 5, 2], "uv": [136, 4]},
					{"origin": [3, -24, 13], "size": [1, 3, 4], "uv": [136, 4]},
					{"origin": [3, -23, 16], "size": [1, 1, 2], "uv": [136, 4]},
					{"origin": [2.5, -24, 11], "size": [2, 3, 3], "uv": [136, 4]},
					{"origin": [2.5, -23, 13], "size": [2, 1, 3], "uv": [136, 4]},
					{"origin": [3, -31.5, 12.25], "size": [1, 3, 4], "uv": [136, 4]},
					{"origin": [3, -30.5, 15.25], "size": [1, 1, 2], "uv": [136, 4]},
					{"origin": [2.5, -30.5, 12.25], "size": [2, 1, 3], "uv": [136, 4]},
					{"origin": [2.5, -31.5, 10.25], "size": [2, 3, 3], "uv": [136, 4]},
					{"origin": [3, -39, 11.5], "size": [1, 3, 4], "uv": [136, 4]},
					{"origin": [3, -38, 14.5], "size": [1, 1, 2], "uv": [136, 4]},
					{"origin": [2.5, -38, 11.5], "size": [2, 1, 3], "uv": [136, 4]},
					{"origin": [2.5, -39, 9], "size": [2, 3, 3], "uv": [136, 4]},
					{"origin": [3, -40, 10], "size": [1, 5, 2], "uv": [136, 4]}
				]
			},
			{
				"name": "bq10",
				"parent": "tail2",
				"pivot": [0, -18, 12],
				"rotation": [0, -5, -2.5],
				"cubes": [
					{"origin": [-4, -25, 12], "size": [1, 5, 2], "uv": [120, 5], "mirror": true},
					{"origin": [-4, -24, 13], "size": [1, 3, 4], "uv": [120, 5], "mirror": true},
					{"origin": [-4, -23, 16], "size": [1, 1, 2], "uv": [120, 5], "mirror": true},
					{"origin": [-4.5, -24, 11], "size": [2, 3, 3], "uv": [120, 5], "mirror": true},
					{"origin": [-4.5, -23, 13], "size": [2, 1, 3], "uv": [120, 5], "mirror": true},
					{"origin": [-4, -31.5, 12.25], "size": [1, 3, 4], "uv": [120, 5], "mirror": true},
					{"origin": [-4, -30.5, 15.25], "size": [1, 1, 2], "uv": [120, 5], "mirror": true},
					{"origin": [-4.5, -30.5, 12.25], "size": [2, 1, 3], "uv": [120, 5], "mirror": true},
					{"origin": [-4.5, -31.5, 10.25], "size": [2, 3, 3], "uv": [120, 5], "mirror": true},
					{"origin": [-4, -39, 11.5], "size": [1, 3, 4], "uv": [120, 5], "mirror": true},
					{"origin": [-4, -38, 14.5], "size": [1, 1, 2], "uv": [120, 5], "mirror": true},
					{"origin": [-4.5, -38, 11.5], "size": [2, 1, 3], "uv": [120, 5], "mirror": true},
					{"origin": [-4.5, -39, 9], "size": [2, 3, 3], "uv": [120, 5], "mirror": true},
					{"origin": [-4, -40, 10], "size": [1, 5, 2], "uv": [120, 5], "mirror": true}
				]
			},
			{
				"name": "tail2",
				"parent": "tail1",
				"pivot": [0, -18, 12],
				"rotation": [10, 0, 0],
				"cubes": [
					{"origin": [-5, -42.08716, 0.00381], "size": [10, 28, 11], "uv": [170, 41], "inflate": 1}
				]
			},
			{
				"name": "bq6",
				"parent": "tail1",
				"pivot": [0, 0, 15],
				"cubes": [
					{"origin": [-0.5, -7, 13], "size": [1, 9, 3], "uv": [123, 0]},
					{"origin": [-0.5, -5, 16], "size": [1, 5, 4], "uv": [123, 0]},
					{"origin": [-0.5, -3.5, 19], "size": [1, 2, 3], "uv": [123, 0]},
					{"origin": [-1.5, -5, 12], "size": [3, 5, 5], "uv": [123, 0]},
					{"origin": [-1.5, -3.5, 16], "size": [3, 2, 4], "uv": [123, 0]},
					{"origin": [-1.5, -14.5, 15], "size": [3, 2, 4], "uv": [123, 0]},
					{"origin": [-1.5, -16, 11], "size": [3, 5, 5], "uv": [123, 0]},
					{"origin": [-0.5, -14.5, 18], "size": [1, 2, 3], "uv": [123, 0]},
					{"origin": [-0.5, -16, 15], "size": [1, 5, 4], "uv": [123, 0]}
				]
			},
			{
				"name": "bq7",
				"parent": "tail1",
				"pivot": [0, 0, -1],
				"rotation": [-5, 15, 2.5],
				"cubes": [
					{"origin": [-0.5, -7, 12], "size": [1, 9, 3], "uv": [128, 2]},
					{"origin": [-0.5, -5, 15], "size": [1, 5, 4], "uv": [128, 2]},
					{"origin": [-0.5, -3.5, 18], "size": [1, 2, 3], "uv": [128, 2]},
					{"origin": [-1.5, -5, 11], "size": [3, 5, 5], "uv": [128, 2]},
					{"origin": [-1.5, -3.5, 15], "size": [3, 2, 4], "uv": [128, 2]},
					{"origin": [-1.5, -14.5, 14], "size": [3, 2, 4], "uv": [128, 2]},
					{"origin": [-1.5, -16, 9], "size": [3, 5, 5], "uv": [128, 2]},
					{"origin": [-0.5, -14.5, 17], "size": [1, 2, 3], "uv": [128, 2]},
					{"origin": [-0.5, -16, 14], "size": [1, 5, 4], "uv": [128, 2]}
				]
			},
			{
				"name": "bq8",
				"parent": "tail1",
				"pivot": [0, 0, -1],
				"rotation": [-5, -15, -2.5],
				"cubes": [
					{"origin": [-0.5, -7, 12], "size": [1, 9, 3], "uv": [136, 5]},
					{"origin": [-0.5, -5, 15], "size": [1, 5, 4], "uv": [136, 5]},
					{"origin": [-0.5, -3.5, 18], "size": [1, 2, 3], "uv": [136, 5]},
					{"origin": [-1.5, -5, 11], "size": [3, 5, 5], "uv": [136, 5]},
					{"origin": [-1.5, -3.5, 15], "size": [3, 2, 4], "uv": [136, 5]},
					{"origin": [-1.5, -14.5, 14], "size": [3, 2, 4], "uv": [136, 5]},
					{"origin": [-1.5, -16, 9], "size": [3, 5, 5], "uv": [136, 5]},
					{"origin": [-0.5, -14.5, 17], "size": [1, 2, 3], "uv": [136, 5]},
					{"origin": [-0.5, -16, 14], "size": [1, 5, 4], "uv": [136, 5]}
				]
			},
			{
				"name": "tail1",
				"parent": "tail7",
				"pivot": [0, 0, 15],
				"rotation": [35, 0, 0],
				"cubes": [
					{"origin": [-7, -18, -1], "size": [14, 30, 14], "uv": [170, 41], "inflate": 1}
				]
			},
			{
				"name": "bq3",
				"parent": "tail7",
				"pivot": [0, 33, 0],
				"cubes": [
					{"origin": [-0.5, 16, 15], "size": [1, 10, 3], "uv": [134, 0]},
					{"origin": [-0.5, 18, 17], "size": [1, 6, 7], "uv": [134, 0]},
					{"origin": [-0.5, 20, 23], "size": [1, 2, 5], "uv": [134, 0]},
					{"origin": [-1.5, 18, 13], "size": [3, 6, 7], "uv": [134, 0]},
					{"origin": [-1.5, 20, 19], "size": [3, 2, 5], "uv": [134, 0]},
					{"origin": [-1.5, 6, 11], "size": [3, 6, 7], "uv": [134, 0]},
					{"origin": [-1.5, 8, 17], "size": [3, 2, 5], "uv": [134, 0]},
					{"origin": [-0.5, 6, 15], "size": [1, 6, 7], "uv": [134, 0]},
					{"origin": [-0.5, 8, 21], "size": [1, 2, 5], "uv": [134, 0]}
				]
			},
			{
				"name": "bq4",
				"parent": "tail7",
				"pivot": [0, 33, 0],
				"rotation": [-5, -20, 0],
				"cubes": [
					{"origin": [-0.5, 16, 15], "size": [1, 10, 3], "uv": [125, 5]},
					{"origin": [-0.5, 18, 17], "size": [1, 6, 7], "uv": [125, 5]},
					{"origin": [-0.5, 20, 23], "size": [1, 2, 5], "uv": [125, 5]},
					{"origin": [-1.5, 18, 13], "size": [3, 6, 7], "uv": [125, 5]},
					{"origin": [-1.5, 20, 19], "size": [3, 2, 5], "uv": [125, 5]},
					{"origin": [-1.5, 6, 11], "size": [3, 6, 7], "uv": [125, 5]},
					{"origin": [-1.5, 8, 17], "size": [3, 2, 5], "uv": [125, 5]},
					{"origin": [-0.5, 6, 15], "size": [1, 6, 7], "uv": [125, 5]},
					{"origin": [-0.5, 8, 21], "size": [1, 2, 5], "uv": [125, 5]}
				]
			},
			{
				"name": "bq5",
				"parent": "tail7",
				"pivot": [0, 33, 0],
				"rotation": [-5, 20, 0],
				"cubes": [
					{"origin": [-0.5, 16, 14], "size": [1, 10, 3], "uv": [157, 1]},
					{"origin": [-0.5, 18, 16], "size": [1, 6, 7], "uv": [157, 1]},
					{"origin": [-0.5, 20, 22], "size": [1, 2, 5], "uv": [157, 1]},
					{"origin": [-1.5, 18, 12], "size": [3, 6, 7], "uv": [157, 1]},
					{"origin": [-1.5, 20, 18], "size": [3, 2, 5], "uv": [157, 1]},
					{"origin": [-1.5, 6, 10], "size": [3, 6, 7], "uv": [157, 1]},
					{"origin": [-1.5, 8, 16], "size": [3, 2, 5], "uv": [157, 1]},
					{"origin": [-0.5, 6, 14], "size": [1, 6, 7], "uv": [157, 1]},
					{"origin": [-0.5, 8, 20], "size": [1, 2, 5], "uv": [157, 1]}
				]
			},
			{
				"name": "tail7",
				"parent": "body",
				"pivot": [0, 33, 0],
				"rotation": [35, 0, 0],
				"cubes": [
					{"origin": [-9, 0, -7], "size": [18, 32, 22], "uv": [170, 41]}
				]
			},
			{
				"name": "bq0",
				"parent": "body",
				"pivot": [0, 33, 0],
				"cubes": [
					{"origin": [-1, 53, 17], "size": [2, 14, 3], "uv": [127, 1]},
					{"origin": [-1, 55, 20], "size": [2, 10, 8], "uv": [127, 1]},
					{"origin": [-1, 57, 28], "size": [2, 6, 6], "uv": [127, 1]},
					{"origin": [-1, 59, 34], "size": [2, 3, 5], "uv": [127, 1]},
					{"origin": [-2, 55, 18], "size": [4, 10, 2], "uv": [127, 1]},
					{"origin": [-2, 57, 20], "size": [4, 6, 8], "uv": [127, 1]},
					{"origin": [-2, 61, 28], "size": [4, 2, 6], "uv": [127, 1]},
					{"origin": [-2, 72, 20], "size": [4, 2, 6], "uv": [127, 1]},
					{"origin": [-1, 72, 26], "size": [2, 3, 5], "uv": [127, 1]},
					{"origin": [-1, 70, 20], "size": [2, 6, 6], "uv": [127, 1]},
					{"origin": [-1, 68, 12], "size": [2, 10, 8], "uv": [127, 1]},
					{"origin": [-2, 70, 12], "size": [4, 6, 8], "uv": [127, 1]},
					{"origin": [-2, 45, 19], "size": [4, 2, 6], "uv": [127, 1]},
					{"origin": [-1, 45, 25], "size": [2, 3, 5], "uv": [127, 1]},
					{"origin": [-1, 43, 19], "size": [2, 6, 6], "uv": [127, 1]},
					{"origin": [-1, 41, 11], "size": [2, 10, 8], "uv": [127, 1]},
					{"origin": [-2, 43, 11], "size": [4, 6, 8], "uv": [127, 1]},
					{"origin": [-2, 33, 17], "size": [4, 2, 6], "uv": [127, 1]},
					{"origin": [-1, 31, 17], "size": [2, 6, 6], "uv": [127, 1]},
					{"origin": [-1, 33, 23], "size": [2, 3, 5], "uv": [127, 1]},
					{"origin": [-1, 29, 9], "size": [2, 10, 8], "uv": [127, 1]},
					{"origin": [-2, 31, 9], "size": [4, 6, 8], "uv": [127, 1]}
				]
			},
			{
				"name": "bq1",
				"parent": "body",
				"pivot": [0, 33, 0],
				"rotation": [0, 20, 0],
				"cubes": [
					{"origin": [-1, 53, 10], "size": [2, 14, 3], "uv": [131, 0]},
					{"origin": [-1, 55, 13], "size": [2, 10, 8], "uv": [131, 0]},
					{"origin": [-1, 57, 21], "size": [2, 6, 6], "uv": [131, 0]},
					{"origin": [-1, 59, 27], "size": [2, 3, 5], "uv": [131, 0]},
					{"origin": [-2, 55, 11], "size": [4, 10, 2], "uv": [131, 0]},
					{"origin": [-2, 57, 13], "size": [4, 6, 8], "uv": [131, 0]},
					{"origin": [-2, 61, 21], "size": [4, 2, 6], "uv": [131, 0]},
					{"origin": [-2, 72, 13], "size": [4, 2, 6], "uv": [131, 0]},
					{"origin": [-1, 72, 19], "size": [2, 3, 5], "uv": [131, 0]},
					{"origin": [-1, 70, 13], "size": [2, 6, 6], "uv": [131, 0]},
					{"origin": [-1, 68, 7], "size": [2, 10, 8], "uv": [131, 0]},
					{"origin": [-2, 70, 7], "size": [4, 6, 8], "uv": [131, 0]},
					{"origin": [-2, 45, 12], "size": [4, 2, 6], "uv": [131, 0]},
					{"origin": [-1, 45, 18], "size": [2, 3, 5], "uv": [131, 0]},
					{"origin": [-1, 43, 12], "size": [2, 6, 6], "uv": [131, 0]},
					{"origin": [-1, 41, 4], "size": [2, 10, 8], "uv": [131, 0]},
					{"origin": [-2, 43, 4], "size": [4, 6, 8], "uv": [131, 0]},
					{"origin": [-1, 34, 17.25], "size": [2, 3, 5], "uv": [131, 0]},
					{"origin": [-1, 32, 11.25], "size": [2, 6, 6], "uv": [131, 0]},
					{"origin": [-2, 34, 11.25], "size": [4, 2, 6], "uv": [131, 0]}
				]
			},
			{
				"name": "bq2",
				"parent": "body",
				"pivot": [0, 33, 0],
				"rotation": [0, -20, 0],
				"cubes": [
					{"origin": [-1, 53, 13], "size": [2, 14, 3], "uv": [147, 0]},
					{"origin": [-1, 55, 16], "size": [2, 10, 8], "uv": [147, 0]},
					{"origin": [-1, 57, 24], "size": [2, 6, 6], "uv": [147, 0]},
					{"origin": [-1, 59, 30], "size": [2, 3, 5], "uv": [147, 0]},
					{"origin": [-2, 55, 14], "size": [4, 10, 2], "uv": [147, 0]},
					{"origin": [-2, 57, 16], "size": [4, 6, 8], "uv": [147, 0]},
					{"origin": [-2, 61, 24], "size": [4, 2, 6], "uv": [147, 0]},
					{"origin": [-2, 72, 16], "size": [4, 2, 6], "uv": [147, 0]},
					{"origin": [-1, 72, 22], "size": [2, 3, 5], "uv": [147, 0]},
					{"origin": [-1, 70, 16], "size": [2, 6, 6], "uv": [147, 0]},
					{"origin": [-1, 68, 8], "size": [2, 10, 8], "uv": [147, 0]},
					{"origin": [-2, 70, 8], "size": [4, 6, 8], "uv": [147, 0]},
					{"origin": [-2, 45, 15], "size": [4, 2, 6], "uv": [147, 0]},
					{"origin": [-1, 45, 21], "size": [2, 3, 5], "uv": [147, 0]},
					{"origin": [-1, 43, 15], "size": [2, 6, 6], "uv": [147, 0]},
					{"origin": [-1, 41, 7], "size": [2, 10, 8], "uv": [147, 0]},
					{"origin": [-2, 43, 7], "size": [4, 6, 8], "uv": [147, 0]},
					{"origin": [-2, 34, 11], "size": [4, 2, 6], "uv": [147, 0]},
					{"origin": [-1, 32, 11], "size": [2, 6, 6], "uv": [147, 0]},
					{"origin": [-1, 34, 17], "size": [2, 3, 5], "uv": [147, 0]}
				]
			},
			{
				"name": "fj00",
				"parent": "fj0",
				"pivot": [0, 34, 1],
				"rotation": [0, 0, -5],
				"cubes": [
					{"origin": [-4.04336, 59.00379, -11.06216], "size": [6, 4, 3], "uv": [170, 41]},
					{"origin": [1.95664, 61.00379, -11.06216], "size": [1, 2, 3], "uv": [170, 41]}
				]
			},
			{
				"name": "fj0",
				"parent": "body",
				"pivot": [0, 34, 1],
				"rotation": [0, 15, 0],
				"cubes": [
					{"origin": [-7.04923, 73.13073, -11.06216], "size": [8, 5, 3], "uv": [170, 41]},
					{"origin": [-7.04923, 68.13073, -11.06216], "size": [8, 4, 3], "uv": [170, 41]},
					{"origin": [0.95077, 74.13073, -11.06216], "size": [1, 4, 3], "uv": [170, 41]},
					{"origin": [0.95077, 69.13073, -11.06216], "size": [1, 3, 3], "uv": [170, 41]},
					{"origin": [0.95077, 65.13073, -11.06216], "size": [1, 2, 3], "uv": [170, 41]},
					{"origin": [-7.04923, 64.13073, -11.06216], "size": [8, 3, 3], "uv": [170, 41]}
				]
			},
			{
				"name": "fj01",
				"parent": "fj1",
				"pivot": [0, 34, 1],
				"rotation": [0, 0, 5],
				"cubes": [
					{"origin": [-1.95664, 59.00379, -11.06216], "size": [6, 4, 3], "uv": [170, 41], "mirror": true},
					{"origin": [-2.95664, 61.00379, -11.06216], "size": [1, 2, 3], "uv": [170, 41], "mirror": true}
				]
			},
			{
				"name": "fj1",
				"parent": "body",
				"pivot": [0, 34, 1],
				"rotation": [0, -15, 0],
				"cubes": [
					{"origin": [-0.95077, 73.13073, -11.06216], "size": [8, 5, 3], "uv": [170, 41], "mirror": true},
					{"origin": [-0.95077, 68.13073, -11.06216], "size": [8, 4, 3], "uv": [170, 41], "mirror": true},
					{"origin": [-1.95077, 74.13073, -11.06216], "size": [1, 4, 3], "uv": [170, 41], "mirror": true},
					{"origin": [-1.95077, 69.13073, -11.06216], "size": [1, 3, 3], "uv": [170, 41], "mirror": true},
					{"origin": [-1.95077, 65.13073, -11.06216], "size": [1, 2, 3], "uv": [170, 41], "mirror": true},
					{"origin": [-0.95077, 64.13073, -11.06216], "size": [8, 3, 3], "uv": [170, 41], "mirror": true}
				]
			},
			{
				"name": "right_arm4",
				"parent": "right_arm3",
				"pivot": [-13, 50, -6],
				"rotation": [0, 0, 60],
				"cubes": [
					{"origin": [-11.41081, 45.56868, -4.76374], "size": [2, 3, 2], "uv": [170, 41]},
					{"origin": [-10.91081, 44.56868, -4.26374], "size": [1, 1, 1], "uv": [170, 41]}
				]
			},
			{
				"name": "right_arm3",
				"parent": "right_arm2",
				"pivot": [-15, 55, -4],
				"rotation": [-15, 15, -25],
				"cubes": [
					{"origin": [-14.66147, 46.30101, -4.76374], "size": [2, 4, 2], "uv": [170, 41]}
				]
			},
			{
				"name": "right_arm6",
				"parent": "right_arm5",
				"pivot": [-17, 49, -3],
				"rotation": [0, 0, -40],
				"cubes": [
					{"origin": [-16.17973, 41.1937, -3.89545], "size": [2, 4, 2], "uv": [170, 41]},
					{"origin": [-16.17973, 42.1937, -1.39545], "size": [2, 3, 2], "uv": [170, 41]},
					{"origin": [-15.67973, 42.6937, 1.10455], "size": [2, 3, 2], "uv": [170, 41]},
					{"origin": [-15.17973, 41.6937, 1.60455], "size": [1, 1, 1], "uv": [170, 41]},
					{"origin": [-15.67973, 41.1937, -0.89545], "size": [1, 1, 1], "uv": [170, 41]},
					{"origin": [-15.67973, 40.1937, -3.39545], "size": [1, 1, 1], "uv": [170, 41]}
				]
			},
			{
				"name": "right_arm5",
				"parent": "right_arm2",
				"pivot": [-14, 64, 1],
				"rotation": [-10, 0, 15],
				"cubes": [
					{"origin": [-13.89732, 46.34856, -3.89545], "size": [2, 4, 2], "uv": [170, 41]},
					{"origin": [-13.89732, 47.34856, 1.10455], "size": [2, 3, 2], "uv": [170, 41]},
					{"origin": [-13.89732, 46.34856, -1.39545], "size": [2, 4, 2], "uv": [170, 41]}
				]
			},
			{
				"name": "left_arm8",
				"parent": "right_arm7",
				"pivot": [-17, 49, -3],
				"rotation": [0, 0, -40]
			},
			{
				"name": "right_arm7",
				"parent": "right_arm2",
				"pivot": [-14, 56, 1],
				"rotation": [-10, 0, 15]
			},
			{
				"name": "right_arm2",
				"parent": "right_arm",
				"pivot": [-14, 64, 1],
				"rotation": [-25, 0, 0],
				"cubes": [
					{"origin": [-18, 48.69221, -5.90467], "size": [8, 18, 7], "uv": [170, 41], "inflate": -1},
					{"origin": [-17, 49.69221, -6.90467], "size": [6, 18, 9], "uv": [170, 41], "inflate": -1}
				]
			},
			{
				"name": "right_arm",
				"parent": "body",
				"pivot": [-14, 72, -3],
				"rotation": [-10, 0, 15],
				"cubes": [
					{"origin": [-19, 63, -9], "size": [10, 16, 12], "uv": [170, 41], "inflate": -1}
				]
			},
			{
				"name": "left_arm4",
				"parent": "left_arm3",
				"pivot": [13, 50, -6],
				"rotation": [0, 0, -60],
				"cubes": [
					{"origin": [9.41081, 45.56868, -4.76374], "size": [2, 3, 2], "uv": [170, 41], "mirror": true},
					{"origin": [9.91081, 44.56868, -4.26374], "size": [1, 1, 1], "uv": [170, 41], "mirror": true}
				]
			},
			{
				"name": "left_arm3",
				"parent": "left_arm2",
				"pivot": [15, 55, -4],
				"rotation": [-15, -15, 25],
				"cubes": [
					{"origin": [12.66147, 46.30101, -4.76374], "size": [2, 4, 2], "uv": [170, 41], "mirror": true}
				]
			},
			{
				"name": "left_arm6",
				"parent": "left_arm5",
				"pivot": [17, 49, -3],
				"rotation": [0, 0, 40],
				"cubes": [
					{"origin": [14.17973, 41.1937, -3.89545], "size": [2, 4, 2], "uv": [170, 41], "mirror": true},
					{"origin": [14.17973, 42.1937, -1.39545], "size": [2, 3, 2], "uv": [170, 41], "mirror": true},
					{"origin": [13.67973, 42.6937, 1.10455], "size": [2, 3, 2], "uv": [170, 41], "mirror": true},
					{"origin": [14.17973, 41.6937, 1.60455], "size": [1, 1, 1], "uv": [170, 41], "mirror": true},
					{"origin": [14.67973, 41.1937, -0.89545], "size": [1, 1, 1], "uv": [170, 41], "mirror": true},
					{"origin": [14.67973, 40.1937, -3.39545], "size": [1, 1, 1], "uv": [170, 41], "mirror": true}
				]
			},
			{
				"name": "left_arm5",
				"parent": "left_arm2",
				"pivot": [14, 64, 1],
				"rotation": [-10, 0, -15],
				"cubes": [
					{"origin": [11.89732, 46.34856, -3.89545], "size": [2, 4, 2], "uv": [170, 41], "mirror": true},
					{"origin": [11.89732, 47.34856, 1.10455], "size": [2, 3, 2], "uv": [170, 41], "mirror": true},
					{"origin": [11.89732, 46.34856, -1.39545], "size": [2, 4, 2], "uv": [170, 41], "mirror": true}
				]
			},
			{
				"name": "left_arm8",
				"parent": "left_arm7",
				"pivot": [17, 49, -3],
				"rotation": [0, 0, 40]
			},
			{
				"name": "left_arm7",
				"parent": "left_arm2",
				"pivot": [14, 56, 1],
				"rotation": [-10, 0, -15]
			},
			{
				"name": "left_arm2",
				"parent": "left_arm",
				"pivot": [14, 64, 1],
				"rotation": [-25, 0, 0],
				"cubes": [
					{"origin": [10, 48.69221, -5.90467], "size": [8, 18, 7], "uv": [170, 41], "inflate": -1, "mirror": true},
					{"origin": [11, 49.69221, -6.90467], "size": [6, 18, 9], "uv": [170, 41], "inflate": -1, "mirror": true}
				]
			},
			{
				"name": "left_arm",
				"parent": "body",
				"pivot": [14, 72, -3],
				"rotation": [-10, 0, -15],
				"cubes": [
					{"origin": [9, 63, -9], "size": [10, 16, 12], "uv": [170, 41], "inflate": -1, "mirror": true}
				]
			},
			{
				"name": "jz01",
				"parent": "feet0",
				"pivot": [13, 0, 5],
				"rotation": [0, 10, 0],
				"cubes": [
					{"origin": [5.75, -5, -7], "size": [2, 3, 1], "uv": [170, 41], "mirror": true},
					{"origin": [4.75, -5, -4], "size": [4, 4, 14], "uv": [170, 41], "mirror": true},
					{"origin": [5.25, -4.5, -6], "size": [3, 3, 2], "uv": [170, 41], "mirror": true}
				]
			},
			{
				"name": "jz02",
				"parent": "feet0",
				"pivot": [13, 0, 5],
				"rotation": [0, -10, 0],
				"cubes": [
					{"origin": [13.75, -5, -4], "size": [4, 4, 7], "uv": [170, 41], "mirror": true},
					{"origin": [16.75, -5, 3], "size": [3, 3, 9], "uv": [170, 41], "mirror": true},
					{"origin": [17.5, -4.5, 1], "size": [2, 2, 2], "uv": [170, 41], "mirror": true},
					{"origin": [18, -5, 0], "size": [1, 2, 1], "uv": [170, 41], "mirror": true},
					{"origin": [14.25, -4.5, -6], "size": [3, 3, 2], "uv": [170, 41], "mirror": true},
					{"origin": [14.75, -5, -7], "size": [2, 3, 1], "uv": [170, 41], "mirror": true}
				]
			},
			{
				"name": "feet0",
				"parent": "low_leg0",
				"pivot": [13, 2, 5],
				"rotation": [-15, 0, 5],
				"cubes": [
					{"origin": [6, -5, -1], "size": [12, 6, 14], "uv": [170, 41], "inflate": 0.2, "mirror": true},
					{"origin": [8.75, -5, -5], "size": [5, 5, 4], "uv": [170, 41], "mirror": true},
					{"origin": [9.25, -4.5, -7], "size": [4, 4, 2], "uv": [170, 41], "mirror": true},
					{"origin": [9.75, -4, -10], "size": [3, 3, 3], "uv": [170, 41], "mirror": true},
					{"origin": [10.25, -5, -11], "size": [2, 3, 1], "uv": [170, 41], "mirror": true}
				]
			},
			{
				"name": "low_leg0",
				"parent": "thigh0",
				"pivot": [14, 18, 1],
				"rotation": [45, 0, 0],
				"cubes": [
					{"origin": [6, -2, 1], "size": [12, 24, 13], "uv": [170, 41], "mirror": true},
					{"origin": [8, -2, -1], "size": [8, 24, 2], "uv": [170, 41], "mirror": true}
				]
			},
			{
				"name": "thigh0",
				"parent": "left_leg",
				"pivot": [14, 39, 0],
				"cubes": [
					{"origin": [7, 20, -8], "size": [12, 28, 18], "uv": [170, 41], "mirror": true},
					{"origin": [4, 20, -8], "size": [18, 28, 18], "uv": [170, 41], "inflate": -2, "mirror": true}
				]
			},
			{
				"name": "left_leg",
				"parent": "body",
				"pivot": [14, 39, 0],
				"rotation": [-35, -5, -5]
			},
			{
				"name": "body",
				"pivot": [0, 33, 0],
				"rotation": [5, 0, 0],
				"cubes": [
					{"origin": [-10, 27, -8.75], "size": [20, 22, 23], "uv": [170, 41]},
					{"origin": [-10, 70, -8], "size": [20, 9, 23], "uv": [170, 41]},
					{"origin": [-12, 40, -8.75], "size": [24, 18, 24], "uv": [170, 41]},
					{"origin": [-9, 58, -9.5], "size": [18, 17, 2], "uv": [96, 0]},
					{"origin": [-10, 40, -9.75], "size": [20, 18, 1], "uv": [170, 41]},
					{"origin": [-9, 31, -10], "size": [18, 14, 2], "uv": [170, 41]},
					{"origin": [-11, 58, -8], "size": [22, 12, 23], "uv": [170, 41]},
					{"origin": [-7, 75, -8.5], "size": [14, 4, 2], "uv": [170, 41]}
				]
			},
			{
				"name": "jz03",
				"parent": "feet1",
				"pivot": [-13, 0, 5],
				"rotation": [0, -10, 0],
				"cubes": [
					{"origin": [-7.75, -5, -7], "size": [2, 3, 1], "uv": [170, 41]},
					{"origin": [-8.75, -5, -4], "size": [4, 4, 14], "uv": [170, 41]},
					{"origin": [-8.25, -4.5, -6], "size": [3, 3, 2], "uv": [170, 41]}
				]
			},
			{
				"name": "jz04",
				"parent": "feet1",
				"pivot": [-13, 0, 5],
				"rotation": [0, 10, 0],
				"cubes": [
					{"origin": [-17.75, -5, -4], "size": [4, 4, 7], "uv": [170, 41]},
					{"origin": [-19.75, -5, 3], "size": [3, 3, 9], "uv": [170, 41]},
					{"origin": [-19.5, -4.5, 1], "size": [2, 2, 2], "uv": [170, 41]},
					{"origin": [-19, -5, 0], "size": [1, 2, 1], "uv": [170, 41]},
					{"origin": [-17.25, -4.5, -6], "size": [3, 3, 2], "uv": [170, 41]},
					{"origin": [-16.75, -5, -7], "size": [2, 3, 1], "uv": [170, 41]}
				]
			},
			{
				"name": "feet1",
				"parent": "low_leg1",
				"pivot": [-13, 2, 5],
				"rotation": [-15, 0, -5],
				"cubes": [
					{"origin": [-18, -5, -1], "size": [12, 6, 14], "uv": [170, 41], "inflate": 0.2},
					{"origin": [-13.75, -5, -5], "size": [5, 5, 4], "uv": [170, 41]},
					{"origin": [-13.25, -4.5, -7], "size": [4, 4, 2], "uv": [170, 41]},
					{"origin": [-12.75, -4, -10], "size": [3, 3, 3], "uv": [170, 41]},
					{"origin": [-12.25, -5, -11], "size": [2, 3, 1], "uv": [170, 41]}
				]
			},
			{
				"name": "low_leg1",
				"parent": "thigh1",
				"pivot": [-14, 18, 1],
				"rotation": [45, 0, 0],
				"cubes": [
					{"origin": [-18, -2, 1], "size": [12, 24, 13], "uv": [170, 41]},
					{"origin": [-16, -2, -1], "size": [8, 24, 2], "uv": [170, 41]}
				]
			},
			{
				"name": "thigh1",
				"parent": "right_leg",
				"pivot": [-14, 39, 0],
				"rotation": [-5, 0, 0],
				"cubes": [
					{"origin": [-19, 20, -8], "size": [12, 28, 18], "uv": [170, 41]},
					{"origin": [-22, 20, -8], "size": [18, 28, 18], "uv": [170, 41], "inflate": -2}
				]
			},
			{
				"name": "right_leg",
				"parent": "body",
				"pivot": [-14, 39, 0],
				"rotation": [-30, 5, 5]
			},
			{
				"name": "atom",
				"pivot": [0, 0, 0],
				"parent": "body",
				"rotation": [0, 0, 0],
				"cubes": [
				]
			},
			{
				"name": "atomic",
				"parent": "head",
				"pivot": [0, 114, 4],
				"rotation": [90, 77, 90],
				"cubes": [
				]
			}
		]
	},
	"geometry.crimsongodzilla.atom": {
		"texturewidth": 256,
		"textureheight": 256,
		"visible_bounds_width": 41,
		"visible_bounds_height": 19,
		"visible_bounds_offset": [0, 9.5, 0],
		"bones": [
			{
				"name": "atom",
				"pivot": [0, 0, 0],
				"parent": "body",
				"rotation": [0, 0, 0],
				"cubes": [
					{"origin": [-8, -8, -8], "size": [16, 16, 16], "uv": [0, 64]}
				]
			}
        ]
	},
	"geometry.crimsongodzilla.atomic": {
		"texturewidth": 256,
		"textureheight": 256,
		"visible_bounds_width": 30,
		"visible_bounds_height": 6,
		"visible_bounds_offset": [0, 3, 0],
		"bones": [
			{
				"name": "head",
				"parent": "body2",
				"pivot": [0, 103, 14],
				"rotation": [30, 0, 0],
				"cubes": [
					{"origin": [-0.5, 102.85519, 11.87032], "size": [1, 3, 2], "uv": [186, 56], "inflate": 0.5},
					{"origin": [-0.5, 103.85519, 13.87032], "size": [1, 1, 1], "uv": [186, 56], "inflate": 0.5},
					{"origin": [-0.5, 108.10519, 13.37032], "size": [1, 1, 1], "uv": [186, 56], "inflate": 0.5},
					{"origin": [-0.5, 107.10519, 11.37032], "size": [1, 2, 2], "uv": [186, 56], "inflate": 0.5}
				]
			},
			{
				"name": "bq15",
				"parent": "body2",
				"pivot": [0, 96, 13],
				"rotation": [5, 5, -5],
				"cubes": [
					{"origin": [3, 93.5, 13.5], "size": [1, 3, 2], "uv": [224, 0], "inflate": 0.5},
					{"origin": [3, 94.5, 15.5], "size": [1, 1, 2], "uv": [224, 0], "inflate": 0.5},
					{"origin": [3, 99.5, 15.5], "size": [1, 1, 2], "uv": [224, 0], "inflate": 0.5},
					{"origin": [3, 98.5, 13.5], "size": [1, 3, 2], "uv": [224, 0], "inflate": 0.5},
					{"origin": [2, 94.5, 12.5], "size": [3, 1, 2], "uv": [224, 0], "inflate": 0.5},
					{"origin": [2, 92.5, 10.5], "size": [3, 3, 2], "uv": [224, 0], "inflate": 0.5},
					{"origin": [2, 99.5, 12.5], "size": [3, 1, 2], "uv": [224, 0], "inflate": 0.5},
					{"origin": [2, 98.5, 10.5], "size": [3, 3, 2], "uv": [224, 0], "inflate": 0.5}
				]
			},
			{
				"name": "bq16",
				"parent": "body2",
				"pivot": [0, 96, 13],
				"rotation": [5, -5, 5],
				"cubes": [
					{"origin": [-4, 93.5, 13.5], "size": [1, 3, 2], "uv": [224, 0], "inflate": 0.5, "mirror": true},
					{"origin": [-4, 94.5, 15.5], "size": [1, 1, 2], "uv": [224, 0], "inflate": 0.5, "mirror": true},
					{"origin": [-4, 99.5, 15.5], "size": [1, 1, 2], "uv": [224, 0], "inflate": 0.5, "mirror": true},
					{"origin": [-4, 98.5, 13.5], "size": [1, 3, 2], "uv": [224, 0], "inflate": 0.5, "mirror": true},
					{"origin": [-5, 94.5, 12.5], "size": [3, 1, 2], "uv": [224, 0], "inflate": 0.5, "mirror": true},
					{"origin": [-5, 92.5, 10.5], "size": [3, 3, 2], "uv": [224, 0], "inflate": 0.5, "mirror": true},
					{"origin": [-5, 99.5, 12.5], "size": [3, 1, 2], "uv": [224, 0], "inflate": 0.5, "mirror": true},
					{"origin": [-5, 98.5, 10.5], "size": [3, 3, 2], "uv": [224, 0], "inflate": 0.5, "mirror": true}
				]
			},
			{
				"name": "body2",
				"parent": "body1",
				"pivot": [0, 93, 14],
				"rotation": [25, 0, 0]
			},
			{
				"name": "bq13",
				"parent": "body1",
				"pivot": [0, 79, 15],
				"rotation": [0, -15, 5],
				"cubes": [
					{"origin": [-7, 83, 13], "size": [3, 6, 2], "uv": [196, 11], "inflate": 0.5},
					{"origin": [-6, 82, 13], "size": [1, 8, 2], "uv": [196, 11], "inflate": 0.5},
					{"origin": [-6, 83, 15], "size": [1, 6, 4], "uv": [196, 11], "inflate": 0.5},
					{"origin": [-6, 85, 19], "size": [1, 2, 4], "uv": [196, 11], "inflate": 0.5},
					{"origin": [-7, 85, 15], "size": [3, 2, 4], "uv": [196, 11], "inflate": 0.5}
				]
			},
			{
				"name": "bq14",
				"parent": "body1",
				"pivot": [0, 79, 15],
				"rotation": [0, 15, -5],
				"cubes": [
					{"origin": [4, 83, 13], "size": [3, 6, 2], "uv": [196, 11], "inflate": 0.5, "mirror": true},
					{"origin": [5, 82, 13], "size": [1, 8, 2], "uv": [196, 11], "inflate": 0.5, "mirror": true},
					{"origin": [5, 83, 15], "size": [1, 6, 4], "uv": [196, 11], "inflate": 0.5, "mirror": true},
					{"origin": [5, 85, 19], "size": [1, 2, 4], "uv": [196, 11], "inflate": 0.5, "mirror": true},
					{"origin": [4, 85, 15], "size": [3, 2, 4], "uv": [196, 11], "inflate": 0.5, "mirror": true}
				]
			},
			{
				"name": "body1",
				"parent": "body",
				"pivot": [0, 79, 15],
				"rotation": [30, 0, 0],
				"cubes": [
					{"origin": [-0.5, 82, 14], "size": [1, 8, 2], "uv": [196, 11], "inflate": 0.5},
					{"origin": [-0.5, 83, 16], "size": [1, 6, 4], "uv": [196, 11], "inflate": 0.5},
					{"origin": [-0.5, 85, 20], "size": [1, 2, 4], "uv": [196, 11], "inflate": 0.5},
					{"origin": [-1.5, 85, 16], "size": [3, 2, 4], "uv": [196, 11], "inflate": 0.5},
					{"origin": [-1.5, 83, 14], "size": [3, 6, 2], "uv": [196, 11], "inflate": 0.5}
				]
			},
			{
				"name": "tail6",
				"parent": "tail5",
				"pivot": [0, -101, 8],
				"rotation": [15, 0, 0],
				"cubes": [
					{"origin": [-0.5, -105, 6.75], "size": [1, 2, 1], "uv": [219, 0], "inflate": 0.5},
					{"origin": [-0.5, -111, 7], "size": [1, 1, 1], "uv": [219, 0], "inflate": 0.5},
					{"origin": [-0.5, -108, 7], "size": [1, 1, 1], "uv": [219, 0], "inflate": 0.5},
					{"origin": [-0.5, -114, 6.75], "size": [1, 1, 1], "uv": [219, 0], "inflate": 0.5},
					{"origin": [-0.5, -104, 7.75], "size": [1, 1, 1], "uv": [219, 0], "inflate": 0.5}
				]
			},
			{
				"name": "tail5",
				"parent": "tail4",
				"pivot": [0, -82, 8],
				"rotation": [15, 0, 0],
				"cubes": [
					{"origin": [-0.5, -86, 8], "size": [1, 3, 1], "uv": [176, 0], "inflate": 0.5},
					{"origin": [-0.5, -85, 9], "size": [1, 1, 1], "uv": [176, 0], "inflate": 0.5},
					{"origin": [-0.5, -91, 8], "size": [1, 3, 1], "uv": [176, 0], "inflate": 0.5},
					{"origin": [-0.5, -90, 9], "size": [1, 1, 1], "uv": [176, 0], "inflate": 0.5},
					{"origin": [-0.5, -95, 8], "size": [1, 2, 1], "uv": [176, 0], "inflate": 0.5},
					{"origin": [-0.5, -94, 9], "size": [1, 1, 1], "uv": [176, 0], "inflate": 0.5},
					{"origin": [-0.5, -100, 8], "size": [1, 2, 1], "uv": [176, 0], "inflate": 0.5},
					{"origin": [-0.5, -99, 9], "size": [1, 1, 1], "uv": [176, 0], "inflate": 0.5}
				]
			},
			{
				"name": "tail4",
				"parent": "tail3",
				"pivot": [0, -61, 10],
				"rotation": [5, 0, 0],
				"cubes": [
					{"origin": [-0.5, -66, 9], "size": [1, 3, 3], "uv": [249, 23], "inflate": 0.5},
					{"origin": [-0.5, -65, 11], "size": [1, 1, 2], "uv": [249, 23], "inflate": 0.5},
					{"origin": [-0.5, -72, 9], "size": [1, 3, 3], "uv": [249, 23], "inflate": 0.5},
					{"origin": [-0.5, -71, 11], "size": [1, 1, 2], "uv": [249, 23], "inflate": 0.5},
					{"origin": [-0.5, -78, 9], "size": [1, 3, 3], "uv": [249, 23], "inflate": 0.5},
					{"origin": [-0.5, -77, 11], "size": [1, 1, 2], "uv": [249, 23], "inflate": 0.5}
				]
			},
			{
				"name": "bq11",
				"parent": "tail3",
				"pivot": [0, -42, 12],
				"rotation": [-5, 5, 2],
				"cubes": [
					{"origin": [2, -46, 11], "size": [1, 5, 2], "uv": [173, 0], "inflate": 0.5},
					{"origin": [2, -45, 12], "size": [1, 3, 4], "uv": [173, 0], "inflate": 0.5},
					{"origin": [2, -44, 15], "size": [1, 1, 2], "uv": [173, 0], "inflate": 0.5},
					{"origin": [1.5, -45, 10], "size": [2, 3, 3], "uv": [173, 0], "inflate": 0.5},
					{"origin": [1.5, -44, 12], "size": [2, 1, 3], "uv": [173, 0], "inflate": 0.5},
					{"origin": [2, -52.5, 11.25], "size": [1, 3, 4], "uv": [173, 0], "inflate": 0.5},
					{"origin": [2, -51.5, 14.25], "size": [1, 1, 2], "uv": [173, 0], "inflate": 0.5},
					{"origin": [1.5, -51.5, 11.25], "size": [2, 1, 3], "uv": [173, 0], "inflate": 0.5},
					{"origin": [1.5, -52.5, 9.25], "size": [2, 3, 3], "uv": [173, 0], "inflate": 0.5},
					{"origin": [2, -60, 10.5], "size": [1, 3, 4], "uv": [173, 0], "inflate": 0.5},
					{"origin": [2, -59, 13.5], "size": [1, 1, 2], "uv": [173, 0], "inflate": 0.5},
					{"origin": [1.5, -59, 10.5], "size": [2, 1, 3], "uv": [173, 0], "inflate": 0.5},
					{"origin": [1.5, -60, 8], "size": [2, 3, 3], "uv": [173, 0], "inflate": 0.5},
					{"origin": [2, -61, 9], "size": [1, 5, 2], "uv": [173, 0], "inflate": 0.5}
				]
			},
			{
				"name": "bq12",
				"parent": "tail3",
				"pivot": [0, -42, 12],
				"rotation": [-5, -5, -2],
				"cubes": [
					{"origin": [-3, -46, 11], "size": [1, 5, 2], "uv": [173, 0], "inflate": 0.5, "mirror": true},
					{"origin": [-3, -45, 12], "size": [1, 3, 4], "uv": [173, 0], "inflate": 0.5, "mirror": true},
					{"origin": [-3, -44, 15], "size": [1, 1, 2], "uv": [173, 0], "inflate": 0.5, "mirror": true},
					{"origin": [-3.5, -45, 10], "size": [2, 3, 3], "uv": [173, 0], "inflate": 0.5, "mirror": true},
					{"origin": [-3.5, -44, 12], "size": [2, 1, 3], "uv": [173, 0], "inflate": 0.5, "mirror": true},
					{"origin": [-3, -52.5, 11.25], "size": [1, 3, 4], "uv": [173, 0], "inflate": 0.5, "mirror": true},
					{"origin": [-3, -51.5, 14.25], "size": [1, 1, 2], "uv": [173, 0], "inflate": 0.5, "mirror": true},
					{"origin": [-3.5, -51.5, 11.25], "size": [2, 1, 3], "uv": [173, 0], "inflate": 0.5, "mirror": true},
					{"origin": [-3.5, -52.5, 9.25], "size": [2, 3, 3], "uv": [173, 0], "inflate": 0.5, "mirror": true},
					{"origin": [-3, -60, 10.5], "size": [1, 3, 4], "uv": [173, 0], "inflate": 0.5, "mirror": true},
					{"origin": [-3, -59, 13.5], "size": [1, 1, 2], "uv": [173, 0], "inflate": 0.5, "mirror": true},
					{"origin": [-3.5, -59, 10.5], "size": [2, 1, 3], "uv": [173, 0], "inflate": 0.5, "mirror": true},
					{"origin": [-3.5, -60, 8], "size": [2, 3, 3], "uv": [173, 0], "inflate": 0.5, "mirror": true},
					{"origin": [-3, -61, 9], "size": [1, 5, 2], "uv": [173, 0], "inflate": 0.5, "mirror": true}
				]
			},
			{
				"name": "tail3",
				"parent": "tail2",
				"pivot": [0, -42, 10],
				"rotation": [5, 0, 0]
			},
			{
				"name": "bq9",
				"parent": "tail2",
				"pivot": [0, -18, 12],
				"rotation": [0, 5, 2.5],
				"cubes": [
					{"origin": [3, -25, 12], "size": [1, 5, 2], "uv": [173, 0], "inflate": 0.5},
					{"origin": [3, -24, 13], "size": [1, 3, 4], "uv": [173, 0], "inflate": 0.5},
					{"origin": [3, -23, 16], "size": [1, 1, 2], "uv": [173, 0], "inflate": 0.5},
					{"origin": [2.5, -24, 11], "size": [2, 3, 3], "uv": [173, 0], "inflate": 0.5},
					{"origin": [2.5, -23, 13], "size": [2, 1, 3], "uv": [173, 0], "inflate": 0.5},
					{"origin": [3, -31.5, 12.25], "size": [1, 3, 4], "uv": [173, 0], "inflate": 0.5},
					{"origin": [3, -30.5, 15.25], "size": [1, 1, 2], "uv": [173, 0], "inflate": 0.5},
					{"origin": [2.5, -30.5, 12.25], "size": [2, 1, 3], "uv": [173, 0], "inflate": 0.5},
					{"origin": [2.5, -31.5, 10.25], "size": [2, 3, 3], "uv": [173, 0], "inflate": 0.5},
					{"origin": [3, -39, 11.5], "size": [1, 3, 4], "uv": [173, 0], "inflate": 0.5},
					{"origin": [3, -38, 14.5], "size": [1, 1, 2], "uv": [173, 0], "inflate": 0.5},
					{"origin": [2.5, -38, 11.5], "size": [2, 1, 3], "uv": [173, 0], "inflate": 0.5},
					{"origin": [2.5, -39, 9], "size": [2, 3, 3], "uv": [173, 0], "inflate": 0.5},
					{"origin": [3, -40, 10], "size": [1, 5, 2], "uv": [173, 0], "inflate": 0.5}
				]
			},
			{
				"name": "bq10",
				"parent": "tail2",
				"pivot": [0, -18, 12],
				"rotation": [0, -5, -2.5],
				"cubes": [
					{"origin": [-4, -25, 12], "size": [1, 5, 2], "uv": [173, 0], "inflate": 0.5, "mirror": true},
					{"origin": [-4, -24, 13], "size": [1, 3, 4], "uv": [173, 0], "inflate": 0.5, "mirror": true},
					{"origin": [-4, -23, 16], "size": [1, 1, 2], "uv": [173, 0], "inflate": 0.5, "mirror": true},
					{"origin": [-4.5, -24, 11], "size": [2, 3, 3], "uv": [173, 0], "inflate": 0.5, "mirror": true},
					{"origin": [-4.5, -23, 13], "size": [2, 1, 3], "uv": [173, 0], "inflate": 0.5, "mirror": true},
					{"origin": [-4, -31.5, 12.25], "size": [1, 3, 4], "uv": [173, 0], "inflate": 0.5, "mirror": true},
					{"origin": [-4, -30.5, 15.25], "size": [1, 1, 2], "uv": [173, 0], "inflate": 0.5, "mirror": true},
					{"origin": [-4.5, -30.5, 12.25], "size": [2, 1, 3], "uv": [173, 0], "inflate": 0.5, "mirror": true},
					{"origin": [-4.5, -31.5, 10.25], "size": [2, 3, 3], "uv": [173, 0], "inflate": 0.5, "mirror": true},
					{"origin": [-4, -39, 11.5], "size": [1, 3, 4], "uv": [173, 0], "inflate": 0.5, "mirror": true},
					{"origin": [-4, -38, 14.5], "size": [1, 1, 2], "uv": [173, 0], "inflate": 0.5, "mirror": true},
					{"origin": [-4.5, -38, 11.5], "size": [2, 1, 3], "uv": [173, 0], "inflate": 0.5, "mirror": true},
					{"origin": [-4.5, -39, 9], "size": [2, 3, 3], "uv": [173, 0], "inflate": 0.5, "mirror": true},
					{"origin": [-4, -40, 10], "size": [1, 5, 2], "uv": [173, 0], "inflate": 0.5, "mirror": true}
				]
			},
			{
				"name": "tail2",
				"parent": "tail1",
				"pivot": [0, -18, 12],
				"rotation": [10, 0, 0]
			},
			{
				"name": "bq6",
				"parent": "tail1",
				"pivot": [0, 0, 15],
				"cubes": [
					{"origin": [-0.5, -7, 13], "size": [1, 9, 3], "uv": [176, 0], "inflate": 0.5},
					{"origin": [-0.5, -5, 16], "size": [1, 5, 4], "uv": [176, 0], "inflate": 0.5},
					{"origin": [-0.5, -3.5, 19], "size": [1, 2, 3], "uv": [176, 0], "inflate": 0.5},
					{"origin": [-1.5, -5, 12], "size": [3, 5, 5], "uv": [176, 0], "inflate": 0.5},
					{"origin": [-1.5, -3.5, 16], "size": [3, 2, 4], "uv": [176, 0], "inflate": 0.5},
					{"origin": [-1.5, -14.5, 15], "size": [3, 2, 4], "uv": [176, 0], "inflate": 0.5},
					{"origin": [-1.5, -16, 11], "size": [3, 5, 5], "uv": [176, 0], "inflate": 0.5},
					{"origin": [-0.5, -14.5, 18], "size": [1, 2, 3], "uv": [176, 0], "inflate": 0.5},
					{"origin": [-0.5, -16, 15], "size": [1, 5, 4], "uv": [176, 0], "inflate": 0.5}
				]
			},
			{
				"name": "bq7",
				"parent": "tail1",
				"pivot": [0, 0, -1],
				"rotation": [-5, 15, 2.5],
				"cubes": [
					{"origin": [-0.5, -7, 12], "size": [1, 9, 3], "uv": [176, 0], "inflate": 0.5},
					{"origin": [-0.5, -5, 15], "size": [1, 5, 4], "uv": [176, 0], "inflate": 0.5},
					{"origin": [-0.5, -3.5, 18], "size": [1, 2, 3], "uv": [176, 0], "inflate": 0.5},
					{"origin": [-1.5, -5, 11], "size": [3, 5, 5], "uv": [176, 0], "inflate": 0.5},
					{"origin": [-1.5, -3.5, 15], "size": [3, 2, 4], "uv": [176, 0], "inflate": 0.5},
					{"origin": [-1.5, -14.5, 14], "size": [3, 2, 4], "uv": [176, 0], "inflate": 0.5},
					{"origin": [-1.5, -16, 9], "size": [3, 5, 5], "uv": [176, 0], "inflate": 0.5},
					{"origin": [-0.5, -14.5, 17], "size": [1, 2, 3], "uv": [176, 0], "inflate": 0.5},
					{"origin": [-0.5, -16, 14], "size": [1, 5, 4], "uv": [176, 0], "inflate": 0.5}
				]
			},
			{
				"name": "bq8",
				"parent": "tail1",
				"pivot": [0, 0, -1],
				"rotation": [-5, -15, -2.5],
				"cubes": [
					{"origin": [-0.5, -7, 12], "size": [1, 9, 3], "uv": [176, 0], "inflate": 0.5},
					{"origin": [-0.5, -5, 15], "size": [1, 5, 4], "uv": [176, 0], "inflate": 0.5},
					{"origin": [-0.5, -3.5, 18], "size": [1, 2, 3], "uv": [176, 0], "inflate": 0.5},
					{"origin": [-1.5, -5, 11], "size": [3, 5, 5], "uv": [176, 0], "inflate": 0.5},
					{"origin": [-1.5, -3.5, 15], "size": [3, 2, 4], "uv": [176, 0], "inflate": 0.5},
					{"origin": [-1.5, -14.5, 14], "size": [3, 2, 4], "uv": [176, 0], "inflate": 0.5},
					{"origin": [-1.5, -16, 9], "size": [3, 5, 5], "uv": [176, 0], "inflate": 0.5},
					{"origin": [-0.5, -14.5, 17], "size": [1, 2, 3], "uv": [176, 0], "inflate": 0.5},
					{"origin": [-0.5, -16, 14], "size": [1, 5, 4], "uv": [176, 0], "inflate": 0.5}
				]
			},
			{
				"name": "tail1",
				"parent": "tail7",
				"pivot": [0, 0, 15],
				"rotation": [35, 0, 0]
			},
			{
				"name": "bq3",
				"parent": "tail7",
				"pivot": [0, 33, 0],
				"cubes": [
					{"origin": [-0.5, 16, 15], "size": [1, 10, 3], "uv": [183, 0], "inflate": 0.5},
					{"origin": [-0.5, 18, 17], "size": [1, 6, 7], "uv": [183, 0], "inflate": 0.5},
					{"origin": [-0.5, 20, 23], "size": [1, 2, 5], "uv": [183, 0], "inflate": 0.5},
					{"origin": [-1.5, 18, 13], "size": [3, 6, 7], "uv": [183, 0], "inflate": 0.5},
					{"origin": [-1.5, 20, 19], "size": [3, 2, 5], "uv": [183, 0], "inflate": 0.5},
					{"origin": [-1.5, 6, 11], "size": [3, 6, 7], "uv": [183, 0], "inflate": 0.5},
					{"origin": [-1.5, 8, 17], "size": [3, 2, 5], "uv": [183, 0], "inflate": 0.5},
					{"origin": [-0.5, 6, 15], "size": [1, 6, 7], "uv": [183, 0], "inflate": 0.5},
					{"origin": [-0.5, 8, 21], "size": [1, 2, 5], "uv": [183, 0], "inflate": 0.5}
				]
			},
			{
				"name": "bq4",
				"parent": "tail7",
				"pivot": [0, 33, 0],
				"rotation": [-5, -20, 0],
				"cubes": [
					{"origin": [-0.5, 16, 15], "size": [1, 10, 3], "uv": [183, 0], "inflate": 0.5},
					{"origin": [-0.5, 18, 17], "size": [1, 6, 7], "uv": [183, 0], "inflate": 0.5},
					{"origin": [-0.5, 20, 23], "size": [1, 2, 5], "uv": [183, 0], "inflate": 0.5},
					{"origin": [-1.5, 18, 13], "size": [3, 6, 7], "uv": [183, 0], "inflate": 0.5},
					{"origin": [-1.5, 20, 19], "size": [3, 2, 5], "uv": [183, 0], "inflate": 0.5},
					{"origin": [-1.5, 6, 11], "size": [3, 6, 7], "uv": [183, 0], "inflate": 0.5},
					{"origin": [-1.5, 8, 17], "size": [3, 2, 5], "uv": [183, 0], "inflate": 0.5},
					{"origin": [-0.5, 6, 15], "size": [1, 6, 7], "uv": [183, 0], "inflate": 0.5},
					{"origin": [-0.5, 8, 21], "size": [1, 2, 5], "uv": [183, 0], "inflate": 0.5}
				]
			},
			{
				"name": "bq5",
				"parent": "tail7",
				"pivot": [0, 33, 0],
				"rotation": [-5, 20, 0],
				"cubes": [
					{"origin": [-0.5, 16, 14], "size": [1, 10, 3], "uv": [183, 0], "inflate": 0.5},
					{"origin": [-0.5, 18, 16], "size": [1, 6, 7], "uv": [183, 0], "inflate": 0.5},
					{"origin": [-0.5, 20, 22], "size": [1, 2, 5], "uv": [183, 0], "inflate": 0.5},
					{"origin": [-1.5, 18, 12], "size": [3, 6, 7], "uv": [183, 0], "inflate": 0.5},
					{"origin": [-1.5, 20, 18], "size": [3, 2, 5], "uv": [183, 0], "inflate": 0.5},
					{"origin": [-1.5, 6, 10], "size": [3, 6, 7], "uv": [183, 0], "inflate": 0.5},
					{"origin": [-1.5, 8, 16], "size": [3, 2, 5], "uv": [183, 0], "inflate": 0.5},
					{"origin": [-0.5, 6, 14], "size": [1, 6, 7], "uv": [183, 0], "inflate": 0.5},
					{"origin": [-0.5, 8, 20], "size": [1, 2, 5], "uv": [183, 0], "inflate": 0.5}
				]
			},
			{
				"name": "tail7",
				"parent": "body",
				"pivot": [0, 33, 0],
				"rotation": [35, 0, 0]
			},
			{
				"name": "bq0",
				"parent": "body",
				"pivot": [0, 33, 0],
				"cubes": [
					{"origin": [-1, 53, 17], "size": [2, 14, 3], "uv": [170, 0], "inflate": 0.5},
					{"origin": [-1, 55, 20], "size": [2, 10, 8], "uv": [170, 0], "inflate": 0.5},
					{"origin": [-1, 57, 28], "size": [2, 6, 6], "uv": [170, 0], "inflate": 0.5},
					{"origin": [-1, 59, 34], "size": [2, 3, 5], "uv": [170, 0], "inflate": 0.5},
					{"origin": [-2, 55, 18], "size": [4, 10, 2], "uv": [170, 0], "inflate": 0.5},
					{"origin": [-2, 57, 20], "size": [4, 6, 8], "uv": [170, 0], "inflate": 0.5},
					{"origin": [-2, 61, 28], "size": [4, 2, 6], "uv": [170, 0], "inflate": 0.5},
					{"origin": [-2, 72, 20], "size": [4, 2, 6], "uv": [170, 0], "inflate": 0.5},
					{"origin": [-1, 72, 26], "size": [2, 3, 5], "uv": [170, 0], "inflate": 0.5},
					{"origin": [-1, 70, 20], "size": [2, 6, 6], "uv": [170, 0], "inflate": 0.5},
					{"origin": [-1, 68, 12], "size": [2, 10, 8], "uv": [170, 0], "inflate": 0.5},
					{"origin": [-2, 70, 12], "size": [4, 6, 8], "uv": [170, 0], "inflate": 0.5},
					{"origin": [-2, 45, 19], "size": [4, 2, 6], "uv": [170, 0], "inflate": 0.5},
					{"origin": [-1, 45, 25], "size": [2, 3, 5], "uv": [170, 0], "inflate": 0.5},
					{"origin": [-1, 43, 19], "size": [2, 6, 6], "uv": [170, 0], "inflate": 0.5},
					{"origin": [-1, 41, 11], "size": [2, 10, 8], "uv": [170, 0], "inflate": 0.5},
					{"origin": [-2, 43, 11], "size": [4, 6, 8], "uv": [170, 0], "inflate": 0.5},
					{"origin": [-2, 33, 17], "size": [4, 2, 6], "uv": [170, 0], "inflate": 0.5},
					{"origin": [-1, 31, 17], "size": [2, 6, 6], "uv": [170, 0], "inflate": 0.5},
					{"origin": [-1, 33, 23], "size": [2, 3, 5], "uv": [170, 0], "inflate": 0.5},
					{"origin": [-1, 29, 9], "size": [2, 10, 8], "uv": [170, 0], "inflate": 0.5},
					{"origin": [-2, 31, 9], "size": [4, 6, 8], "uv": [170, 0], "inflate": 0.5}
				]
			},
			{
				"name": "bq1",
				"parent": "body",
				"pivot": [0, 33, 0],
				"rotation": [0, 20, 0],
				"cubes": [
					{"origin": [-1, 53, 10], "size": [2, 14, 3], "uv": [170, 0], "inflate": 0.5},
					{"origin": [-1, 55, 13], "size": [2, 10, 8], "uv": [170, 0], "inflate": 0.5},
					{"origin": [-1, 57, 21], "size": [2, 6, 6], "uv": [170, 0], "inflate": 0.5},
					{"origin": [-1, 59, 27], "size": [2, 3, 5], "uv": [170, 0], "inflate": 0.5},
					{"origin": [-2, 55, 11], "size": [4, 10, 2], "uv": [170, 0], "inflate": 0.5},
					{"origin": [-2, 57, 13], "size": [4, 6, 8], "uv": [170, 0], "inflate": 0.5},
					{"origin": [-2, 61, 21], "size": [4, 2, 6], "uv": [170, 0], "inflate": 0.5},
					{"origin": [-2, 72, 13], "size": [4, 2, 6], "uv": [170, 0], "inflate": 0.5},
					{"origin": [-1, 72, 19], "size": [2, 3, 5], "uv": [170, 0], "inflate": 0.5},
					{"origin": [-1, 70, 13], "size": [2, 6, 6], "uv": [170, 0], "inflate": 0.5},
					{"origin": [-1, 68, 7], "size": [2, 10, 8], "uv": [170, 0], "inflate": 0.5},
					{"origin": [-2, 70, 7], "size": [4, 6, 8], "uv": [170, 0], "inflate": 0.5},
					{"origin": [-2, 45, 12], "size": [4, 2, 6], "uv": [170, 0], "inflate": 0.5},
					{"origin": [-1, 45, 18], "size": [2, 3, 5], "uv": [170, 0], "inflate": 0.5},
					{"origin": [-1, 43, 12], "size": [2, 6, 6], "uv": [170, 0], "inflate": 0.5},
					{"origin": [-1, 41, 4], "size": [2, 10, 8], "uv": [170, 0], "inflate": 0.5},
					{"origin": [-2, 43, 4], "size": [4, 6, 8], "uv": [170, 0], "inflate": 0.5},
					{"origin": [-1, 34, 17.25], "size": [2, 3, 5], "uv": [170, 0], "inflate": 0.5},
					{"origin": [-1, 32, 11.25], "size": [2, 6, 6], "uv": [170, 0], "inflate": 0.5},
					{"origin": [-2, 34, 11.25], "size": [4, 2, 6], "uv": [170, 0], "inflate": 0.5}
				]
			},
			{
				"name": "bq2",
				"parent": "body",
				"pivot": [0, 33, 0],
				"rotation": [0, -20, 0],
				"cubes": [
					{"origin": [-1, 53, 13], "size": [2, 14, 3], "uv": [170, 0], "inflate": 0.5},
					{"origin": [-1, 55, 16], "size": [2, 10, 8], "uv": [170, 0], "inflate": 0.5},
					{"origin": [-1, 57, 24], "size": [2, 6, 6], "uv": [170, 0], "inflate": 0.5},
					{"origin": [-1, 59, 30], "size": [2, 3, 5], "uv": [170, 0], "inflate": 0.5},
					{"origin": [-2, 55, 14], "size": [4, 10, 2], "uv": [170, 0], "inflate": 0.5},
					{"origin": [-2, 57, 16], "size": [4, 6, 8], "uv": [170, 0], "inflate": 0.5},
					{"origin": [-2, 61, 24], "size": [4, 2, 6], "uv": [170, 0], "inflate": 0.5},
					{"origin": [-2, 72, 16], "size": [4, 2, 6], "uv": [170, 0], "inflate": 0.5},
					{"origin": [-1, 72, 22], "size": [2, 3, 5], "uv": [170, 0], "inflate": 0.5},
					{"origin": [-1, 70, 16], "size": [2, 6, 6], "uv": [170, 0], "inflate": 0.5},
					{"origin": [-1, 68, 8], "size": [2, 10, 8], "uv": [170, 0], "inflate": 0.5},
					{"origin": [-2, 70, 8], "size": [4, 6, 8], "uv": [170, 0], "inflate": 0.5},
					{"origin": [-2, 45, 15], "size": [4, 2, 6], "uv": [170, 0], "inflate": 0.5},
					{"origin": [-1, 45, 21], "size": [2, 3, 5], "uv": [170, 0], "inflate": 0.5},
					{"origin": [-1, 43, 15], "size": [2, 6, 6], "uv": [170, 0], "inflate": 0.5},
					{"origin": [-1, 41, 7], "size": [2, 10, 8], "uv": [170, 0], "inflate": 0.5},
					{"origin": [-2, 43, 7], "size": [4, 6, 8], "uv": [170, 0], "inflate": 0.5},
					{"origin": [-2, 34, 11], "size": [4, 2, 6], "uv": [170, 0], "inflate": 0.5},
					{"origin": [-1, 32, 11], "size": [2, 6, 6], "uv": [170, 0], "inflate": 0.5},
					{"origin": [-1, 34, 17], "size": [2, 3, 5], "uv": [170, 0], "inflate": 0.5}
				]
			},
			{
				"name": "body",
				"pivot": [0, 33, 0],
				"rotation": [5, 0, 0]
			},
			{
				"name": "atomic",
				"parent": "head",
				"pivot": [0, 114, 4],
				"rotation": [90, 77, 90],
				"cubes": [
					{"origin": [-2, 118.85519, 2.5], "size": [3, 50, 3], "uv": [186, 56]},
					{"origin": [-3, 269.10519, 1.5], "size": [5, 100, 5], "uv": [186, 56]},
					{"origin": [-2, 168.85519, 2.5], "size": [3, 100, 3], "uv": [186, 56], "inflate": 0.5}
				]
			}
		]
	}
}