{
	"format_version": "1.10.0",
	"geometry.milleniumgodzilla": {
		"texturewidth": 512,
		"textureheight": 512,
		"visible_bounds_width": 41,
		"visible_bounds_height": 19,
		"visible_bounds_offset": [0, 0, 0],
		"bones": [
			{
				"name": "body",
				"pivot": [0, 33, 0],
				"rotation": [5, 0, 0],
				"cubes": [
					{"origin": [-10, 27, -8.75], "size": [20, 22, 23], "uv": [57, 73]},
					{"origin": [-10, 70, -8], "size": [20, 9, 23], "uv": [120, 54]},
					{"origin": [-12, 40, -8.75], "size": [24, 18, 24], "uv": [0, 0]},
					{"origin": [-9, 58, -9.5], "size": [18, 17, 2], "uv": [80, 54]},
					{"origin": [-10, 40, -9.75], "size": [20, 18, 1], "uv": [72, 0]},
					{"origin": [-9, 31, -10], "size": [18, 14, 2], "uv": [114, 0]},
					{"origin": [-11, 58, -8], "size": [22, 12, 23], "uv": [73, 19]},
					{"origin": [-7, 75, -8.5], "size": [14, 4, 2], "uv": [120, 86]}
				]
			},
			{
				"name": "body1",
				"parent": "body",
				"pivot": [0, 79, 15],
				"rotation": [30, 0, 0],
				"cubes": [
					{"origin": [-8, 86, -4], "size": [16, 7, 18], "uv": [163, 25]},
					{"origin": [-9, 79, -4], "size": [18, 7, 18], "uv": [140, 0]},
					{"origin": [-0.5, 82, 14], "size": [1, 8, 2], "uv": [265, 253]},
					{"origin": [-0.5, 83, 16], "size": [1, 6, 4], "uv": [88, 259]},
					{"origin": [-0.5, 85, 20], "size": [1, 2, 4], "uv": [265, 29]},
					{"origin": [-1.5, 85, 16], "size": [3, 2, 4], "uv": [257, 134]},
					{"origin": [-1.5, 83, 14], "size": [3, 6, 2], "uv": [201, 262]},
					{"origin": [-6, 86, -4.5], "size": [12, 7, 1], "uv": [172, 132]}
				]
			},
			{
				"name": "body2",
				"parent": "body1",
				"pivot": [0, 93, 14],
				"rotation": [25, 0, 0],
				"cubes": [
					{"origin": [-7, 92.5, -1.5], "size": [14, 5, 15], "uv": [183, 50]},
					{"origin": [-6, 97.5, -1.5], "size": [12, 5, 15], "uv": [186, 132]},
					{"origin": [-4, 97.5, -1.75], "size": [8, 5, 1], "uv": [252, 201]}
				]
			},
			{
				"name": "head",
				"parent": "body2",
				"pivot": [0, 103, 14],
				"rotation": [30, 0, 0],
				"cubes": [
					{"origin": [-5.5, 101.85519, 3.37032], "size": [11, 13, 5], "uv": [225, 122]},
					{"origin": [-3, 114.85519, 3.37032], "size": [6, 6, 5], "uv": [235, 110], "inflate": 0.01},
					{"origin": [-4.75, 100.85519, -0.62968], "size": [10, 7, 4], "uv": [144, 132], "inflate": 0.01},
					{"origin": [-5.5, 101.85519, 8.37032], "size": [11, 9, 4], "uv": [42, 146]},
					{"origin": [1.125, 118.95519, 2.66618], "size": [1, 1, 1], "uv": [168, 132], "inflate": -0.1},
					{"origin": [1.125, 119.20519, 1.66618], "size": [1, 1, 2], "uv": [244, 196], "inflate": -0.2},
					{"origin": [1.525, 117.65519, 2.81618], "size": [1, 1, 1], "uv": [139, 166], "inflate": -0.1},
					{"origin": [1.525, 117.90519, 1.81618], "size": [1, 1, 2], "uv": [244, 193], "inflate": -0.2},
					{"origin": [1.525, 116.35519, 2.81618], "size": [1, 1, 1], "uv": [132, 166], "inflate": -0.1},
					{"origin": [1.525, 116.60519, 1.81618], "size": [1, 1, 2], "uv": [244, 87], "inflate": -0.2},
					{"origin": [2.075, 115.08019, 2.96618], "size": [1, 1, 1], "uv": [122, 166], "inflate": -0.1},
					{"origin": [2.075, 115.33019, 1.96618], "size": [1, 1, 2], "uv": [244, 84], "inflate": -0.2},
					{"origin": [2.075, 113.63019, 3.04118], "size": [1, 1, 1], "uv": [108, 166], "inflate": -0.1},
					{"origin": [2.075, 113.88019, 2.31618], "size": [1, 1, 2], "uv": [120, 244], "inflate": -0.2},
					{"origin": [-3.075, 113.88019, 2.31618], "size": [1, 1, 2], "uv": [243, 140], "inflate": -0.2},
					{"origin": [-3.075, 113.63019, 3.04118], "size": [1, 1, 1], "uv": [165, 28], "inflate": -0.1},
					{"origin": [-3.075, 115.33019, 1.96618], "size": [1, 1, 2], "uv": [243, 35], "inflate": -0.2},
					{"origin": [-3.075, 115.08019, 2.96618], "size": [1, 1, 1], "uv": [139, 164], "inflate": -0.1},
					{"origin": [-2.525, 116.60519, 1.81618], "size": [1, 1, 2], "uv": [242, 13], "inflate": -0.2},
					{"origin": [-2.525, 116.35519, 2.81618], "size": [1, 1, 1], "uv": [132, 164], "inflate": -0.1},
					{"origin": [-2.525, 117.90519, 1.81618], "size": [1, 1, 2], "uv": [84, 242], "inflate": -0.2},
					{"origin": [-2.525, 117.65519, 2.81618], "size": [1, 1, 1], "uv": [122, 164], "inflate": -0.1},
					{"origin": [-2.125, 119.20519, 1.66618], "size": [1, 1, 2], "uv": [240, 215], "inflate": -0.2},
					{"origin": [-2.125, 118.95519, 2.66618], "size": [1, 1, 1], "uv": [108, 164], "inflate": -0.1},
					{"origin": [-1.125, 118.95519, 2.66618], "size": [1, 1, 1], "uv": [63, 159], "inflate": -0.1},
					{"origin": [-1.125, 119.20519, 1.66618], "size": [1, 1, 2], "uv": [240, 210], "inflate": -0.2},
					{"origin": [0.125, 118.95519, 2.66618], "size": [1, 1, 1], "uv": [157, 149], "inflate": -0.1},
					{"origin": [0.125, 119.20519, 1.66618], "size": [1, 1, 2], "uv": [240, 207], "inflate": -0.2},
					{"origin": [-3.5, 110.85519, 7.37032], "size": [7, 4, 3], "uv": [88, 252]},
					{"origin": [-0.5, 102.85519, 11.87032], "size": [1, 3, 2], "uv": [202, 188]},
					{"origin": [-0.5, 103.85519, 13.87032], "size": [1, 1, 1], "uv": [152, 157]},
					{"origin": [-0.5, 108.10519, 13.37032], "size": [1, 1, 1], "uv": [8, 157]},
					{"origin": [-0.5, 107.10519, 11.37032], "size": [1, 2, 2], "uv": [152, 14]}
				]
			},
			{
				"name": "head0",
				"parent": "head",
				"pivot": [0, 93, -9],
				"rotation": [10, 0, 0],
				"cubes": [
					{"origin": [-3, 107.07834, 11.93929], "size": [6, 10, 1], "uv": [0, 146]},
					{"origin": [-3, 115.82834, 11.18929], "size": [6, 2, 2], "uv": [72, 19], "inflate": 0.1}
				]
			},
			{
				"name": "hyead1",
				"parent": "head0",
				"pivot": [0, 93, -9],
				"rotation": [-5, 5, 0],
				"cubes": [
					{"origin": [-0.19778, 110.75121, 10.10896], "size": [2, 4, 2], "uv": [241, 266]},
					{"origin": [-4.95342, 109.49739, 5.40212], "size": [2, 10, 5], "uv": [217, 240]}
				]
			},
			{
				"name": "hyead2",
				"parent": "head0",
				"pivot": [0, 93, -9],
				"rotation": [-5, -5, 0],
				"cubes": [
					{"origin": [-1.80222, 111.25121, 10.10896], "size": [2, 4, 2], "uv": [233, 266]},
					{"origin": [2.95342, 109.49739, 5.40212], "size": [2, 10, 5], "uv": [183, 50]}
				]
			},
			{
				"name": "head3",
				"parent": "head0",
				"pivot": [0, 93, -9],
				"rotation": [10, 0, 0],
				"cubes": [
					{"origin": [-3, 103.2895, 14.31176], "size": [6, 5, 2], "uv": [148, 237]},
					{"origin": [3, 102.2895, 15.31176], "size": [3, 6, 2], "uv": [191, 262]},
					{"origin": [-6, 102.2895, 15.31176], "size": [3, 6, 2], "uv": [76, 229]},
					{"origin": [2.5, 104.5395, 13.56176], "size": [3, 3, 3], "uv": [257, 247], "inflate": -0.8},
					{"origin": [-5.5, 104.5395, 13.56176], "size": [3, 3, 3], "uv": [235, 251], "inflate": -0.8}
				]
			},
			{
				"name": "xiae",
				"parent": "head",
				"pivot": [0, 112, 5],
				"rotation": [180, 180, 180],
				"cubes": [
					{"origin": [-2.5, 115.85519, 0.62032], "size": [5, 3, 3], "uv": [254, 57]},
					{"origin": [-3, 110.35519, 0.37032], "size": [6, 6, 3], "uv": [194, 7]},
					{"origin": [-2.5, 118.85519, 0.62032], "size": [5, 1, 3], "uv": [0, 60], "inflate": 0.2},
					{"origin": [-2, 115.60519, 2.87032], "size": [4, 3, 1], "uv": [173, 50]},
					{"origin": [-2.5, 110.60519, 2.62032], "size": [5, 5, 1], "uv": [180, 250]},
					{"origin": [1.125, 118.95519, 3.37032], "size": [1, 1, 1], "uv": [154, 12], "inflate": -0.1},
					{"origin": [1.125, 119.20519, 3.37032], "size": [1, 1, 2], "uv": [240, 188], "inflate": -0.2},
					{"origin": [1.525, 117.65519, 3.22032], "size": [1, 1, 1], "uv": [154, 10], "inflate": -0.1},
					{"origin": [1.525, 117.90519, 3.22032], "size": [1, 1, 2], "uv": [240, 185], "inflate": -0.2},
					{"origin": [1.525, 116.35519, 3.22032], "size": [1, 1, 1], "uv": [154, 8], "inflate": -0.1},
					{"origin": [1.525, 116.60519, 3.22032], "size": [1, 1, 2], "uv": [226, 240], "inflate": -0.2},
					{"origin": [2.075, 115.08019, 3.07032], "size": [1, 1, 1], "uv": [154, 6], "inflate": -0.1},
					{"origin": [2.075, 115.33019, 3.07032], "size": [1, 1, 2], "uv": [239, 141], "inflate": -0.2},
					{"origin": [2.075, 113.63019, 2.99532], "size": [1, 1, 1], "uv": [154, 4], "inflate": -0.1},
					{"origin": [2.075, 113.88019, 2.72032], "size": [1, 1, 2], "uv": [239, 36], "inflate": -0.2},
					{"origin": [-3.075, 113.88019, 2.72032], "size": [1, 1, 2], "uv": [84, 239], "inflate": -0.2},
					{"origin": [-3.075, 113.63019, 2.99532], "size": [1, 1, 1], "uv": [154, 2], "inflate": -0.1},
					{"origin": [-3.075, 115.33019, 3.07032], "size": [1, 1, 2], "uv": [235, 140], "inflate": -0.2},
					{"origin": [-3.075, 115.08019, 3.07032], "size": [1, 1, 1], "uv": [153, 149], "inflate": -0.1},
					{"origin": [-2.525, 116.60519, 3.22032], "size": [1, 1, 2], "uv": [235, 35], "inflate": -0.2},
					{"origin": [-2.525, 116.35519, 3.22032], "size": [1, 1, 1], "uv": [152, 0], "inflate": -0.1},
					{"origin": [-2.525, 117.90519, 3.22032], "size": [1, 1, 2], "uv": [234, 207], "inflate": -0.2},
					{"origin": [-2.525, 117.65519, 3.22032], "size": [1, 1, 1], "uv": [151, 99], "inflate": -0.1},
					{"origin": [-2.125, 119.20519, 3.37032], "size": [1, 1, 2], "uv": [234, 174], "inflate": -0.2},
					{"origin": [-2.125, 118.95519, 3.37032], "size": [1, 1, 1], "uv": [68, 148], "inflate": -0.1},
					{"origin": [-1.125, 118.95519, 3.37032], "size": [1, 1, 1], "uv": [42, 148], "inflate": -0.1},
					{"origin": [-4.75, 104.85519, -0.12968], "size": [10, 8, 5], "uv": [140, 25]},
					{"origin": [-1.125, 119.20519, 3.37032], "size": [1, 1, 2], "uv": [234, 171], "inflate": -0.2},
					{"origin": [0.125, 118.95519, 3.37032], "size": [1, 1, 1], "uv": [146, 16], "inflate": -0.1},
					{"origin": [0.125, 119.20519, 3.37032], "size": [1, 1, 2], "uv": [234, 160], "inflate": -0.2},
					{"origin": [-2, 105.85519, -0.62968], "size": [4, 8, 1], "uv": [181, 262]}
				]
			},
			{
				"name": "atomic",
				"parent": "head",
				"pivot": [0, 114, 4],
				"rotation": [90, 77, 90]
			},
			{
				"name": "bq15",
				"parent": "body2",
				"pivot": [0, 96, 13],
				"rotation": [5, 5, -5],
				"cubes": [
					{"origin": [3, 93.5, 13.5], "size": [1, 3, 2], "uv": [192, 50]},
					{"origin": [3, 94.5, 15.5], "size": [1, 1, 2], "uv": [140, 234]},
					{"origin": [3, 99.5, 15.5], "size": [1, 1, 2], "uv": [228, 207]},
					{"origin": [3, 98.5, 13.5], "size": [1, 3, 2], "uv": [185, 86]},
					{"origin": [2, 94.5, 12.5], "size": [3, 1, 2], "uv": [0, 157]},
					{"origin": [2, 92.5, 10.5], "size": [3, 3, 2], "uv": [72, 247]},
					{"origin": [2, 99.5, 12.5], "size": [3, 1, 2], "uv": [124, 16]},
					{"origin": [2, 98.5, 10.5], "size": [3, 3, 2], "uv": [146, 214]}
				]
			},
			{
				"name": "bq16",
				"parent": "body2",
				"pivot": [0, 96, 13],
				"rotation": [5, -5, 5],
				"cubes": [
					{"origin": [-4, 93.5, 13.5], "size": [1, 3, 2], "uv": [66, 159]},
					{"origin": [-4, 94.5, 15.5], "size": [1, 1, 2], "uv": [222, 122]},
					{"origin": [-4, 99.5, 15.5], "size": [1, 1, 2], "uv": [213, 0]},
					{"origin": [-4, 98.5, 13.5], "size": [1, 3, 2], "uv": [137, 118]},
					{"origin": [-5, 94.5, 12.5], "size": [3, 1, 2], "uv": [114, 16]},
					{"origin": [-5, 92.5, 10.5], "size": [3, 3, 2], "uv": [74, 208]},
					{"origin": [-5, 99.5, 12.5], "size": [3, 1, 2], "uv": [63, 42]},
					{"origin": [-5, 98.5, 10.5], "size": [3, 3, 2], "uv": [144, 157]}
				]
			},
			{
				"name": "bq13",
				"parent": "body1",
				"pivot": [0, 79, 15],
				"rotation": [0, -15, 5],
				"cubes": [
					{"origin": [-7, 83, 13], "size": [3, 6, 2], "uv": [132, 54]},
					{"origin": [-6, 82, 13], "size": [1, 8, 2], "uv": [162, 265]},
					{"origin": [-6, 83, 15], "size": [1, 6, 4], "uv": [258, 160]},
					{"origin": [-6, 85, 19], "size": [1, 2, 4], "uv": [265, 2]},
					{"origin": [-7, 85, 15], "size": [3, 2, 4], "uv": [255, 0]}
				]
			},
			{
				"name": "bq14",
				"parent": "body1",
				"pivot": [0, 79, 15],
				"rotation": [0, 15, -5],
				"cubes": [
					{"origin": [4, 83, 13], "size": [3, 6, 2], "uv": [12, 42]},
					{"origin": [5, 82, 13], "size": [1, 8, 2], "uv": [140, 220]},
					{"origin": [5, 83, 15], "size": [1, 6, 4], "uv": [0, 190]},
					{"origin": [5, 85, 19], "size": [1, 2, 4], "uv": [264, 166]},
					{"origin": [4, 85, 15], "size": [3, 2, 4], "uv": [254, 207]}
				]
			},
			{
				"name": "tail7",
				"parent": "body",
				"pivot": [0, 33, 0],
				"rotation": [35, 0, 0],
				"cubes": [
					{"origin": [-9, 0, -7], "size": [18, 32, 22], "uv": [0, 42]}
				]
			},
			{
				"name": "tail1",
				"parent": "tail7",
				"pivot": [0, 0, 15],
				"rotation": [35, 0, 0],
				"cubes": [
					{"origin": [-7, -18, -1], "size": [14, 30, 14], "uv": [0, 146], "inflate": 1}
				]
			},
			{
				"name": "tail2",
				"parent": "tail1",
				"pivot": [0, -18, 12],
				"rotation": [10, 0, 0],
				"cubes": [
					{"origin": [-5, -42.08716, 0.00381], "size": [10, 28, 11], "uv": [0, 190], "inflate": 1}
				]
			},
			{
				"name": "tail3",
				"parent": "tail2",
				"pivot": [0, -42, 10],
				"rotation": [5, 0, 0],
				"cubes": [
					{"origin": [-4, -61, 1], "size": [8, 22, 8], "uv": [203, 92], "inflate": 1}
				]
			},
			{
				"name": "tail4",
				"parent": "tail3",
				"pivot": [0, -61, 10],
				"rotation": [5, 0, 0],
				"cubes": [
					{"origin": [-3, -81.91284, 2.00381], "size": [6, 24, 6], "uv": [116, 214], "inflate": 1},
					{"origin": [-0.5, -66, 9], "size": [1, 3, 3], "uv": [211, 266]},
					{"origin": [-0.5, -65, 11], "size": [1, 1, 2], "uv": [206, 158]},
					{"origin": [-0.5, -72, 9], "size": [1, 3, 3], "uv": [95, 266]},
					{"origin": [-0.5, -71, 11], "size": [1, 1, 2], "uv": [205, 152]},
					{"origin": [-0.5, -78, 9], "size": [1, 3, 3], "uv": [168, 237]},
					{"origin": [-0.5, -77, 11], "size": [1, 1, 2], "uv": [204, 92]}
				]
			},
			{
				"name": "tail5",
				"parent": "tail4",
				"pivot": [0, -82, 8],
				"rotation": [15, 0, 0],
				"cubes": [
					{"origin": [-2, -100.65798, 3.06031], "size": [4, 20, 4], "uv": [0, 0], "inflate": 1},
					{"origin": [-0.5, -86, 8], "size": [1, 3, 1], "uv": [12, 0]},
					{"origin": [-0.5, -85, 9], "size": [1, 1, 1], "uv": [68, 146]},
					{"origin": [-0.5, -91, 8], "size": [1, 3, 1], "uv": [0, 0]},
					{"origin": [-0.5, -90, 9], "size": [1, 1, 1], "uv": [42, 146]},
					{"origin": [-0.5, -95, 8], "size": [1, 2, 1], "uv": [139, 71]},
					{"origin": [-0.5, -94, 9], "size": [1, 1, 1], "uv": [142, 16]},
					{"origin": [-0.5, -100, 8], "size": [1, 2, 1], "uv": [126, 118]},
					{"origin": [-0.5, -99, 9], "size": [1, 1, 1], "uv": [141, 92]}
				]
			},
			{
				"name": "tail6",
				"parent": "tail5",
				"pivot": [0, -101, 8],
				"rotation": [15, 0, 0],
				"cubes": [
					{"origin": [-1, -115.42642, 4.18085], "size": [2, 16, 2], "uv": [16, 0], "inflate": 1},
					{"origin": [-0.5, -105, 6.75], "size": [1, 2, 1], "uv": [14, 109]},
					{"origin": [-0.5, -111, 7], "size": [1, 1, 1], "uv": [140, 27]},
					{"origin": [-0.5, -108, 7], "size": [1, 1, 1], "uv": [140, 25]},
					{"origin": [-0.5, -114, 6.75], "size": [1, 1, 1], "uv": [138, 16]},
					{"origin": [-0.5, -104, 7.75], "size": [1, 1, 1], "uv": [132, 16]}
				]
			},
			{
				"name": "bq11",
				"parent": "tail3",
				"pivot": [0, -42, 12],
				"rotation": [-5, 5, 2],
				"cubes": [
					{"origin": [2, -46, 11], "size": [1, 5, 2], "uv": [86, 214]},
					{"origin": [2, -45, 12], "size": [1, 3, 4], "uv": [263, 213]},
					{"origin": [2, -44, 15], "size": [1, 1, 2], "uv": [194, 190]},
					{"origin": [1.5, -45, 10], "size": [2, 3, 3], "uv": [260, 265]},
					{"origin": [1.5, -44, 12], "size": [2, 1, 3], "uv": [169, 140]},
					{"origin": [2, -52.5, 11.25], "size": [1, 3, 4], "uv": [263, 97]},
					{"origin": [2, -51.5, 14.25], "size": [1, 1, 2], "uv": [93, 170]},
					{"origin": [1.5, -51.5, 11.25], "size": [2, 1, 3], "uv": [163, 50]},
					{"origin": [1.5, -52.5, 9.25], "size": [2, 3, 3], "uv": [126, 265]},
					{"origin": [2, -60, 10.5], "size": [1, 3, 4], "uv": [263, 16]},
					{"origin": [2, -59, 13.5], "size": [1, 1, 2], "uv": [165, 25]},
					{"origin": [1.5, -59, 10.5], "size": [2, 1, 3], "uv": [160, 38]},
					{"origin": [1.5, -60, 8], "size": [2, 3, 3], "uv": [116, 265]},
					{"origin": [2, -61, 9], "size": [1, 5, 2], "uv": [99, 201]}
				]
			},
			{
				"name": "bq12",
				"parent": "tail3",
				"pivot": [0, -42, 12],
				"rotation": [-5, -5, -2],
				"cubes": [
					{"origin": [-3, -46, 11], "size": [1, 5, 2], "uv": [31, 190]},
					{"origin": [-3, -45, 12], "size": [1, 3, 4], "uv": [223, 263]},
					{"origin": [-3, -44, 15], "size": [1, 1, 2], "uv": [157, 38]},
					{"origin": [-3.5, -45, 10], "size": [2, 3, 3], "uv": [264, 148]},
					{"origin": [-3.5, -44, 12], "size": [2, 1, 3], "uv": [150, 38]},
					{"origin": [-3, -52.5, 11.25], "size": [1, 3, 4], "uv": [30, 263]},
					{"origin": [-3, -51.5, 14.25], "size": [1, 1, 2], "uv": [147, 38]},
					{"origin": [-3.5, -51.5, 11.25], "size": [2, 1, 3], "uv": [140, 38]},
					{"origin": [-3.5, -52.5, 9.25], "size": [2, 3, 3], "uv": [264, 48]},
					{"origin": [-3, -60, 10.5], "size": [1, 3, 4], "uv": [20, 263]},
					{"origin": [-3, -59, 13.5], "size": [1, 1, 2], "uv": [137, 92]},
					{"origin": [-3.5, -59, 10.5], "size": [2, 1, 3], "uv": [130, 92]},
					{"origin": [-3.5, -60, 8], "size": [2, 3, 3], "uv": [264, 23]},
					{"origin": [-3, -61, 9], "size": [1, 5, 2], "uv": [154, 86]}
				]
			},
			{
				"name": "bq9",
				"parent": "tail2",
				"pivot": [0, -18, 12],
				"rotation": [0, 5, 2.5],
				"cubes": [
					{"origin": [3, -25, 12], "size": [1, 5, 2], "uv": [144, 144]},
					{"origin": [3, -24, 13], "size": [1, 3, 4], "uv": [262, 41]},
					{"origin": [3, -23, 16], "size": [1, 1, 2], "uv": [134, 16]},
					{"origin": [2.5, -24, 11], "size": [2, 3, 3], "uv": [152, 264]},
					{"origin": [2.5, -23, 13], "size": [2, 1, 3], "uv": [120, 92]},
					{"origin": [3, -31.5, 12.25], "size": [1, 3, 4], "uv": [261, 90]},
					{"origin": [3, -30.5, 15.25], "size": [1, 1, 2], "uv": [127, 92]},
					{"origin": [2.5, -30.5, 12.25], "size": [2, 1, 3], "uv": [47, 96]},
					{"origin": [2.5, -31.5, 10.25], "size": [2, 3, 3], "uv": [142, 264]},
					{"origin": [3, -39, 11.5], "size": [1, 3, 4], "uv": [260, 173]},
					{"origin": [3, -38, 14.5], "size": [1, 1, 2], "uv": [44, 96]},
					{"origin": [2.5, -38, 11.5], "size": [2, 1, 3], "uv": [37, 96]},
					{"origin": [2.5, -39, 9], "size": [2, 3, 3], "uv": [263, 115]},
					{"origin": [3, -40, 10], "size": [1, 5, 2], "uv": [126, 125]}
				]
			},
			{
				"name": "bq10",
				"parent": "tail2",
				"pivot": [0, -18, 12],
				"rotation": [0, -5, -2.5],
				"cubes": [
					{"origin": [-4, -25, 12], "size": [1, 5, 2], "uv": [72, 118]},
					{"origin": [-4, -24, 13], "size": [1, 3, 4], "uv": [259, 231]},
					{"origin": [-4, -23, 16], "size": [1, 1, 2], "uv": [34, 96]},
					{"origin": [-4.5, -24, 11], "size": [2, 3, 3], "uv": [263, 104]},
					{"origin": [-4.5, -23, 13], "size": [2, 1, 3], "uv": [27, 96]},
					{"origin": [-4, -31.5, 12.25], "size": [1, 3, 4], "uv": [186, 210]},
					{"origin": [-4, -30.5, 15.25], "size": [1, 1, 2], "uv": [24, 96]},
					{"origin": [-4.5, -30.5, 12.25], "size": [2, 1, 3], "uv": [17, 96]},
					{"origin": [-4.5, -31.5, 10.25], "size": [2, 3, 3], "uv": [263, 75]},
					{"origin": [-4, -39, 11.5], "size": [1, 3, 4], "uv": [46, 190]},
					{"origin": [-4, -38, 14.5], "size": [1, 1, 2], "uv": [14, 96]},
					{"origin": [-4.5, -38, 11.5], "size": [2, 1, 3], "uv": [85, 20]},
					{"origin": [-4.5, -39, 9], "size": [2, 3, 3], "uv": [262, 140]},
					{"origin": [-4, -40, 10], "size": [1, 5, 2], "uv": [0, 96]}
				]
			},
			{
				"name": "bq6",
				"parent": "tail1",
				"pivot": [0, 0, 15],
				"cubes": [
					{"origin": [-0.5, -7, 13], "size": [1, 9, 3], "uv": [68, 259]},
					{"origin": [-0.5, -5, 16], "size": [1, 5, 4], "uv": [171, 262]},
					{"origin": [-0.5, -3.5, 19], "size": [1, 2, 3], "uv": [267, 86]},
					{"origin": [-1.5, -5, 12], "size": [3, 5, 5], "uv": [254, 180]},
					{"origin": [-1.5, -3.5, 16], "size": [3, 2, 4], "uv": [97, 239]},
					{"origin": [-1.5, -14.5, 15], "size": [3, 2, 4], "uv": [235, 0]},
					{"origin": [-1.5, -16, 11], "size": [3, 5, 5], "uv": [145, 254]},
					{"origin": [-0.5, -14.5, 18], "size": [1, 2, 3], "uv": [267, 54]},
					{"origin": [-0.5, -16, 15], "size": [1, 5, 4], "uv": [106, 262]}
				]
			},
			{
				"name": "bq7",
				"parent": "tail1",
				"pivot": [0, 0, -1],
				"rotation": [-5, 15, 2.5],
				"cubes": [
					{"origin": [-0.5, -7, 12], "size": [1, 9, 3], "uv": [258, 78]},
					{"origin": [-0.5, -5, 15], "size": [1, 5, 4], "uv": [250, 261]},
					{"origin": [-0.5, -3.5, 18], "size": [1, 2, 3], "uv": [136, 267]},
					{"origin": [-1.5, -5, 11], "size": [3, 5, 5], "uv": [252, 116]},
					{"origin": [-1.5, -3.5, 15], "size": [3, 2, 4], "uv": [225, 140]},
					{"origin": [-1.5, -14.5, 14], "size": [3, 2, 4], "uv": [213, 33]},
					{"origin": [-1.5, -16, 9], "size": [3, 5, 5], "uv": [252, 105]},
					{"origin": [-0.5, -14.5, 17], "size": [1, 2, 3], "uv": [266, 235]},
					{"origin": [-0.5, -16, 14], "size": [1, 5, 4], "uv": [10, 261]}
				]
			},
			{
				"name": "bq8",
				"parent": "tail1",
				"pivot": [0, 0, -1],
				"rotation": [-5, -15, -2.5],
				"cubes": [
					{"origin": [-0.5, -7, 12], "size": [1, 9, 3], "uv": [58, 42]},
					{"origin": [-0.5, -5, 15], "size": [1, 5, 4], "uv": [0, 261]},
					{"origin": [-0.5, -3.5, 18], "size": [1, 2, 3], "uv": [266, 220]},
					{"origin": [-1.5, -5, 11], "size": [3, 5, 5], "uv": [202, 252]},
					{"origin": [-1.5, -3.5, 15], "size": [3, 2, 4], "uv": [194, 197]},
					{"origin": [-1.5, -14.5, 14], "size": [3, 2, 4], "uv": [186, 140]},
					{"origin": [-1.5, -16, 9], "size": [3, 5, 5], "uv": [108, 252]},
					{"origin": [-0.5, -14.5, 17], "size": [1, 2, 3], "uv": [266, 172]},
					{"origin": [-0.5, -16, 14], "size": [1, 5, 4], "uv": [260, 66]}
				]
			},
			{
				"name": "bq3",
				"parent": "tail7",
				"pivot": [0, 33, 0],
				"cubes": [
					{"origin": [-0.5, 16, 15], "size": [1, 10, 3], "uv": [60, 259]},
					{"origin": [-0.5, 18, 17], "size": [1, 6, 7], "uv": [104, 239]},
					{"origin": [-0.5, 20, 23], "size": [1, 2, 5], "uv": [133, 259]},
					{"origin": [-1.5, 18, 13], "size": [3, 6, 7], "uv": [242, 36]},
					{"origin": [-1.5, 20, 19], "size": [3, 2, 5], "uv": [56, 229]},
					{"origin": [-1.5, 6, 11], "size": [3, 6, 7], "uv": [242, 0]},
					{"origin": [-1.5, 8, 17], "size": [3, 2, 5], "uv": [36, 229]},
					{"origin": [-0.5, 6, 15], "size": [1, 6, 7], "uv": [177, 210]},
					{"origin": [-0.5, 8, 21], "size": [1, 2, 5], "uv": [98, 259]}
				]
			},
			{
				"name": "bq4",
				"parent": "tail7",
				"pivot": [0, 33, 0],
				"rotation": [-5, -20, 0],
				"cubes": [
					{"origin": [-0.5, 16, 15], "size": [1, 10, 3], "uv": [52, 259]},
					{"origin": [-0.5, 18, 17], "size": [1, 6, 7], "uv": [145, 86]},
					{"origin": [-0.5, 20, 23], "size": [1, 2, 5], "uv": [258, 190]},
					{"origin": [-1.5, 18, 13], "size": [3, 6, 7], "uv": [241, 57]},
					{"origin": [-1.5, 20, 19], "size": [3, 2, 5], "uv": [12, 229]},
					{"origin": [-1.5, 6, 11], "size": [3, 6, 7], "uv": [84, 239]},
					{"origin": [-1.5, 8, 17], "size": [3, 2, 5], "uv": [227, 92]},
					{"origin": [-0.5, 6, 15], "size": [1, 6, 7], "uv": [144, 144]},
					{"origin": [-0.5, 8, 21], "size": [1, 2, 5], "uv": [258, 258]}
				]
			},
			{
				"name": "bq5",
				"parent": "tail7",
				"pivot": [0, 33, 0],
				"rotation": [-5, 20, 0],
				"cubes": [
					{"origin": [-0.5, 16, 14], "size": [1, 10, 3], "uv": [44, 259]},
					{"origin": [-0.5, 18, 16], "size": [1, 6, 7], "uv": [72, 118]},
					{"origin": [-0.5, 20, 22], "size": [1, 2, 5], "uv": [225, 153]},
					{"origin": [-1.5, 18, 12], "size": [3, 6, 7], "uv": [234, 158]},
					{"origin": [-1.5, 20, 18], "size": [3, 2, 5], "uv": [168, 210]},
					{"origin": [-1.5, 6, 10], "size": [3, 6, 7], "uv": [86, 201]},
					{"origin": [-1.5, 8, 16], "size": [3, 2, 5], "uv": [126, 118]},
					{"origin": [-0.5, 6, 14], "size": [1, 6, 7], "uv": [0, 96]},
					{"origin": [-0.5, 8, 20], "size": [1, 2, 5], "uv": [132, 164]}
				]
			},
			{
				"name": "bq0",
				"parent": "body",
				"pivot": [0, 33, 0],
				"cubes": [
					{"origin": [-1, 53, 17], "size": [2, 14, 3], "uv": [78, 252]},
					{"origin": [-1, 55, 20], "size": [2, 10, 8], "uv": [156, 237]},
					{"origin": [-1, 57, 28], "size": [2, 6, 6], "uv": [225, 251]},
					{"origin": [-1, 59, 34], "size": [2, 3, 5], "uv": [236, 258]},
					{"origin": [-2, 55, 18], "size": [4, 10, 2], "uv": [42, 201]},
					{"origin": [-2, 57, 20], "size": [4, 6, 8], "uv": [132, 237]},
					{"origin": [-2, 61, 28], "size": [4, 2, 6], "uv": [130, 251]},
					{"origin": [-2, 72, 20], "size": [4, 2, 6], "uv": [250, 152]},
					{"origin": [-1, 72, 26], "size": [2, 3, 5], "uv": [213, 258]},
					{"origin": [-1, 70, 20], "size": [2, 6, 6], "uv": [186, 250]},
					{"origin": [-1, 68, 12], "size": [2, 10, 8], "uv": [235, 92]},
					{"origin": [-2, 70, 12], "size": [4, 6, 8], "uv": [233, 218]},
					{"origin": [-2, 45, 19], "size": [4, 2, 6], "uv": [250, 49]},
					{"origin": [-1, 45, 25], "size": [2, 3, 5], "uv": [257, 223]},
					{"origin": [-1, 43, 19], "size": [2, 6, 6], "uv": [170, 250]},
					{"origin": [-1, 41, 11], "size": [2, 10, 8], "uv": [235, 17]},
					{"origin": [-2, 43, 11], "size": [4, 6, 8], "uv": [232, 171]},
					{"origin": [-2, 33, 17], "size": [4, 2, 6], "uv": [249, 215]},
					{"origin": [-1, 31, 17], "size": [2, 6, 6], "uv": [0, 249]},
					{"origin": [-1, 33, 23], "size": [2, 3, 5], "uv": [257, 126]},
					{"origin": [-1, 29, 9], "size": [2, 10, 8], "uv": [233, 233]},
					{"origin": [-2, 31, 9], "size": [4, 6, 8], "uv": [232, 144]}
				]
			},
			{
				"name": "bq1",
				"parent": "body",
				"pivot": [0, 33, 0],
				"rotation": [0, 20, 0],
				"cubes": [
					{"origin": [-1, 53, 10], "size": [2, 14, 3], "uv": [170, 25]},
					{"origin": [-1, 55, 13], "size": [2, 10, 8], "uv": [64, 229]},
					{"origin": [-1, 57, 21], "size": [2, 6, 6], "uv": [248, 165]},
					{"origin": [-1, 59, 27], "size": [2, 3, 5], "uv": [257, 8]},
					{"origin": [-2, 55, 11], "size": [4, 10, 2], "uv": [156, 190]},
					{"origin": [-2, 57, 13], "size": [4, 6, 8], "uv": [230, 70]},
					{"origin": [-2, 61, 21], "size": [4, 2, 6], "uv": [248, 140]},
					{"origin": [-2, 72, 13], "size": [4, 2, 6], "uv": [247, 92]},
					{"origin": [-1, 72, 19], "size": [2, 3, 5], "uv": [161, 257]},
					{"origin": [-1, 70, 13], "size": [2, 6, 6], "uv": [247, 13]},
					{"origin": [-1, 68, 7], "size": [2, 10, 8], "uv": [44, 229]},
					{"origin": [-2, 70, 7], "size": [4, 6, 8], "uv": [20, 229]},
					{"origin": [-2, 45, 12], "size": [4, 2, 6], "uv": [246, 70]},
					{"origin": [-1, 45, 18], "size": [2, 3, 5], "uv": [119, 257]},
					{"origin": [-1, 43, 12], "size": [2, 6, 6], "uv": [247, 247]},
					{"origin": [-1, 41, 4], "size": [2, 10, 8], "uv": [0, 229]},
					{"origin": [-2, 43, 4], "size": [4, 6, 8], "uv": [228, 193]},
					{"origin": [-1, 34, 17.25], "size": [2, 3, 5], "uv": [255, 33]},
					{"origin": [-1, 32, 11.25], "size": [2, 6, 6], "uv": [62, 247]},
					{"origin": [-2, 34, 11.25], "size": [4, 2, 6], "uv": [245, 232]}
				]
			},
			{
				"name": "bq2",
				"parent": "body",
				"pivot": [0, 33, 0],
				"rotation": [0, -20, 0],
				"cubes": [
					{"origin": [-1, 53, 13], "size": [2, 14, 3], "uv": [56, 159]},
					{"origin": [-1, 55, 16], "size": [2, 10, 8], "uv": [120, 54]},
					{"origin": [-1, 57, 24], "size": [2, 6, 6], "uv": [46, 247]},
					{"origin": [-1, 59, 30], "size": [2, 3, 5], "uv": [255, 25]},
					{"origin": [-2, 55, 14], "size": [4, 10, 2], "uv": [106, 176]},
					{"origin": [-2, 57, 16], "size": [4, 6, 8], "uv": [226, 43]},
					{"origin": [-2, 61, 24], "size": [4, 2, 6], "uv": [244, 193]},
					{"origin": [-2, 72, 16], "size": [4, 2, 6], "uv": [244, 84]},
					{"origin": [-1, 72, 22], "size": [2, 3, 5], "uv": [30, 255]},
					{"origin": [-1, 70, 16], "size": [2, 6, 6], "uv": [120, 245]},
					{"origin": [-1, 68, 8], "size": [2, 10, 8], "uv": [58, 46]},
					{"origin": [-2, 70, 8], "size": [4, 6, 8], "uv": [217, 226]},
					{"origin": [-2, 45, 15], "size": [4, 2, 6], "uv": [240, 207]},
					{"origin": [-1, 45, 21], "size": [2, 3, 5], "uv": [16, 255]},
					{"origin": [-1, 43, 15], "size": [2, 6, 6], "uv": [30, 243]},
					{"origin": [-1, 41, 7], "size": [2, 10, 8], "uv": [0, 42]},
					{"origin": [-2, 43, 7], "size": [4, 6, 8], "uv": [216, 179]},
					{"origin": [-2, 34, 11], "size": [4, 2, 6], "uv": [240, 185]},
					{"origin": [-1, 32, 11], "size": [2, 6, 6], "uv": [14, 243]},
					{"origin": [-1, 34, 17], "size": [2, 3, 5], "uv": [213, 25]}
				]
			},
			{
				"name": "fj0",
				"parent": "body",
				"pivot": [0, 34, 1],
				"rotation": [0, 15, 0],
				"cubes": [
					{"origin": [-7.04923, 73.13073, -11.06216], "size": [8, 5, 3], "uv": [186, 152]},
					{"origin": [-7.04923, 68.13073, -11.06216], "size": [8, 4, 3], "uv": [194, 0]},
					{"origin": [0.95077, 74.13073, -11.06216], "size": [1, 4, 3], "uv": [9, 96]},
					{"origin": [0.95077, 69.13073, -11.06216], "size": [1, 3, 3], "uv": [230, 70]},
					{"origin": [0.95077, 65.13073, -11.06216], "size": [1, 2, 3], "uv": [266, 123]},
					{"origin": [-7.04923, 64.13073, -11.06216], "size": [8, 3, 3], "uv": [226, 57]}
				]
			},
			{
				"name": "fj00",
				"parent": "fj0",
				"pivot": [0, 34, 1],
				"rotation": [0, 0, -5],
				"cubes": [
					{"origin": [-4.04336, 59.00379, -11.06216], "size": [6, 4, 3], "uv": [253, 240]},
					{"origin": [1.95664, 61.00379, -11.06216], "size": [1, 2, 3], "uv": [266, 81]}
				]
			},
			{
				"name": "fj1",
				"parent": "body",
				"pivot": [0, 34, 1],
				"rotation": [0, -15, 0],
				"cubes": [
					{"origin": [-0.95077, 73.13073, -11.06216], "size": [8, 5, 3], "uv": [185, 92]},
					{"origin": [-0.95077, 68.13073, -11.06216], "size": [8, 4, 3], "uv": [183, 70]},
					{"origin": [-1.95077, 74.13073, -11.06216], "size": [1, 4, 3], "uv": [0, 42]},
					{"origin": [-1.95077, 69.13073, -11.06216], "size": [1, 3, 3], "uv": [0, 229]},
					{"origin": [-1.95077, 65.13073, -11.06216], "size": [1, 2, 3], "uv": [266, 63]},
					{"origin": [-0.95077, 64.13073, -11.06216], "size": [8, 3, 3], "uv": [203, 122]}
				]
			},
			{
				"name": "fj01",
				"parent": "fj1",
				"pivot": [0, 34, 1],
				"rotation": [0, 0, 5],
				"cubes": [
					{"origin": [-1.95664, 59.00379, -11.06216], "size": [6, 4, 3], "uv": [74, 201]},
					{"origin": [-2.95664, 61.00379, -11.06216], "size": [1, 2, 3], "uv": [266, 8]}
				]
			},
			{
				"name": "right_arm",
				"parent": "body",
				"pivot": [-14, 72, -3],
				"rotation": [-10, 0, 15],
				"cubes": [
					{"origin": [-19, 63, -9], "size": [10, 16, 12], "uv": [42, 201], "inflate": -1}
				]
			},
			{
				"name": "right_arm2",
				"parent": "right_arm",
				"pivot": [-14, 64, 1],
				"rotation": [-25, 0, 0],
				"cubes": [
					{"origin": [-18, 48.69221, -5.90467], "size": [8, 18, 7], "uv": [86, 214], "inflate": -1},
					{"origin": [-17, 49.69221, -6.90467], "size": [6, 18, 9], "uv": [147, 210], "inflate": -1}
				]
			},
			{
				"name": "right_arm3",
				"parent": "right_arm2",
				"pivot": [-15, 55, -4],
				"rotation": [-15, 15, -25],
				"cubes": [
					{"origin": [-14.66147, 46.30101, -4.76374], "size": [2, 4, 2], "uv": [228, 195]}
				]
			},
			{
				"name": "right_arm4",
				"parent": "right_arm3",
				"pivot": [-13, 50, -6],
				"rotation": [0, 0, 60],
				"cubes": [
					{"origin": [-11.41081, 45.56868, -4.76374], "size": [2, 3, 2], "uv": [265, 190]},
					{"origin": [-10.91081, 44.56868, -4.26374], "size": [1, 1, 1], "uv": [80, 131]}
				]
			},
			{
				"name": "right_arm5",
				"parent": "right_arm2",
				"pivot": [-14, 64, 1],
				"rotation": [-10, 0, 15],
				"cubes": [
					{"origin": [-13.89732, 46.34856, -3.89545], "size": [2, 4, 2], "uv": [217, 226]},
					{"origin": [-13.89732, 47.34856, 1.10455], "size": [2, 3, 2], "uv": [265, 180]},
					{"origin": [-13.89732, 46.34856, -1.39545], "size": [2, 4, 2], "uv": [216, 179]}
				]
			},
			{
				"name": "right_arm6",
				"parent": "right_arm5",
				"pivot": [-17, 49, -3],
				"rotation": [0, 0, -40],
				"cubes": [
					{"origin": [-16.17973, 41.1937, -3.89545], "size": [2, 4, 2], "uv": [93, 164]},
					{"origin": [-16.17973, 42.1937, -1.39545], "size": [2, 3, 2], "uv": [255, 100]},
					{"origin": [-15.67973, 42.6937, 1.10455], "size": [2, 3, 2], "uv": [25, 255]},
					{"origin": [-15.17973, 41.6937, 1.60455], "size": [1, 1, 1], "uv": [128, 72]},
					{"origin": [-15.67973, 41.1937, -0.89545], "size": [1, 1, 1], "uv": [126, 121]},
					{"origin": [-15.67973, 40.1937, -3.39545], "size": [1, 1, 1], "uv": [124, 60]}
				]
			},
			{
				"name": "right_arm7",
				"parent": "right_arm2",
				"pivot": [-14, 56, 1],
				"rotation": [-10, 0, 15]
			},
			{
				"name": "left_arm8",
				"parent": "right_arm7",
				"pivot": [-17, 49, -3],
				"rotation": [0, 0, -40]
			},
			{
				"name": "left_arm",
				"parent": "body",
				"pivot": [14, 72, -3],
				"rotation": [-10, 0, -15],
				"cubes": [
					{"origin": [9, 63, -9], "size": [10, 16, 12], "uv": [196, 198], "inflate": -1}
				]
			},
			{
				"name": "left_arm2",
				"parent": "left_arm",
				"pivot": [14, 64, 1],
				"rotation": [-25, 0, 0],
				"cubes": [
					{"origin": [10, 48.69221, -5.90467], "size": [8, 18, 7], "uv": [212, 0], "inflate": -1},
					{"origin": [11, 49.69221, -6.90467], "size": [6, 18, 9], "uv": [204, 152], "inflate": -1}
				]
			},
			{
				"name": "left_arm3",
				"parent": "left_arm2",
				"pivot": [15, 55, -4],
				"rotation": [-15, -15, 25],
				"cubes": [
					{"origin": [12.66147, 46.30101, -4.76374], "size": [2, 4, 2], "uv": [153, 143]}
				]
			},
			{
				"name": "left_arm4",
				"parent": "left_arm3",
				"pivot": [13, 50, -6],
				"rotation": [0, 0, -60],
				"cubes": [
					{"origin": [9.41081, 45.56868, -4.76374], "size": [2, 3, 2], "uv": [247, 160]},
					{"origin": [9.91081, 44.56868, -4.26374], "size": [1, 1, 1], "uv": [122, 16]}
				]
			},
			{
				"name": "left_arm5",
				"parent": "left_arm2",
				"pivot": [14, 64, 1],
				"rotation": [-10, 0, -15],
				"cubes": [
					{"origin": [11.89732, 46.34856, -3.89545], "size": [2, 4, 2], "uv": [120, 54]},
					{"origin": [11.89732, 47.34856, 1.10455], "size": [2, 3, 2], "uv": [154, 157]},
					{"origin": [11.89732, 46.34856, -1.39545], "size": [2, 4, 2], "uv": [81, 118]}
				]
			},
			{
				"name": "left_arm6",
				"parent": "left_arm5",
				"pivot": [17, 49, -3],
				"rotation": [0, 0, 40],
				"cubes": [
					{"origin": [14.17973, 41.1937, -3.89545], "size": [2, 4, 2], "uv": [16, 18]},
					{"origin": [14.17973, 42.1937, -1.39545], "size": [2, 3, 2], "uv": [153, 99]},
					{"origin": [13.67973, 42.6937, 1.10455], "size": [2, 3, 2], "uv": [82, 131]},
					{"origin": [14.17973, 41.6937, 1.60455], "size": [1, 1, 1], "uv": [120, 60]},
					{"origin": [14.67973, 41.1937, -0.89545], "size": [1, 1, 1], "uv": [118, 54]},
					{"origin": [14.67973, 40.1937, -3.39545], "size": [1, 1, 1], "uv": [78, 54]}
				]
			},
			{
				"name": "left_arm7",
				"parent": "left_arm2",
				"pivot": [14, 56, 1],
				"rotation": [-10, 0, -15]
			},
			{
				"name": "left_arm8",
				"parent": "left_arm7",
				"pivot": [17, 49, -3],
				"rotation": [0, 0, 40]
			},
			{
				"name": "left_leg",
				"parent": "body",
				"pivot": [14, 39, 0],
				"rotation": [-35, -5, -5]
			},
			{
				"name": "thigh0",
				"parent": "left_leg",
				"pivot": [14, 39, 0],
				"cubes": [
					{"origin": [7, 20, -8], "size": [12, 28, 18], "uv": [144, 144]},
					{"origin": [4, 20, -8], "size": [18, 28, 18], "uv": [72, 118], "inflate": -2}
				]
			},
			{
				"name": "low_leg0",
				"parent": "thigh0",
				"pivot": [14, 18, 1],
				"rotation": [45, 0, 0],
				"cubes": [
					{"origin": [6, -2, 1], "size": [12, 24, 13], "uv": [106, 177]},
					{"origin": [8, -2, -1], "size": [8, 24, 2], "uv": [197, 226]}
				]
			},
			{
				"name": "feet0",
				"parent": "low_leg0",
				"pivot": [13, 2, 5],
				"rotation": [-15, 0, 5],
				"cubes": [
					{"origin": [6, -5, -1], "size": [12, 6, 14], "uv": [192, 72], "inflate": 0.2},
					{"origin": [8.75, -5, -5], "size": [5, 5, 4], "uv": [108, 164]},
					{"origin": [9.25, -4.5, -7], "size": [4, 4, 2], "uv": [56, 247]},
					{"origin": [9.75, -4, -10], "size": [3, 3, 3], "uv": [24, 243]},
					{"origin": [10.25, -5, -11], "size": [2, 3, 1], "uv": [140, 230]}
				]
			},
			{
				"name": "jz01",
				"parent": "feet0",
				"pivot": [13, 0, 5],
				"rotation": [0, 10, 0],
				"cubes": [
					{"origin": [5.75, -5, -7], "size": [2, 3, 1], "uv": [215, 128]},
					{"origin": [4.75, -5, -4], "size": [4, 4, 14], "uv": [213, 25]},
					{"origin": [5.25, -4.5, -6], "size": [3, 3, 2], "uv": [143, 99]}
				]
			},
			{
				"name": "jz02",
				"parent": "feet0",
				"pivot": [13, 0, 5],
				"rotation": [0, -10, 0],
				"cubes": [
					{"origin": [13.75, -5, -4], "size": [4, 4, 7], "uv": [31, 190]},
					{"origin": [16.75, -5, 3], "size": [3, 3, 9], "uv": [117, 164]},
					{"origin": [17.5, -4.5, 1], "size": [2, 2, 2], "uv": [185, 100]},
					{"origin": [18, -5, 0], "size": [1, 2, 1], "uv": [0, 109]},
					{"origin": [14.25, -4.5, -6], "size": [3, 3, 2], "uv": [72, 131]},
					{"origin": [14.75, -5, -7], "size": [2, 3, 1], "uv": [209, 128]}
				]
			},
			{
				"name": "right_leg",
				"parent": "body",
				"pivot": [-14, 39, 0],
				"rotation": [-30, 5, 5]
			},
			{
				"name": "thigh1",
				"parent": "right_leg",
				"pivot": [-14, 39, 0],
				"rotation": [-5, 0, 0],
				"cubes": [
					{"origin": [-19, 20, -8], "size": [12, 28, 18], "uv": [143, 86]},
					{"origin": [-22, 20, -8], "size": [18, 28, 18], "uv": [0, 100], "inflate": -2}
				]
			},
			{
				"name": "low_leg1",
				"parent": "thigh1",
				"pivot": [-14, 18, 1],
				"rotation": [45, 0, 0],
				"cubes": [
					{"origin": [-18, -2, 1], "size": [12, 24, 13], "uv": [56, 164]},
					{"origin": [-16, -2, -1], "size": [8, 24, 2], "uv": [177, 224]}
				]
			},
			{
				"name": "feet1",
				"parent": "low_leg1",
				"pivot": [-13, 2, 5],
				"rotation": [-15, 0, -5],
				"cubes": [
					{"origin": [-18, -5, -1], "size": [12, 6, 14], "uv": [156, 190], "inflate": 0.2},
					{"origin": [-13.75, -5, -5], "size": [5, 5, 4], "uv": [0, 109]},
					{"origin": [-13.25, -4.5, -7], "size": [4, 4, 2], "uv": [134, 214]},
					{"origin": [-12.75, -4, -10], "size": [3, 3, 3], "uv": [109, 214]},
					{"origin": [-12.25, -5, -11], "size": [2, 3, 1], "uv": [203, 128]}
				]
			},
			{
				"name": "jz03",
				"parent": "feet1",
				"pivot": [-13, 0, 5],
				"rotation": [0, -10, 0],
				"cubes": [
					{"origin": [-7.75, -5, -7], "size": [2, 3, 1], "uv": [193, 100]},
					{"origin": [-8.75, -5, -4], "size": [4, 4, 14], "uv": [194, 179]},
					{"origin": [-8.25, -4.5, -6], "size": [3, 3, 2], "uv": [130, 72]}
				]
			},
			{
				"name": "jz04",
				"parent": "feet1",
				"pivot": [-13, 0, 5],
				"rotation": [0, 10, 0],
				"cubes": [
					{"origin": [-17.75, -5, -4], "size": [4, 4, 7], "uv": [126, 125]},
					{"origin": [-19.75, -5, 3], "size": [3, 3, 9], "uv": [93, 164]},
					{"origin": [-19.5, -4.5, 1], "size": [2, 2, 2], "uv": [179, 140]},
					{"origin": [-19, -5, 0], "size": [1, 2, 1], "uv": [92, 19]},
					{"origin": [-17.25, -4.5, -6], "size": [3, 3, 2], "uv": [120, 72]},
					{"origin": [-16.75, -5, -7], "size": [2, 3, 1], "uv": [16, 60]}
				]
			},
			{
				"name": "atom",
				"parent": "body",
				"pivot": [0, 0, 0]
			}
		]
	}
}
