{
	"format_version": "1.12.0",
	"minecraft:geometry": [
		{
			"description": {
				"identifier": "geometry.mothra",
				"texture_width": 1024,
				"texture_height": 1024,
				"visible_bounds_width": 45,
				"visible_bounds_height": 8,
				"visible_bounds_offset": [0, 0, 0]
			},
			"bones": [
				{
					"name": "body",
					"pivot": [0, 52, -14],
					"rotation": [-13, 0, 0],
					"cubes": [
						{"origin": [-7.5, 55, -41], "size": [15, 14, 19], "uv": [615, 463]},
						{"origin": [8, 57.5, -39], "size": [4, 8, 8], "inflate": -0.25, "pivot": [0, 68, -40], "rotation": [0, 0, 15], "uv": [682, 316]},
						{"origin": [-12, 57.5, -39], "size": [4, 8, 8], "inflate": -0.25, "pivot": [0, 68, -40], "rotation": [0, 0, -15], "uv": [682, 316]},
						{"origin": [-7.5, 55.5, -34.25], "size": [15, 14, 19], "inflate": -0.25, "uv": [615, 463]},
						{"origin": [-4.75, 52, -39.75], "size": [7, 4, 12], "inflate": 0.25, "pivot": [0, 68, -42], "rotation": [0, 0, 10], "uv": [545, 88]},
						{"origin": [-2.25, 52, -39.75], "size": [7, 4, 12], "inflate": 0.25, "pivot": [0, 68, -42], "rotation": [0, 0, -10], "uv": [545, 88]},
						{"origin": [-2, 51, -33.25], "size": [5, 3, 5], "inflate": 0.25, "pivot": [0, 68, -42], "rotation": [0, 0, -10], "uv": [86, 124]},
						{"origin": [-3, 51, -33.25], "size": [5, 3, 5], "inflate": 0.25, "pivot": [0, 68, -42], "rotation": [0, 0, 10], "uv": [86, 124], "mirror": true},
						{"origin": [-1.475, 53.25, -40.5], "size": [7, 4, 12], "inflate": 0.25, "pivot": [0, 68, -42], "rotation": [0, -3, -10], "uv": [576, 12]},
						{"origin": [-5.525, 53.25, -40.5], "size": [7, 4, 12], "inflate": 0.25, "pivot": [0, 68, -42], "rotation": [0, 3, 10], "uv": [576, 12]},
						{"origin": [-9, 62, -39], "size": [18, 10, 17], "pivot": [0, 68, -42], "rotation": [10, 0, 0], "uv": [213, 0]},
						{"origin": [-8.5, 62, -46], "size": [17, 7, 12], "pivot": [0, 68, -42], "rotation": [20, 0, 0], "uv": [213, 0]},
						{"origin": [-8.5, 66.94874, -22.9499], "size": [17, 7, 10], "uv": [213, 0]},
						{"origin": [-7, 75.75102, -17.38132], "size": [14, 7, 4], "pivot": [0, 68, -42], "rotation": [-25, 0, 0], "uv": [719, 48]},
						{"origin": [-8.5, 62.75, -43], "size": [17, 5, 16], "inflate": -0.25, "pivot": [0, 68, -42], "rotation": [-10, 0, 0], "uv": [737, 15]},
						{"origin": [-8.5, 64.75, -27.5], "size": [17, 7, 8], "inflate": -0.25, "pivot": [0, 68, -42], "rotation": [-10, 0, 0], "uv": [737, 15]}
					]
				},
				{
					"name": "left_forelimb0",
					"parent": "body",
					"pivot": [8, 60, -35],
					"cubes": [
						{"origin": [5.5, 49, -37.5], "size": [5, 12, 4], "inflate": -0.2, "uv": [560, 51]},
						{"origin": [5.5, 55.5, -37.5], "size": [5, 6, 5], "inflate": 0.05, "uv": [591, 341]},
						{"origin": [6.5, 35.475, -38.175], "size": [3, 14, 3], "inflate": -0.3, "pivot": [0, 68, -40], "rotation": [5, 0, 0], "uv": [560, 51]},
						{"origin": [6, 35.125, -35.15], "size": [4, 16, 5], "inflate": -0.05, "uv": [560, 51]},
						{"origin": [6, 33.95, -34.125], "size": [4, 2, 4], "inflate": 0.05, "uv": [560, 51]},
						{"origin": [6, 38.65, -62.05], "size": [4, 5, 2], "inflate": 0.45, "pivot": [0, 68, -40], "rotation": [50, 0, 0], "uv": [560, 51]},
						{"origin": [6, 47.825, -40.125], "size": [4, 11, 3], "inflate": -0.3, "pivot": [0, 68, -40], "rotation": [20, 0, 0], "uv": [560, 51]},
						{"origin": [5.5, 47.95, -37.375], "size": [5, 5, 6], "inflate": -0.25, "pivot": [8, 49, -35], "rotation": [-25, 0, 0], "uv": [560, 51]}
					]
				},
				{
					"name": "left_forelimb1",
					"parent": "left_forelimb0",
					"pivot": [8, 33, -33],
					"rotation": [-75, 0, 0],
					"cubes": [
						{"origin": [6.5, 8.125, -33.15], "size": [3, 24, 2], "inflate": -0.05, "uv": [0, 0]},
						{"origin": [6, 30.875, -35.9], "size": [4, 4, 5], "inflate": -0.05, "uv": [591, 341]},
						{"origin": [6, 6.75, -37.275], "size": [4, 2, 6], "inflate": -0.05, "pivot": [8, 9, -33], "rotation": [35, 0, 0], "uv": [560, 51]},
						{"origin": [8.5, 8.125, -35.65], "size": [1, 14, 4], "inflate": -0.05, "pivot": [8, 21, -33], "rotation": [0, 20, 0], "uv": [560, 51]},
						{"origin": [8.5, 22.125, -35.65], "size": [1, 9, 5], "inflate": 0.15, "pivot": [8, 21, -33], "rotation": [0, 20, 0], "uv": [560, 51]},
						{"origin": [6.5, 8.125, -35.65], "size": [1, 14, 4], "inflate": -0.05, "pivot": [8, 21, -33], "rotation": [0, -20, 0], "uv": [560, 51]},
						{"origin": [6.5, 22.125, -35.65], "size": [1, 9, 5], "inflate": 0.15, "pivot": [8, 21, -33], "rotation": [0, -20, 0], "uv": [560, 51]},
						{"origin": [6.5, 7.375, -35.65], "size": [1, 1, 4], "inflate": -0.05, "pivot": [8, 21, -33], "rotation": [0, -20, 0], "uv": [560, 51]},
						{"origin": [8.5, 7.375, -35.65], "size": [1, 1, 4], "inflate": -0.05, "pivot": [8, 21, -33], "rotation": [0, 20, 0], "uv": [560, 51]},
						{"origin": [6.5, 6.625, -35.65], "size": [1, 1, 3], "inflate": -0.05, "pivot": [8, 21, -33], "rotation": [0, -20, 0], "uv": [560, 51]},
						{"origin": [8.5, 6.625, -35.65], "size": [1, 1, 3], "inflate": -0.05, "pivot": [8, 21, -33], "rotation": [0, 20, 0], "uv": [560, 51]},
						{"origin": [6.5, 5.875, -35.65], "size": [1, 1, 2], "inflate": -0.05, "pivot": [8, 21, -33], "rotation": [0, -20, 0], "uv": [560, 51]},
						{"origin": [8.5, 5.875, -35.65], "size": [1, 1, 2], "inflate": -0.05, "pivot": [8, 21, -33], "rotation": [0, 20, 0], "uv": [560, 51]}
					]
				},
				{
					"name": "left_forelimb2",
					"parent": "left_forelimb1",
					"pivot": [8, 5, -33],
					"rotation": [95, 0, 0],
					"cubes": [
						{"origin": [6.5, 1.625, -34.9], "size": [3, 5, 3], "inflate": -0.05, "uv": [664, 408]},
						{"origin": [6, -6.875, -33.65], "size": [4, 12, 4], "pivot": [8, 6, -35], "rotation": [-35, 0, 0], "uv": [679, 0]},
						{"origin": [7.5, -6.875, -30.65], "size": [1, 1, 2], "inflate": -0.15, "pivot": [8, 6, -35], "rotation": [-35, 0, 0], "uv": [0, 60]},
						{"origin": [7.5, -2.875, -28.65], "size": [1, 1, 2], "inflate": -0.15, "pivot": [8, 6, -35], "rotation": [-45, 0, 0], "uv": [0, 60]},
						{"origin": [7.5, 3.125, -29.65], "size": [1, 1, 2], "inflate": -0.15, "pivot": [8, 6, -35], "rotation": [-45, 0, 0], "uv": [0, 60]},
						{"origin": [7.5, 3.125, -29.65], "size": [1, 1, 2], "inflate": -0.15, "pivot": [8, 6, -35], "rotation": [-45, 45, 0], "uv": [0, 60]},
						{"origin": [7.5, 3.125, -29.65], "size": [1, 1, 2], "inflate": -0.15, "pivot": [8, 6, -35], "rotation": [-45, -45, 0], "uv": [0, 60]},
						{"origin": [7.5, 0.125, -29.9], "size": [1, 1, 2], "inflate": -0.15, "pivot": [8, 6, -35], "rotation": [-45, 0, 0], "uv": [0, 60]},
						{"origin": [6.5, -4.18777, -28.50659], "size": [3, 3, 10], "pivot": [8, 1, -35], "rotation": [-95, 0, 0], "uv": [679, 0]},
						{"origin": [7.5, -2.43777, -20.50659], "size": [1, 2, 1], "inflate": -0.25, "pivot": [8, 1, -35], "rotation": [-95, 0, 0], "uv": [0, 60]},
						{"origin": [7.5, -2.43777, -22.50659], "size": [1, 2, 1], "inflate": -0.25, "pivot": [8, 1, -35], "rotation": [-95, 0, 0], "uv": [0, 60]},
						{"origin": [7.5, -0.18777, -24.50659], "size": [1, 2, 1], "inflate": -0.25, "pivot": [8, 1, -35], "rotation": [-105, 0, 0], "uv": [0, 60]},
						{"origin": [7, -12.28233, -24.42263], "size": [2, 2, 6], "pivot": [8, 1, -35], "rotation": [-60, 0, 0], "uv": [679, 0]},
						{"origin": [7, -16.83233, -25.54763], "size": [2, 2, 4], "inflate": -0.25, "pivot": [8, 1, -35], "rotation": [-40, 0, 0], "uv": [0, 60]}
					]
				},
				{
					"name": "right_forelimb0",
					"parent": "body",
					"pivot": [-8, 60, -35],
					"cubes": [
						{"origin": [-10.5, 49, -37.5], "size": [5, 12, 4], "inflate": -0.2, "uv": [560, 51], "mirror": true},
						{"origin": [-10.5, 55.5, -37.5], "size": [5, 6, 5], "inflate": 0.05, "uv": [591, 341], "mirror": true},
						{"origin": [-9.5, 35.475, -38.175], "size": [3, 14, 3], "inflate": -0.3, "pivot": [0, 68, -40], "rotation": [5, 0, 0], "uv": [560, 51], "mirror": true},
						{"origin": [-10, 35.125, -35.15], "size": [4, 16, 5], "inflate": -0.05, "uv": [560, 51], "mirror": true},
						{"origin": [-10, 33.95, -34.125], "size": [4, 2, 4], "inflate": 0.05, "uv": [560, 51], "mirror": true},
						{"origin": [-10, 38.65, -62.05], "size": [4, 5, 2], "inflate": 0.45, "pivot": [0, 68, -40], "rotation": [50, 0, 0], "uv": [560, 51], "mirror": true},
						{"origin": [-10, 47.825, -40.125], "size": [4, 11, 3], "inflate": -0.3, "pivot": [0, 68, -40], "rotation": [20, 0, 0], "uv": [560, 51], "mirror": true},
						{"origin": [-10.5, 47.95, -37.375], "size": [5, 5, 6], "inflate": -0.25, "pivot": [-8, 49, -35], "rotation": [-25, 0, 0], "uv": [560, 51], "mirror": true}
					]
				},
				{
					"name": "right_forelimb1",
					"parent": "right_forelimb0",
					"pivot": [-8, 33, -33],
					"rotation": [-75, 0, 0],
					"cubes": [
						{"origin": [-9.5, 8.125, -33.15], "size": [3, 24, 2], "inflate": -0.05, "uv": [0, 0], "mirror": true},
						{"origin": [-10, 30.875, -35.9], "size": [4, 4, 5], "inflate": -0.05, "uv": [591, 341], "mirror": true},
						{"origin": [-10, 6.75, -37.275], "size": [4, 2, 6], "inflate": -0.05, "pivot": [-8, 9, -33], "rotation": [35, 0, 0], "uv": [560, 51], "mirror": true},
						{"origin": [-9.5, 8.125, -35.65], "size": [1, 14, 4], "inflate": -0.05, "pivot": [-8, 21, -33], "rotation": [0, -20, 0], "uv": [560, 51], "mirror": true},
						{"origin": [-9.5, 22.125, -35.65], "size": [1, 9, 5], "inflate": 0.15, "pivot": [-8, 21, -33], "rotation": [0, -20, 0], "uv": [560, 51], "mirror": true},
						{"origin": [-7.5, 8.125, -35.65], "size": [1, 14, 4], "inflate": -0.05, "pivot": [-8, 21, -33], "rotation": [0, 20, 0], "uv": [560, 51], "mirror": true},
						{"origin": [-7.5, 22.125, -35.65], "size": [1, 9, 5], "inflate": 0.15, "pivot": [-8, 21, -33], "rotation": [0, 20, 0], "uv": [560, 51], "mirror": true},
						{"origin": [-7.5, 7.375, -35.65], "size": [1, 1, 4], "inflate": -0.05, "pivot": [-8, 21, -33], "rotation": [0, 20, 0], "uv": [560, 51], "mirror": true},
						{"origin": [-9.5, 7.375, -35.65], "size": [1, 1, 4], "inflate": -0.05, "pivot": [-8, 21, -33], "rotation": [0, -20, 0], "uv": [560, 51], "mirror": true},
						{"origin": [-7.5, 6.625, -35.65], "size": [1, 1, 3], "inflate": -0.05, "pivot": [-8, 21, -33], "rotation": [0, 20, 0], "uv": [560, 51], "mirror": true},
						{"origin": [-9.5, 6.625, -35.65], "size": [1, 1, 3], "inflate": -0.05, "pivot": [-8, 21, -33], "rotation": [0, -20, 0], "uv": [560, 51], "mirror": true},
						{"origin": [-7.5, 5.875, -35.65], "size": [1, 1, 2], "inflate": -0.05, "pivot": [-8, 21, -33], "rotation": [0, 20, 0], "uv": [560, 51], "mirror": true},
						{"origin": [-9.5, 5.875, -35.65], "size": [1, 1, 2], "inflate": -0.05, "pivot": [-8, 21, -33], "rotation": [0, -20, 0], "uv": [560, 51], "mirror": true}
					]
				},
				{
					"name": "right_forelimb2",
					"parent": "right_forelimb1",
					"pivot": [-8, 5, -33],
					"rotation": [90, 0, 0],
					"cubes": [
						{"origin": [-9.5, 1.625, -34.9], "size": [3, 5, 3], "inflate": -0.05, "uv": [664, 408], "mirror": true},
						{"origin": [-10, -6.875, -33.65], "size": [4, 12, 4], "pivot": [-8, 6, -35], "rotation": [-35, 0, 0], "uv": [679, 0], "mirror": true},
						{"origin": [-8.5, -6.875, -30.65], "size": [1, 1, 2], "inflate": -0.15, "pivot": [-8, 6, -35], "rotation": [-35, 0, 0], "uv": [0, 60], "mirror": true},
						{"origin": [-8.5, -2.875, -28.65], "size": [1, 1, 2], "inflate": -0.15, "pivot": [-8, 6, -35], "rotation": [-45, 0, 0], "uv": [0, 60], "mirror": true},
						{"origin": [-8.5, 3.125, -29.65], "size": [1, 1, 2], "inflate": -0.15, "pivot": [-8, 6, -35], "rotation": [-45, 0, 0], "uv": [0, 60], "mirror": true},
						{"origin": [-8.5, 3.125, -29.65], "size": [1, 1, 2], "inflate": -0.15, "pivot": [-8, 6, -35], "rotation": [-45, -45, 0], "uv": [0, 60], "mirror": true},
						{"origin": [-8.5, 3.125, -29.65], "size": [1, 1, 2], "inflate": -0.15, "pivot": [-8, 6, -35], "rotation": [-45, 45, 0], "uv": [0, 60], "mirror": true},
						{"origin": [-8.5, 0.125, -29.9], "size": [1, 1, 2], "inflate": -0.15, "pivot": [-8, 6, -35], "rotation": [-45, 0, 0], "uv": [0, 60], "mirror": true},
						{"origin": [-9.5, -4.18777, -28.50659], "size": [3, 3, 10], "pivot": [-8, 1, -35], "rotation": [-95, 0, 0], "uv": [679, 0], "mirror": true},
						{"origin": [-8.5, -2.43777, -20.50659], "size": [1, 2, 1], "inflate": -0.25, "pivot": [-8, 1, -35], "rotation": [-95, 0, 0], "uv": [0, 60], "mirror": true},
						{"origin": [-8.5, -2.43777, -22.50659], "size": [1, 2, 1], "inflate": -0.25, "pivot": [-8, 1, -35], "rotation": [-95, 0, 0], "uv": [0, 60], "mirror": true},
						{"origin": [-8.5, -0.18777, -24.50659], "size": [1, 2, 1], "inflate": -0.25, "pivot": [-8, 1, -35], "rotation": [-105, 0, 0], "uv": [0, 60], "mirror": true},
						{"origin": [-9, -12.28233, -24.42263], "size": [2, 2, 6], "pivot": [-8, 1, -35], "rotation": [-60, 0, 0], "uv": [679, 0], "mirror": true},
						{"origin": [-9, -16.83233, -25.54763], "size": [2, 2, 4], "inflate": -0.25, "pivot": [-8, 1, -35], "rotation": [-40, 0, 0], "uv": [0, 60], "mirror": true}
					]
				},
				{
					"name": "left_limb0",
					"parent": "body",
					"pivot": [3, 56.4232, -19.73183],
					"rotation": [50, 0, 0],
					"cubes": [
						{"origin": [1.5, 47.4232, -22.23183], "size": [4, 8, 3], "inflate": -0.2, "uv": [661, 18]},
						{"origin": [1.5, 53.9232, -22.23183], "size": [4, 4, 4], "inflate": 0.05, "uv": [609, 438]},
						{"origin": [2.5, 37.13029, -22.68282], "size": [2, 11, 2], "inflate": -0.3, "pivot": [-5, 64.4232, -24.73183], "rotation": [5, 0, 0], "uv": [661, 18]},
						{"origin": [2, 36.77991, -20.11468], "size": [3, 13, 4], "inflate": -0.05, "uv": [661, 18]},
						{"origin": [2.5, 36.60491, -17.76468], "size": [2, 13, 4], "inflate": -0.05, "pivot": [-6, 64.4232, -24.73183], "rotation": [-5, 0, 0], "uv": [0, 21]},
						{"origin": [2, 35.57991, -19.11468], "size": [3, 2, 3], "inflate": -0.05, "uv": [110, 114]},
						{"origin": [2, 39.39488, -42.66076], "size": [3, 5, 1], "inflate": 0.45, "pivot": [-5, 64.4232, -24.73183], "rotation": [50, 0, 0], "uv": [740, 0]},
						{"origin": [2, 45.9982, -24.85683], "size": [3, 10, 4], "inflate": -0.3, "pivot": [-5, 64.4232, -24.73183], "rotation": [20, 0, 0], "uv": [661, 18]},
						{"origin": [1.5, 46.1232, -23.10683], "size": [4, 5, 5], "inflate": -0.25, "pivot": [3, 45.4232, -19.73183], "rotation": [-25, 0, 0], "uv": [661, 18]}
					]
				},
				{
					"name": "left_limb1",
					"parent": "left_limb0",
					"pivot": [3.5, 35.4232, -18.73183],
					"rotation": [-35, 0, 0],
					"cubes": [
						{"origin": [2.5, 17.5482, -18.88183], "size": [2, 20, 2], "inflate": -0.05, "uv": [0, 0]},
						{"origin": [2, 33.2982, -21.63183], "size": [3, 4, 5], "inflate": -0.05, "uv": [636, 444]},
						{"origin": [2, 14.4232, -18.00683], "size": [3, 2, 5], "inflate": -0.05, "pivot": [3.5, 11.4232, -18.73183], "rotation": [35, 0, 0], "uv": [137, 133]},
						{"origin": [3.525, 17.5482, -20.38183], "size": [1, 14, 3], "inflate": -0.05, "pivot": [3.5, 23.4232, -18.73183], "rotation": [0, 20, 0], "uv": [661, 18]},
						{"origin": [3.78215, 27.2347, -20.7833], "size": [1, 6, 4], "inflate": 0.15, "pivot": [3.5, 23.4232, -18.73183], "rotation": [0, 20, 0], "uv": [661, 18]},
						{"origin": [2.475, 17.5482, -20.38183], "size": [1, 14, 3], "inflate": -0.05, "pivot": [3.5, 23.4232, -18.73183], "rotation": [0, -20, 0], "uv": [661, 18]},
						{"origin": [2.21785, 27.2347, -20.7833], "size": [1, 6, 4], "inflate": 0.15, "pivot": [3.5, 23.4232, -18.73183], "rotation": [0, -20, 0], "uv": [661, 18]},
						{"origin": [2.475, 16.7982, -20.38183], "size": [1, 1, 3], "inflate": -0.05, "pivot": [3.5, 23.4232, -18.73183], "rotation": [0, -20, 0], "uv": [143, 164]},
						{"origin": [3.525, 16.7982, -20.38183], "size": [1, 1, 3], "inflate": -0.05, "pivot": [3.5, 23.4232, -18.73183], "rotation": [0, 20, 0], "uv": [127, 161]},
						{"origin": [2.475, 16.0482, -20.38183], "size": [1, 1, 2], "inflate": -0.05, "pivot": [3.5, 23.4232, -18.73183], "rotation": [0, -20, 0], "uv": [92, 144]},
						{"origin": [3.525, 16.0482, -20.38183], "size": [1, 1, 2], "inflate": -0.05, "pivot": [3.5, 23.4232, -18.73183], "rotation": [0, 20, 0], "uv": [98, 136]},
						{"origin": [2.475, 15.2982, -20.38183], "size": [1, 1, 1], "inflate": -0.05, "pivot": [3.5, 23.4232, -18.73183], "rotation": [0, -20, 0], "uv": [57, 17]},
						{"origin": [3.525, 15.2982, -20.38183], "size": [1, 1, 1], "inflate": -0.05, "pivot": [3.5, 23.4232, -18.73183], "rotation": [0, 20, 0], "uv": [53, 17]}
					]
				},
				{
					"name": "left_limb2",
					"parent": "left_limb1",
					"pivot": [3, 15.4232, -18.73183],
					"cubes": [
						{"origin": [2.5, 12.5482, -20.63183], "size": [2, 4, 3], "inflate": -0.05, "uv": [609, 438]},
						{"origin": [2, 5.5482, -18.88183], "size": [3, 10, 3], "pivot": [3, 16.4232, -20.73183], "rotation": [-35, 0, 0], "uv": [679, 0]},
						{"origin": [3, 6.5482, -17.15683], "size": [1, 1, 2], "inflate": -0.25, "pivot": [3, 16.4232, -20.73183], "rotation": [-35, 0, 0], "uv": [91, 132]},
						{"origin": [3, 9.2232, -16.48183], "size": [1, 1, 2], "inflate": -0.25, "pivot": [3, 16.4232, -20.73183], "rotation": [-40, 0, 0], "uv": [54, 131]},
						{"origin": [3, 11.0482, -17.15683], "size": [1, 1, 2], "inflate": -0.25, "pivot": [3, 16.4232, -20.73183], "rotation": [-35, 0, 0], "uv": [0, 130]},
						{"origin": [3, 15.42499, -16.08441], "size": [1, 1, 2], "inflate": -0.25, "pivot": [3.5, 16.4232, -20.73183], "rotation": [-55, 0, 0], "uv": [101, 124]},
						{"origin": [3.48172, 15.28137, -16.18497], "size": [1, 1, 2], "inflate": -0.25, "pivot": [3.5, 16.4232, -20.73183], "rotation": [-55, -40, 0], "uv": [119, 114]},
						{"origin": [2.51828, 15.28137, -16.18497], "size": [1, 1, 2], "inflate": -0.25, "pivot": [3.5, 16.4232, -20.73183], "rotation": [-55, 40, 0], "uv": [110, 110]},
						{"origin": [2.5, 7.48543, -15.23842], "size": [2, 2, 7], "pivot": [3, 11.4232, -20.73183], "rotation": [-95, 0, 0], "uv": [679, 0]},
						{"origin": [3, 9.13543, -10.13842], "size": [1, 1, 1], "inflate": -0.3, "pivot": [3, 11.4232, -20.73183], "rotation": [-95, 0, 0], "uv": [15, 50]},
						{"origin": [3, 9.13543, -11.63842], "size": [1, 1, 1], "inflate": -0.3, "pivot": [3, 11.4232, -20.73183], "rotation": [-95, 0, 0], "uv": [49, 17]},
						{"origin": [3, 9.13543, -13.13842], "size": [1, 1, 1], "inflate": -0.3, "pivot": [3, 11.4232, -20.73183], "rotation": [-95, 0, 0], "uv": [13, 3]},
						{"origin": [3, 1.36587, -12.75446], "size": [1, 1, 2], "pivot": [3, 11.4232, -20.73183], "rotation": [-60, 0, 0], "uv": [93, 7]}
					]
				},
				{
					"name": "right_limb0",
					"parent": "body",
					"pivot": [-3, 56.4232, -19.73183],
					"rotation": [50, 0, 0],
					"cubes": [
						{"origin": [-5.5, 47.4232, -22.23183], "size": [4, 8, 3], "inflate": -0.2, "uv": [661, 18], "mirror": true},
						{"origin": [-5.5, 53.9232, -22.23183], "size": [4, 4, 4], "inflate": 0.05, "uv": [609, 438], "mirror": true},
						{"origin": [-4.5, 37.13029, -22.68282], "size": [2, 11, 2], "inflate": -0.3, "pivot": [5, 64.4232, -24.73183], "rotation": [5, 0, 0], "uv": [661, 18], "mirror": true},
						{"origin": [-5, 36.77991, -20.11468], "size": [3, 13, 4], "inflate": -0.05, "uv": [661, 18], "mirror": true},
						{"origin": [-4.5, 36.60491, -17.76468], "size": [2, 13, 4], "inflate": -0.05, "pivot": [6, 64.4232, -24.73183], "rotation": [-5, 0, 0], "uv": [0, 21], "mirror": true},
						{"origin": [-5, 35.57991, -19.11468], "size": [3, 2, 3], "inflate": -0.05, "uv": [110, 114], "mirror": true},
						{"origin": [-5, 39.39488, -42.66076], "size": [3, 5, 1], "inflate": 0.45, "pivot": [5, 64.4232, -24.73183], "rotation": [50, 0, 0], "uv": [740, 0], "mirror": true},
						{"origin": [-5, 45.9982, -24.85683], "size": [3, 10, 4], "inflate": -0.3, "pivot": [5, 64.4232, -24.73183], "rotation": [20, 0, 0], "uv": [661, 18], "mirror": true},
						{"origin": [-5.5, 46.1232, -23.10683], "size": [4, 5, 5], "inflate": -0.25, "pivot": [-3, 45.4232, -19.73183], "rotation": [-25, 0, 0], "uv": [661, 18], "mirror": true}
					]
				},
				{
					"name": "right_limb1",
					"parent": "right_limb0",
					"pivot": [-3.5, 35.4232, -18.73183],
					"rotation": [-35, 0, 0],
					"cubes": [
						{"origin": [-4.5, 17.5482, -18.88183], "size": [2, 20, 2], "inflate": -0.05, "uv": [0, 0], "mirror": true},
						{"origin": [-5, 33.2982, -21.63183], "size": [3, 4, 5], "inflate": -0.05, "uv": [636, 444], "mirror": true},
						{"origin": [-5, 14.4232, -18.00683], "size": [3, 2, 5], "inflate": -0.05, "pivot": [-3.5, 11.4232, -18.73183], "rotation": [35, 0, 0], "uv": [137, 133], "mirror": true},
						{"origin": [-4.525, 17.5482, -20.38183], "size": [1, 14, 3], "inflate": -0.05, "pivot": [-3.5, 23.4232, -18.73183], "rotation": [0, -20, 0], "uv": [661, 18], "mirror": true},
						{"origin": [-4.78215, 27.2347, -20.7833], "size": [1, 6, 4], "inflate": 0.15, "pivot": [-3.5, 23.4232, -18.73183], "rotation": [0, -20, 0], "uv": [661, 18], "mirror": true},
						{"origin": [-3.475, 17.5482, -20.38183], "size": [1, 14, 3], "inflate": -0.05, "pivot": [-3.5, 23.4232, -18.73183], "rotation": [0, 20, 0], "uv": [661, 18], "mirror": true},
						{"origin": [-3.21785, 27.2347, -20.7833], "size": [1, 6, 4], "inflate": 0.15, "pivot": [-3.5, 23.4232, -18.73183], "rotation": [0, 20, 0], "uv": [661, 18], "mirror": true},
						{"origin": [-3.475, 16.7982, -20.38183], "size": [1, 1, 3], "inflate": -0.05, "pivot": [-3.5, 23.4232, -18.73183], "rotation": [0, 20, 0], "uv": [143, 164], "mirror": true},
						{"origin": [-4.525, 16.7982, -20.38183], "size": [1, 1, 3], "inflate": -0.05, "pivot": [-3.5, 23.4232, -18.73183], "rotation": [0, -20, 0], "uv": [127, 161], "mirror": true},
						{"origin": [-3.475, 16.0482, -20.38183], "size": [1, 1, 2], "inflate": -0.05, "pivot": [-3.5, 23.4232, -18.73183], "rotation": [0, 20, 0], "uv": [92, 144], "mirror": true},
						{"origin": [-4.525, 16.0482, -20.38183], "size": [1, 1, 2], "inflate": -0.05, "pivot": [-3.5, 23.4232, -18.73183], "rotation": [0, -20, 0], "uv": [98, 136], "mirror": true},
						{"origin": [-3.475, 15.2982, -20.38183], "size": [1, 1, 1], "inflate": -0.05, "pivot": [-3.5, 23.4232, -18.73183], "rotation": [0, 20, 0], "uv": [57, 17], "mirror": true},
						{"origin": [-4.525, 15.2982, -20.38183], "size": [1, 1, 1], "inflate": -0.05, "pivot": [-3.5, 23.4232, -18.73183], "rotation": [0, -20, 0], "uv": [53, 17], "mirror": true}
					]
				},
				{
					"name": "right_limb2",
					"parent": "right_limb1",
					"pivot": [-3, 15.4232, -18.73183],
					"cubes": [
						{"origin": [-4.5, 12.5482, -20.63183], "size": [2, 4, 3], "inflate": -0.05, "uv": [609, 438], "mirror": true},
						{"origin": [-5, 5.5482, -18.88183], "size": [3, 10, 3], "pivot": [-3, 16.4232, -20.73183], "rotation": [-35, 0, 0], "uv": [679, 0], "mirror": true},
						{"origin": [-4, 6.5482, -17.15683], "size": [1, 1, 2], "inflate": -0.25, "pivot": [-3, 16.4232, -20.73183], "rotation": [-35, 0, 0], "uv": [91, 132], "mirror": true},
						{"origin": [-4, 9.2232, -16.48183], "size": [1, 1, 2], "inflate": -0.25, "pivot": [-3, 16.4232, -20.73183], "rotation": [-40, 0, 0], "uv": [54, 131], "mirror": true},
						{"origin": [-4, 11.0482, -17.15683], "size": [1, 1, 2], "inflate": -0.25, "pivot": [-3, 16.4232, -20.73183], "rotation": [-35, 0, 0], "uv": [0, 130], "mirror": true},
						{"origin": [-4, 15.42499, -16.08441], "size": [1, 1, 2], "inflate": -0.25, "pivot": [-3.5, 16.4232, -20.73183], "rotation": [-55, 0, 0], "uv": [101, 124], "mirror": true},
						{"origin": [-4.48172, 15.28137, -16.18497], "size": [1, 1, 2], "inflate": -0.25, "pivot": [-3.5, 16.4232, -20.73183], "rotation": [-55, 40, 0], "uv": [119, 114], "mirror": true},
						{"origin": [-3.51828, 15.28137, -16.18497], "size": [1, 1, 2], "inflate": -0.25, "pivot": [-3.5, 16.4232, -20.73183], "rotation": [-55, -40, 0], "uv": [110, 110], "mirror": true},
						{"origin": [-4.5, 7.48543, -15.23842], "size": [2, 2, 7], "pivot": [-3, 11.4232, -20.73183], "rotation": [-95, 0, 0], "uv": [679, 0], "mirror": true},
						{"origin": [-4, 9.13543, -10.13842], "size": [1, 1, 1], "inflate": -0.3, "pivot": [-3, 11.4232, -20.73183], "rotation": [-95, 0, 0], "uv": [15, 50], "mirror": true},
						{"origin": [-4, 9.13543, -11.63842], "size": [1, 1, 1], "inflate": -0.3, "pivot": [-3, 11.4232, -20.73183], "rotation": [-95, 0, 0], "uv": [49, 17], "mirror": true},
						{"origin": [-4, 9.13543, -13.13842], "size": [1, 1, 1], "inflate": -0.3, "pivot": [-3, 11.4232, -20.73183], "rotation": [-95, 0, 0], "uv": [13, 3], "mirror": true},
						{"origin": [-4, 1.36587, -12.75446], "size": [1, 1, 2], "pivot": [-3, 11.4232, -20.73183], "rotation": [-60, 0, 0], "uv": [93, 7], "mirror": true}
					]
				},
				{
					"name": "left_wing0",
					"parent": "body",
					"pivot": [9, 68, -38],
					"rotation": [0, 5, 0],
					"cubes": [
						{"origin": [7.9, 68, -180.4], "size": [341, 0, 156], "uv": [12, 793]},
						{"origin": [5, 67, -39.15], "size": [94, 2, 2], "inflate": 0.2, "pivot": [0, 68, -44], "rotation": [0, 33, 0], "uv": [0, 109]},
						{"origin": [99, 67, -49.625], "size": [59, 2, 2], "inflate": 0.1, "pivot": [0, 68, -44], "rotation": [0, 27, 0], "uv": [0, 109]},
						{"origin": [157.25, 67, -55.175], "size": [84, 2, 2], "pivot": [0, 68, -44], "rotation": [0, 25, 0], "uv": [0, 109]},
						{"origin": [240.525, 67, -62.875], "size": [37, 2, 2], "pivot": [0, 68, -44], "rotation": [0, 23, 0], "uv": [0, 109]},
						{"origin": [256.25, 67, -152.375], "size": [37, 2, 2], "pivot": [0, 68, -44], "rotation": [0, 4, 0], "uv": [0, 109]},
						{"origin": [287.05, 67, -167.5], "size": [37, 2, 2], "inflate": -0.1, "pivot": [0, 68, -44], "rotation": [0, 1, 0], "uv": [0, 109]},
						{"origin": [317.025, 67, -184.075], "size": [15, 2, 2], "inflate": -0.1, "pivot": [0, 68, -44], "rotation": [0, -2, 0], "uv": [0, 109]},
						{"origin": [217.2, 67, -330.575], "size": [15, 2, 2], "inflate": -0.2, "pivot": [0, 68, -44], "rotation": [0, -32, 0], "uv": [0, 109]}
					]
				},
				{
					"name": "right_wing",
					"parent": "body",
					"pivot": [-9, 68, -38],
					"cubes": [
						{"origin": [-348.9, 68, -180.4], "size": [341, 0, 156], "uv": [12, 793], "mirror": true},
						{"origin": [-99, 67, -39.15], "size": [94, 2, 2], "inflate": 0.2, "pivot": [0, 68, -44], "rotation": [0, -33, 0], "uv": [0, 109], "mirror": true},
						{"origin": [-158, 67, -49.625], "size": [59, 2, 2], "inflate": 0.1, "pivot": [0, 68, -44], "rotation": [0, -27, 0], "uv": [0, 109], "mirror": true},
						{"origin": [-241.25, 67, -55.175], "size": [84, 2, 2], "pivot": [0, 68, -44], "rotation": [0, -25, 0], "uv": [0, 109], "mirror": true},
						{"origin": [-277.525, 67, -62.875], "size": [37, 2, 2], "pivot": [0, 68, -44], "rotation": [0, -23, 0], "uv": [0, 109], "mirror": true},
						{"origin": [-293.25, 67, -152.375], "size": [37, 2, 2], "pivot": [0, 68, -44], "rotation": [0, -4, 0], "uv": [0, 109], "mirror": true},
						{"origin": [-324.05, 67, -167.5], "size": [37, 2, 2], "inflate": -0.1, "pivot": [0, 68, -44], "rotation": [0, -1, 0], "uv": [0, 109], "mirror": true},
						{"origin": [-332.025, 67, -184.075], "size": [15, 2, 2], "inflate": -0.1, "pivot": [0, 68, -44], "rotation": [0, 2, 0], "uv": [0, 109], "mirror": true},
						{"origin": [-232.2, 67, -330.575], "size": [15, 2, 2], "inflate": -0.2, "pivot": [0, 68, -44], "rotation": [0, 32, 0], "uv": [0, 109], "mirror": true}
					]
				},
				{
					"name": "left_wing1",
					"parent": "body",
					"pivot": [9, 68, -31],
					"cubes": [
						{"origin": [8, 68, -60], "size": [106, 0, 69], "pivot": [0, 68, -48], "rotation": [10, -25, 0], "uv": [411, 643]}
					]
				},
				{
					"name": "right_wing1",
					"parent": "body",
					"pivot": [-9, 68, -31],
					"cubes": [
						{"origin": [-114, 68, -60], "size": [106, 0, 69], "pivot": [0, 68, -48], "rotation": [10, 25, 0], "uv": [411, 643], "mirror": true}
					]
				},
				{
					"name": "head",
					"parent": "body",
					"pivot": [-1, 60, -44],
					"cubes": [
						{"origin": [-5, 54, -46], "size": [10, 8, 6], "uv": [68, 46]},
						{"origin": [-3, 60.9, -47.65], "size": [6, 4, 6], "pivot": [-1, 60, -44], "rotation": [-30, 0, 0], "uv": [0, 183]},
						{"origin": [2.61988, 55.1148, -51.2682], "size": [3, 7, 10], "pivot": [-1, 60, -44], "rotation": [25, 15, -20], "uv": [166, 155]},
						{"origin": [-5.61988, 55.1148, -51.2682], "size": [3, 7, 10], "pivot": [1, 60, -44], "rotation": [25, -15, 20], "uv": [34, 165]},
						{"origin": [2.61988, 55.1148, -52.2682], "size": [2, 5, 2], "inflate": -0.25, "pivot": [-1, 60, -44], "rotation": [25, 15, -20], "uv": [0, 123]},
						{"origin": [-4.61988, 55.1148, -52.2682], "size": [2, 5, 2], "inflate": -0.25, "pivot": [1, 60, -44], "rotation": [25, -15, 20], "uv": [110, 103]},
						{"origin": [2.61988, 56.5148, -51.6182], "size": [2, 3, 2], "pivot": [-1, 60, -44], "rotation": [0, 15, -20], "uv": [52, 123]},
						{"origin": [-4.61988, 56.5148, -51.6182], "size": [2, 3, 2], "pivot": [1, 60, -44], "rotation": [0, -15, 20], "uv": [11, 33]},
						{"origin": [4.36988, 62.1148, -47.5182], "size": [1, 1, 5], "pivot": [-1, 60, -44], "rotation": [25, 15, -20], "uv": [187, 209]},
						{"origin": [-5.36988, 62.1148, -47.5182], "size": [1, 1, 5], "pivot": [1, 60, -44], "rotation": [25, -15, 20], "uv": [101, 127]},
						{"origin": [4.36988, 62.6648, -50.6932], "size": [1, 1, 5], "pivot": [-1, 60, -44], "rotation": [35, 15, -20], "uv": [178, 137]},
						{"origin": [-5.36988, 62.6648, -50.6932], "size": [1, 1, 5], "pivot": [1, 60, -44], "rotation": [35, -15, 20], "uv": [172, 127]},
						{"origin": [3.60991, 56.12901, -49.29867], "size": [3, 5, 7], "pivot": [-1, 59.5, -44], "rotation": [40, 20, -20], "uv": [0, 485]},
						{"origin": [-6.60991, 56.12901, -49.29867], "size": [3, 5, 7], "pivot": [1, 59.5, -44], "rotation": [40, -20, 20], "uv": [0, 485]},
						{"origin": [-3, 53.35, -49.525], "size": [6, 9, 2], "pivot": [-1, 60, -44], "rotation": [-60, 0, 0], "uv": [196, 137]}
					]
				},
				{
					"name": "z1",
					"parent": "head",
					"pivot": [5, 55, -41],
					"rotation": [-20, 15, 0],
					"cubes": [
						{"origin": [5.2559, 54.88076, -48.11024], "size": [2, 3, 6], "pivot": [-1, 60, -44], "rotation": [25, -10, 10], "uv": [0, 0]},
						{"origin": [5.05817, 56.4904, -54.44631], "size": [2, 3, 6], "inflate": -0.25, "pivot": [-1, 60, -44], "rotation": [45, -15, 10], "uv": [646, 368]},
						{"origin": [4.99024, 50.00862, -51.04611], "size": [2, 2, 4], "inflate": -0.5, "pivot": [-1, 60, -44], "rotation": [-10, -15, 10], "uv": [466, 469]}
					]
				},
				{
					"name": "z2",
					"parent": "head",
					"pivot": [-5, 55, -41],
					"rotation": [-20, -15, 0],
					"cubes": [
						{"origin": [-7.2559, 54.88076, -48.11024], "size": [2, 3, 6], "pivot": [1, 60, -44], "rotation": [25, 10, -10], "uv": [0, 0]},
						{"origin": [-7.05817, 56.4904, -54.44631], "size": [2, 3, 6], "inflate": -0.25, "pivot": [1, 60, -44], "rotation": [45, 15, -10], "uv": [646, 368]},
						{"origin": [-6.99024, 50.00862, -51.04611], "size": [2, 2, 4], "inflate": -0.5, "pivot": [1, 60, -44], "rotation": [-10, 15, -10], "uv": [466, 469]}
					]
				},
				{
					"name": "m2",
					"parent": "head",
					"pivot": [0, 61.5, -52.25],
					"cubes": [
						{"origin": [-3, 55.15, -52.675], "size": [6, 4, 6], "pivot": [-1, 60, -44], "rotation": [-15, 0, 0], "uv": [182, 155]},
						{"origin": [-2, 53.70423, -51.88607], "size": [1, 3, 1], "inflate": 0.25, "pivot": [-1, 60, -44], "rotation": [-5, 0, 0], "uv": [624, 380]},
						{"origin": [-2, 56.11259, -54.01835], "size": [1, 2, 1], "inflate": 0.15, "pivot": [-1, 60, -44], "rotation": [25, 0, 0], "uv": [466, 469]},
						{"origin": [1, 56.11259, -54.01835], "size": [1, 2, 1], "inflate": 0.15, "pivot": [-1, 60, -44], "rotation": [25, 0, 0], "uv": [466, 469]},
						{"origin": [1, 53.70423, -51.88607], "size": [1, 3, 1], "inflate": 0.25, "pivot": [-1, 60, -44], "rotation": [-5, 0, 0], "uv": [624, 380]}
					]
				},
				{
					"name": "cj1",
					"parent": "head",
					"pivot": [3, 62, -52],
					"rotation": [0, 20, 0],
					"cubes": [
						{"origin": [3.71988, 60.3398, -52.0432], "size": [1, 2, 6], "pivot": [3, 61, -51], "rotation": [30, 50, -50], "uv": [472, 478]},
						{"origin": [4.86988, 60.7648, -47.0182], "size": [1, 2, 6], "pivot": [3, 61, -51], "rotation": [30, 30, -50], "uv": [472, 478]}
					]
				},
				{
					"name": "cj2",
					"parent": "head",
					"pivot": [-3, 62, -52],
					"rotation": [0, -20, 0],
					"cubes": [
						{"origin": [-4.71988, 60.3398, -52.0432], "size": [1, 2, 6], "pivot": [-3, 61, -51], "rotation": [30, -50, 50], "uv": [472, 478]},
						{"origin": [-5.86988, 60.7648, -47.0182], "size": [1, 2, 6], "pivot": [-3, 61, -51], "rotation": [30, -30, 50], "uv": [472, 478]}
					]
				},
				{
					"name": "mou1",
					"parent": "head",
					"pivot": [-1, 56, -45],
					"rotation": [-35, 0, 0],
					"cubes": [
						{"origin": [-2, 54.5, -38], "size": [4, 9, 2], "pivot": [-1, 62, -45], "rotation": [-70, 0, 0], "uv": [621, 0]},
						{"origin": [1.225, 55.65, -37.6], "size": [2, 6, 2], "pivot": [-1, 62, -45], "rotation": [-70, 20, 0], "uv": [633, 0]},
						{"origin": [-3.225, 55.65, -37.6], "size": [2, 6, 2], "pivot": [1, 62, -45], "rotation": [-70, -20, 0], "uv": [633, 0]},
						{"origin": [-3.5, 60, -38.75], "size": [7, 4, 2], "inflate": 0.25, "pivot": [-1, 62, -45], "rotation": [-70, 0, 0], "uv": [49, 46]}
					]
				},
				{
					"name": "body2",
					"parent": "body",
					"pivot": [0, 57, -18],
					"rotation": [-17, 0, 0],
					"cubes": [
						{"origin": [-6, 55, -8], "size": [12, 4, 4], "uv": [682, 451]},
						{"origin": [-5, 56, -17], "size": [10, 4, 12], "uv": [682, 451]},
						{"origin": [-5, 65, -19], "size": [10, 4, 12], "uv": [132, 144]},
						{"origin": [-6.5, 59, -19], "size": [13, 8, 12], "uv": [48, 124]},
						{"origin": [-6, 55, -18], "size": [12, 4, 4], "uv": [682, 451]}
					]
				},
				{
					"name": "body3",
					"parent": "body2",
					"pivot": [2, 64, -10],
					"rotation": [28, 0, 0],
					"cubes": [
						{"origin": [-10, 50, -6], "size": [20, 20, 10], "inflate": 0.001, "uv": [0, 93]},
						{"origin": [-9, 70, -3], "size": [18, 1, 10], "uv": [110, 103]},
						{"origin": [-10, 63, 2], "size": [20, 7, 6], "uv": [49, 33]},
						{"origin": [-8, 55.77852, 2.2564], "size": [16, 14, 7], "inflate": 1.001, "pivot": [2, 56, -7], "rotation": [-15, 0, 0], "uv": [527, 0]},
						{"origin": [-7, 71.77852, 3.2564], "size": [14, -1, 8], "inflate": 1, "pivot": [2, 56, -7], "rotation": [-15, 0, 0], "uv": [527, 0]},
						{"origin": [-8, 67.77852, 9.2564], "size": [16, 2, 2], "inflate": 1, "pivot": [2, 56, -7], "rotation": [-15, 0, 0], "uv": [527, 0]},
						{"origin": [-8, 52, -10], "size": [16, 16, 7], "uv": [527, 0]},
						{"origin": [-7, 70.17907, 13.47909], "size": [14, 3, 3], "pivot": [2, 56, -7], "rotation": [-30, 0, 0], "uv": [68, 24]},
						{"origin": [-7, 60.17907, 4.47909], "size": [14, 13, 10], "inflate": 0.001, "pivot": [2, 56, -7], "rotation": [-30, 0, 0], "uv": [0, 123]},
						{"origin": [-6, 73.17907, 6.47909], "size": [12, 1, 10], "pivot": [2, 56, -7], "rotation": [-30, 0, 0], "uv": [144, 133]},
						{"origin": [-5, 64.84255, 7.27515], "size": [10, 10, 10], "pivot": [2, 56, -7], "rotation": [-40, 0, 0], "uv": [527, 0]},
						{"origin": [-3, 73.09255, 12.52515], "size": [6, 3, 4], "pivot": [2, 56, -7], "rotation": [-40, 0, 0], "uv": [527, 0]},
						{"origin": [-3, 73.53577, 9.30198], "size": [6, 6, 8], "pivot": [2, 56, -7], "rotation": [-55, 0, 0], "uv": [0, 169]},
						{"origin": [-2, 81.11024, 7.15837], "size": [4, 3, 8], "pivot": [2, 56, -7], "rotation": [-70, 0, 0], "uv": [527, 0]},
						{"origin": [-1, 86.21024, 5.65837], "size": [2, 2, 4], "pivot": [2, 56, -7], "rotation": [-85, 0, 0], "uv": [210, 123]},
						{"origin": [-0.5, 90.36024, -3.61663], "size": [1, 1, 4], "pivot": [2, 56, -7], "rotation": [-105, 0, 0], "uv": [527, 0]}
					]
				},
				{
					"name": "left_leg0",
					"parent": "body3",
					"pivot": [9, 59, -6],
					"rotation": [35, 0, 0],
					"cubes": [
						{"origin": [7, 39, -23], "size": [5, 2, 8], "pivot": [9, 59, -6], "rotation": [40, 0, 0], "uv": [649, 0]},
						{"origin": [7, 49, -10], "size": [5, 13, 5], "uv": [649, 0]},
						{"origin": [7.5, 35, -11.5], "size": [4, 15, 5], "pivot": [9, 59, -6], "rotation": [10, 0, 0], "uv": [649, 0]},
						{"origin": [7.5, 48.15, -8.95], "size": [4, 13, 5], "pivot": [9, 59, -6], "rotation": [25, 0, 0], "uv": [649, 0]},
						{"origin": [8, 37.825, -4.275], "size": [3, 13, 5], "pivot": [9, 59, -6], "rotation": [-5, 0, 0], "uv": [39, 64]}
					]
				},
				{
					"name": "left_leg1",
					"parent": "left_leg0",
					"pivot": [9.5, 35, -3],
					"cubes": [
						{"origin": [8, 10.125, -3.15], "size": [3, 24, 2], "inflate": -0.05, "uv": [0, 0]},
						{"origin": [7.5, 32.875, -5.9], "size": [4, 4, 5], "inflate": -0.05, "uv": [597, 512]},
						{"origin": [7.5, 8.75, -7.275], "size": [4, 2, 6], "inflate": -0.05, "pivot": [9.5, 11, -3], "rotation": [35, 0, 0], "uv": [649, 0]},
						{"origin": [10, 10.125, -5.65], "size": [1, 14, 4], "inflate": -0.05, "pivot": [9.5, 23, -3], "rotation": [0, 20, 0], "uv": [649, 0]},
						{"origin": [10, 24.125, -5.65], "size": [1, 9, 5], "inflate": 0.15, "pivot": [9.5, 23, -3], "rotation": [0, 20, 0], "uv": [649, 0]},
						{"origin": [8, 10.125, -5.65], "size": [1, 14, 4], "inflate": -0.05, "pivot": [9.5, 23, -3], "rotation": [0, -20, 0], "uv": [649, 0]},
						{"origin": [8, 24.125, -5.65], "size": [1, 9, 5], "inflate": 0.15, "pivot": [9.5, 23, -3], "rotation": [0, -20, 0], "uv": [649, 0]},
						{"origin": [8, 9.375, -5.65], "size": [1, 1, 4], "inflate": -0.05, "pivot": [9.5, 23, -3], "rotation": [0, -20, 0], "uv": [649, 0]},
						{"origin": [10, 9.375, -5.65], "size": [1, 1, 4], "inflate": -0.05, "pivot": [9.5, 23, -3], "rotation": [0, 20, 0], "uv": [649, 0]},
						{"origin": [8, 8.625, -5.65], "size": [1, 1, 3], "inflate": -0.05, "pivot": [9.5, 23, -3], "rotation": [0, -20, 0], "uv": [649, 0]},
						{"origin": [10, 8.625, -5.65], "size": [1, 1, 3], "inflate": -0.05, "pivot": [9.5, 23, -3], "rotation": [0, 20, 0], "uv": [649, 0]},
						{"origin": [8, 7.875, -5.65], "size": [1, 1, 2], "inflate": -0.05, "pivot": [9.5, 23, -3], "rotation": [0, -20, 0], "uv": [649, 0]},
						{"origin": [10, 7.875, -5.65], "size": [1, 1, 2], "inflate": -0.05, "pivot": [9.5, 23, -3], "rotation": [0, 20, 0], "uv": [649, 0]}
					]
				},
				{
					"name": "left_leg2",
					"parent": "left_leg1",
					"pivot": [9.5, 7, -3],
					"rotation": [70, 0, 0],
					"cubes": [
						{"origin": [8, 3.625, -4.9], "size": [3, 5, 3], "inflate": -0.05, "uv": [597, 512]},
						{"origin": [7.5, -2.84132, -5.72041], "size": [4, 10, 4], "uv": [649, 0]},
						{"origin": [9, -3.34132, 0.27959], "size": [1, 1, 3], "pivot": [9.5, 8, -5], "rotation": [-20, 0, 0], "uv": [649, 0]},
						{"origin": [9, -5.84132, 0.27959], "size": [1, 1, 3], "pivot": [9.5, 8, -5], "rotation": [-20, 0, 0], "uv": [649, 0]},
						{"origin": [9, -9.59132, 1.52959], "size": [1, 1, 3], "inflate": 0.25, "pivot": [9.5, 8, -5], "rotation": [-20, 0, 0], "uv": [649, 0]},
						{"origin": [9, -8.56632, 4.05459], "size": [1, 1, 3], "inflate": -0.1, "pivot": [9.5, 8, -5], "rotation": [-25, 0, 0], "uv": [649, 0]},
						{"origin": [9, -7.51632, 7.42959], "size": [1, 1, 2], "inflate": -0.25, "pivot": [9.5, 8, -5], "rotation": [-30, 0, 0], "uv": [649, 0]},
						{"origin": [9, -8.34132, 0.27959], "size": [1, 1, 3], "pivot": [9.5, 8, -5], "rotation": [-20, 0, 0], "uv": [649, 0]},
						{"origin": [9, -1.34132, 0.27959], "size": [1, 1, 3], "pivot": [9.5, 8, -5], "rotation": [-20, -35, 0], "uv": [649, 0]},
						{"origin": [9, -1.34132, 0.27959], "size": [1, 1, 3], "pivot": [9.5, 8, -5], "rotation": [-20, 35, 0], "uv": [649, 0]},
						{"origin": [8, -11.84132, -5.72041], "size": [3, 9, 3], "uv": [649, 0]},
						{"origin": [8.5, -11.84132, -6.22041], "size": [2, 19, 3], "uv": [649, 0]},
						{"origin": [8, -12.84132, -5.72041], "size": [3, 1, 2], "uv": [649, 0]},
						{"origin": [7.5, -10.84132, -17.22041], "size": [4, 1, 5], "pivot": [9.5, 8, -5], "rotation": [30, 0, 0], "uv": [649, 0]}
					]
				},
				{
					"name": "left_leg3",
					"parent": "left_leg2",
					"pivot": [9.5, -14, -3],
					"cubes": [
						{"origin": [9, -16.375, -5.15], "size": [1, 5, 3], "inflate": -0.05, "uv": [597, 512]},
						{"origin": [8.5, -18.84132, -5.97041], "size": [2, 5, 3], "uv": [649, 0]},
						{"origin": [9, -23.81529, -10.26592], "size": [1, 4, 2], "inflate": -0.1, "pivot": [9.5, -13, -5], "rotation": [25, 0, 0], "uv": [649, 0]},
						{"origin": [9, -16.64044, -5.30986], "size": [1, 4, 2], "inflate": -0.1, "pivot": [9.5, -13, 5], "rotation": [25, 0, 0], "uv": [649, 0]},
						{"origin": [9, -21.46632, -4.59541], "size": [1, 4, 2], "inflate": 0.1, "pivot": [9.5, -13, -5], "rotation": [-15, 0, 0], "uv": [649, 0]},
						{"origin": [9, -24.43228, -13.56245], "size": [1, 4, 2], "inflate": -0.5, "pivot": [9.5, -13, -5], "rotation": [45, 0, 0], "uv": [0, 0]},
						{"origin": [9, -22.33332, -3.64855], "size": [1, 4, 2], "inflate": -0.5, "pivot": [9.5, -13, 5], "rotation": [5, 0, 0], "uv": [0, 0]}
					]
				},
				{
					"name": "right_leg0",
					"parent": "body3",
					"pivot": [-9, 59, -6],
					"rotation": [35, 0, 0],
					"cubes": [
						{"origin": [-12, 39, -23], "size": [5, 2, 8], "pivot": [-9, 59, -6], "rotation": [40, 0, 0], "uv": [649, 0], "mirror": true},
						{"origin": [-12, 49, -10], "size": [5, 13, 5], "uv": [649, 0], "mirror": true},
						{"origin": [-11.5, 35, -11.5], "size": [4, 15, 5], "pivot": [-9, 59, -6], "rotation": [10, 0, 0], "uv": [649, 0], "mirror": true},
						{"origin": [-11.5, 48.15, -8.95], "size": [4, 13, 5], "pivot": [-9, 59, -6], "rotation": [25, 0, 0], "uv": [649, 0], "mirror": true},
						{"origin": [-11, 37.825, -4.275], "size": [3, 13, 5], "pivot": [-9, 59, -6], "rotation": [-5, 0, 0], "uv": [39, 64], "mirror": true}
					]
				},
				{
					"name": "right_leg1",
					"parent": "right_leg0",
					"pivot": [-9.5, 35, -3],
					"cubes": [
						{"origin": [-11, 10.125, -3.15], "size": [3, 24, 2], "inflate": -0.05, "uv": [0, 0], "mirror": true},
						{"origin": [-11.5, 32.875, -5.9], "size": [4, 4, 5], "inflate": -0.05, "uv": [597, 512], "mirror": true},
						{"origin": [-11.5, 8.75, -7.275], "size": [4, 2, 6], "inflate": -0.05, "pivot": [-9.5, 11, -3], "rotation": [35, 0, 0], "uv": [649, 0], "mirror": true},
						{"origin": [-11, 10.125, -5.65], "size": [1, 14, 4], "inflate": -0.05, "pivot": [-9.5, 23, -3], "rotation": [0, -20, 0], "uv": [649, 0], "mirror": true},
						{"origin": [-11, 24.125, -5.65], "size": [1, 9, 5], "inflate": 0.15, "pivot": [-9.5, 23, -3], "rotation": [0, -20, 0], "uv": [649, 0], "mirror": true},
						{"origin": [-9, 10.125, -5.65], "size": [1, 14, 4], "inflate": -0.05, "pivot": [-9.5, 23, -3], "rotation": [0, 20, 0], "uv": [649, 0], "mirror": true},
						{"origin": [-9, 24.125, -5.65], "size": [1, 9, 5], "inflate": 0.15, "pivot": [-9.5, 23, -3], "rotation": [0, 20, 0], "uv": [649, 0], "mirror": true},
						{"origin": [-9, 9.375, -5.65], "size": [1, 1, 4], "inflate": -0.05, "pivot": [-9.5, 23, -3], "rotation": [0, 20, 0], "uv": [649, 0], "mirror": true},
						{"origin": [-11, 9.375, -5.65], "size": [1, 1, 4], "inflate": -0.05, "pivot": [-9.5, 23, -3], "rotation": [0, -20, 0], "uv": [649, 0], "mirror": true},
						{"origin": [-9, 8.625, -5.65], "size": [1, 1, 3], "inflate": -0.05, "pivot": [-9.5, 23, -3], "rotation": [0, 20, 0], "uv": [649, 0], "mirror": true},
						{"origin": [-11, 8.625, -5.65], "size": [1, 1, 3], "inflate": -0.05, "pivot": [-9.5, 23, -3], "rotation": [0, -20, 0], "uv": [649, 0], "mirror": true},
						{"origin": [-9, 7.875, -5.65], "size": [1, 1, 2], "inflate": -0.05, "pivot": [-9.5, 23, -3], "rotation": [0, 20, 0], "uv": [649, 0], "mirror": true},
						{"origin": [-11, 7.875, -5.65], "size": [1, 1, 2], "inflate": -0.05, "pivot": [-9.5, 23, -3], "rotation": [0, -20, 0], "uv": [649, 0], "mirror": true}
					]
				},
				{
					"name": "right_leg2",
					"parent": "right_leg1",
					"pivot": [-9.5, 7, -3],
					"rotation": [70, 0, 0],
					"cubes": [
						{"origin": [-11, 3.625, -4.9], "size": [3, 5, 3], "inflate": -0.05, "uv": [597, 512], "mirror": true},
						{"origin": [-11.5, -2.84132, -5.72041], "size": [4, 10, 4], "uv": [649, 0], "mirror": true},
						{"origin": [-10, -3.34132, 0.27959], "size": [1, 1, 3], "pivot": [-9.5, 8, -5], "rotation": [-20, 0, 0], "uv": [649, 0], "mirror": true},
						{"origin": [-10, -5.84132, 0.27959], "size": [1, 1, 3], "pivot": [-9.5, 8, -5], "rotation": [-20, 0, 0], "uv": [649, 0], "mirror": true},
						{"origin": [-10, -9.59132, 1.52959], "size": [1, 1, 3], "inflate": 0.25, "pivot": [-9.5, 8, -5], "rotation": [-20, 0, 0], "uv": [649, 0], "mirror": true},
						{"origin": [-10, -8.56632, 4.05459], "size": [1, 1, 3], "inflate": -0.1, "pivot": [-9.5, 8, -5], "rotation": [-25, 0, 0], "uv": [649, 0], "mirror": true},
						{"origin": [-10, -7.51632, 7.42959], "size": [1, 1, 2], "inflate": -0.25, "pivot": [-9.5, 8, -5], "rotation": [-30, 0, 0], "uv": [649, 0], "mirror": true},
						{"origin": [-10, -8.34132, 0.27959], "size": [1, 1, 3], "pivot": [-9.5, 8, -5], "rotation": [-20, 0, 0], "uv": [649, 0], "mirror": true},
						{"origin": [-10, -1.34132, 0.27959], "size": [1, 1, 3], "pivot": [-9.5, 8, -5], "rotation": [-20, 35, 0], "uv": [649, 0], "mirror": true},
						{"origin": [-10, -1.34132, 0.27959], "size": [1, 1, 3], "pivot": [-9.5, 8, -5], "rotation": [-20, -35, 0], "uv": [649, 0], "mirror": true},
						{"origin": [-11, -11.84132, -5.72041], "size": [3, 9, 3], "uv": [649, 0], "mirror": true},
						{"origin": [-10.5, -11.84132, -6.22041], "size": [2, 19, 3], "uv": [649, 0], "mirror": true},
						{"origin": [-11, -12.84132, -5.72041], "size": [3, 1, 2], "uv": [649, 0], "mirror": true},
						{"origin": [-11.5, -10.84132, -17.22041], "size": [4, 1, 5], "pivot": [-9.5, 8, -5], "rotation": [30, 0, 0], "uv": [649, 0], "mirror": true}
					]
				},
				{
					"name": "right_leg3",
					"parent": "right_leg2",
					"pivot": [-9.5, -14, -3],
					"cubes": [
						{"origin": [-10, -16.375, -5.15], "size": [1, 5, 3], "inflate": -0.05, "uv": [597, 512], "mirror": true},
						{"origin": [-10.5, -18.84132, -5.97041], "size": [2, 5, 3], "uv": [649, 0], "mirror": true},
						{"origin": [-10, -23.81529, -10.26592], "size": [1, 4, 2], "inflate": -0.1, "pivot": [-9.5, -13, -5], "rotation": [25, 0, 0], "uv": [649, 0], "mirror": true},
						{"origin": [-10, -16.64044, -5.30986], "size": [1, 4, 2], "inflate": -0.1, "pivot": [-9.5, -13, 5], "rotation": [25, 0, 0], "uv": [649, 0], "mirror": true},
						{"origin": [-10, -21.46632, -4.59541], "size": [1, 4, 2], "inflate": 0.1, "pivot": [-9.5, -13, -5], "rotation": [-15, 0, 0], "uv": [649, 0], "mirror": true},
						{"origin": [-10, -24.43228, -13.56245], "size": [1, 4, 2], "inflate": -0.5, "pivot": [-9.5, -13, -5], "rotation": [45, 0, 0], "uv": [0, 0], "mirror": true},
						{"origin": [-10, -22.33332, -3.64855], "size": [1, 4, 2], "inflate": -0.5, "pivot": [-9.5, -13, 5], "rotation": [5, 0, 0], "uv": [0, 0], "mirror": true}
					]
				}
			]
		}
	]
}