{
  "format_version": "1.8.0",
  "minecraft:entity": {
    "description": {
      "identifier": "shin:godzilla",
      "is_spawnable": true,
      "is_summonable": true,
      "is_experimental": false,
      "runtime_identifier": "shin:godzilla",
             "scripts":{
             "animate":[
               "walk"
                        ]
                         },
     "animations":{
           "walk":"animation.walk"
}
    },
    "component_groups": {
     "calm":{
      "minecraft:behavior.nearest_attackable_target": {
        "priority": 2,
        "reselect_targets": false,
        "entity_types": [
           {
            "filters": {
              "test": "is_family",
              "subject": "other",
              "value": "plane"
            },
            "max_dist": 256
          },
          {
            "filters": {
              "test": "is_family",
              "subject": "other",
              "value": "kingghidorah"
            },
            "max_dist": 256
          }
        ],
        "must_see": true
      },
      "minecraft:knockback_resistance": {
        "value": 100
      },
      "minecraft:behavior.random_stroll": {
        "priority": 5,
        "speed_multiplier": 0.9
      },
      "minecraft:behavior.move_towards_restriction": {
        "priority": 5,
        "speed_multiplier": 0.9
      },
      "minecraft:variant": {
        "value": 99
      }
     },
     "shin_atom":{
        "minecraft:spawn_entity": [
          {
            "min_wait_time": 0,
            "max_wait_time": 0,
            "single_use": true,
            "spawn_entity": "xx:xx",
            "spawn_sound": "purr",
            "num_to_spawn": 1
          }
        ],
        "minecraft:variant": {
          "value": 1
        },
        "minecraft:is_charged": {
        },
        "minecraft:behavior.delayed_attack": {
          "priority": 4,
          "reach_multiplier": 256,
          "attack_duration": 0.0,
          "hit_delay_pct": 0.0,
          "track_target": true,
          "sound_event": "attack.strong"
        },
       "minecraft:attack": {
         "damage": 9600
       },
       "minecraft:timer": {
         "looping":false,
         "randomInterval":false,
         "time":6.0,
         "time_down_event": {
           "event":"angry",
           "target":"self"
         }
       }
     },
     "back_atom":{
        "minecraft:spawn_entity": [
          {
            "min_wait_time": 0,
            "max_wait_time": 0,
            "single_use": true,
            "spawn_entity": "xx:xx",
            "spawn_sound": "purreow",
            "num_to_spawn": 1
          }
        ],
        "minecraft:is_sheared": {
      },
        "minecraft:variant": {
          "value": 2
        },
        "minecraft:shooter": {
        "type": "arrow",
        "def": "shin:laser"
      },
      "minecraft:behavior.ranged_attack": {
        "priority": 1,
        "attack_interval_min": 0.1,
        "attack_interval_max": 0.1,
        "attack_radius": 900,
        "burst_shots": 3000,
        "burst_interval": 0.1
      },
       "minecraft:timer": {
         "looping":false,
         "randomInterval":false,
         "time":4.0,
         "time_down_event": {
           "event":"angry",
           "target":"self"
         }
       }
     }
    },
    "components": {
      "minecraft:type_family": {
        "family": [ "godzilla","monster" ]
      },
      "minecraft:on_target_acquired": {
        "event": "angry",
        "target": "self"
      },
      "minecraft:on_target_escape": {
        "event": "calm",
        "target": "self"
      },
      "minecraft:behavior.hurt_by_target": {
        "priority": 1
      },
      "minecraft:behavior.random_stroll": {
        "priority": 5,
        "speed_multiplier": 0.9
      },
      "minecraft:behavior.move_towards_restriction": {
        "priority": 5,
        "speed_multiplier": 0.9
      },
      "minecraft:movement": {
        "value": 0.3
      },
      "minecraft:boss": {"name":"§c shin Godzilla   ",
        "should_darken_sky": true,
        "hud_range": 100000
      },
      "minecraft:is_stackable": {
      },
      "minecraft:breathable": {
        "totalSupply": 15,
        "suffocateTime": 0,
        "breathesWater": true
      },
      "minecraft:health": {
        "value": 500000,
        "max": 500000
      },
        "minecraft:scale": {
          "value": 5.10
        },
      "minecraft:collision_box": {
        "width": 1,
        "height": 15
      },
      "minecraft:follow_range": {
        "value": 256,
        "max": 256
      },
			"minecraft:physics": {},
            "minecraft:pushable": {
                "is_pushable": true,
                "is_pushable_by_piston": true
            },
      "minecraft:movement.generic": {
      },
      "minecraft:navigation.generic": {
      },
      "minecraft:nameable": {
      },
      "minecraft:behavior.float": {
        "priority": 0
      },
      "minecraft:fire_immune": true
    },
    "events": {
      "angry": {
        "randomize": [
          {
            "weight": 50,
            "remove": {
              "component_groups": [
                "shin_atom",
                "back_atom"
              ]
            },
            "add": {
              "component_groups": [
                "shin_atom"
              ]
            }
          },
          {
            "weight": 50,
            "remove": {
              "component_groups": [
                "shin_atom",
                "back_atom"
              ]
            },
            "add": {
              "component_groups": [
                "back_atom"
              ]
            }
          }
        ]
      },
      "calm": {
        "remove": {
          "component_groups": [
            "back_atom",
            "shin_atom"
          ]
        },
        "add": {
          "component_groups": [
            "calm"
          ]
        }
      }
    }
  }
}
