{
  "format_version": "1.12.0",
  "minecraft:entity": {
    "description": {
      "identifier": "shin:laser",
      "is_spawnable": false,
      "is_summonable": true,
      "is_experimental": false,
      "runtime_identifier":"minecraft:snowball"
},
    "components": {
      "minecraft:collision_box": {
        "width": 0.25,
        "height": 0.25
      },
      "minecraft:projectile": {
        "on_hit": {
          "impact_damage": {
            "damage": 8900,
            "knockback": true,
            "destroy_on_hit": true
          },
          "remove_on_hit": { },
          "particle_on_hit": {
            "particle_type": "lava",
            "num_particles": 1,
            "on_entity_hit": true,
            "on_other_hit": true
          }
        },
        "power": 9.5,
        "gravity": 1.0,
        "angle_offset": 0.0
      },
	    "minecraft:physics": {
      },
      "minecraft:pushable": {
        "is_pushable": true,
        "is_pushable_by_piston": true
      }
    }
  }
}
