{
  "format_version": "1.8.0",
  "minecraft:entity": {
    "description": {
      "identifier": "shin:explosion",
      "is_spawnable": false,
      "is_summonable": false,
      "is_experimental": false
    },

    "component_groups": {
      "from_explosion": {
        "minecraft:explode": {
          "fuseLength": {
            "range_min": 0,
            "range_max": 0
          },
          "fuseLit": true,
          "power": 11,
          "causesFire": true
        }
      }
    },
	
    "components": {
      "minecraft:type_family": {
        "family": [ "explosion", "inanimate" ]
      },
      "minecraft:collision_box": {
        "width": 0.98,
        "height": 0.98
      },

      "minecraft:explode": {
        "fuseLength": 0,
        "fuseLit": true,
        "power": 11,
        "causesFire": true
      },
	    "minecraft:physics": {
      },
        "destroyAffectedByGriefing": false
    },
    
    "events": {
      "from_explosion": {
        "add": {
          "component_groups": [
            "from_explosion"
          ]
        }
      }
    }
  }
}
