{
  "format_version": "1.8.0",
  "minecraft:client_entity": {
    "description": {
    "identifier": "mod:mechaghidorah",
    "materials": {
	     "default": "kingghidorah",
         "charged": "kingghidorah_lightning"
    },
	"textures": {
         "default": "textures/mod/mechaghidorah",
         "charged": "textures/mod/kingghidorah_lightning"
    },
	"geometry": {
         "default": "geometry.kingghidorah",
         "charged": "geometry.kingghidorah.lightning"
    },
    "scripts": {
         "scale": "4.3"
    },
    "animations": {
         "fly": "animation.kingghidorah.fly",
         "lightning": "animation.kingghidorah.lightning",
         "ground": "animation.kingghidorah.ground"
    },
    "animation_controllers": [
	    { "fly": "controller.animation.kingghidorah.fly" }
    ],
    "render_controllers": [
	    "controller.render.kingghidorah",
		"controller.render.kingghidorah_lightning"
    ],
			"spawn_egg": {
				"base_color": "#ffff00",
				"overlay_color": "#ffbf00"
			}
		}
	}
}
