{
  "format_version": "1.8.0",
  "minecraft:client_entity": {
    "description": {
      "identifier": "mod:hellgodzilla",
      "materials": {
        "default": "godzilla",
        "charged": "godzilla_atom"
      },
      "textures": {
        "default": "textures/mod/hellgodzilla",
        "charged": "textures/mod/godzilla_atom"
      },
      "geometry": {
        "default": "geometry.hellgodzilla",
        "charged": "geometry.godzilla.atom"
      },
      "scripts": {
        "pre_animation": [
          "variable.attack3 = Math.sin(1.0 - (1.0 - variable.attack_time) * (1.0 - variable.attack_time)) * 180.0;",
          "variable.attack4 = Math.sin(variable.attack_time * 180.0);",
          "variable.tcos0 = (Math.cos(query.modified_distance_moved * 38.17) * query.modified_move_speed / variable.gliding_speed_value) * 57.3;",
          "variable.tcos1 = -variable.tcos0;",
          "variable.attack_body_rot_y = Math.sin(Math.sqrt(variable.attack_time) * 360.0) * 11.46;",
          "variable.cos_attack_body_rot_y = Math.cos(variable.attack_body_rot_y);",
          "variable.sin_attack_body_rot_y = Math.sin(variable.attack_body_rot_y);",
          "variable.internal_swim_pos = Math.mod(query.modified_distance_moved, 26.0);",
          "variable.attack = Math.sin((1.0 - (1.0 - variable.attack_time) * (1.0 - variable.attack_time)) * 180.0) * 57.3;",
          "variable.attack2 = Math.sin(variable.attack_time * 180.0) * 57.3;",
          "variable.z_bob = Math.cos(query.life_time * 103.13244) * 2.865 + 2.865;",
          "variable.x_bob = Math.sin(query.life_time * 76.776372) * 2.865;"
        ],
        "scale": "7.6"
      },
      "animations": {
       "look_at_target": "animation.godzilla.look_at_target",
       "attack1": "animation.godzilla.attack1",
       "attack2": "animation.godzilla.attack2",
       "general": "animation.godzilla.general",
       "roar1": "animation.godzilla.roar1",
       "roar": "animation.godzilla.roar",
       "atom": "animation.godzilla.atom",
       "walk": "animation.godzilla.walk"
      },
      "animation_controllers": [
	    { "attack1": "controller.animation.godzilla.attack1" },
	    { "roar": "controller.animation.godzilla.roar" }
      ],
      "render_controllers": [ "controller.render.godzilla", "controller.render.godzilla_atom" ],
      "spawn_egg": {
        "base_color": "#ff0000",
        "overlay_color": "#ff0000"
      }
    }
  }
}
