{"packs":[{"can_be_redownloaded":false,"name":"World Edit RP","uuid":"8ee873c1-4b36-4c7c-a16a-9acc0843b206","version":[2,0,1]},{"can_be_redownloaded":false,"name":"Bedrocktimize v10.2","uuid":"c1158fd8-fe3c-66e8-8eb2-f2801f1b9ff1","version":[10,2,0]},{"can_be_redownloaded":false,"name":"§o§bElingo's §cCustom §6Heads","uuid":"ebffd7b4-3b09-4003-a38c-eb83365ae7be","version":[1,0,5]},{"can_be_redownloaded":false,"name":"ESBE_2G v5.2","subpacks_count":2,"uuid":"f64b9cd6-c979-45d0-b79a-421c7b7f5cc3","version":[0,5,2]}]}
