
{
  "format_version": "1.8.0",
  "minecraft:client_entity": {
    "description": {
      "identifier":"kamata:kun",
      "materials": { "default": "zombie"}, 
      "textures": {
        "default": "textures/entity/kamata"
      },
      "geometry": {
        "default": "geometry.kamata"
          
      },
      "animations": {
        "idle": "animation.kamata.idle",
        "look_at_target": "animation.kamata.look_at_target",
        "move": "animation.kamata.move",
        "attack": "animation.kamata.attack",
				"swimming": "animation.shin.swimming"
      },
      "animation_controllers": [
        { "pose": "controller.animation.kamata.pose" },
        { "attack": 
 "controller.animation.kamata.attack" }
      ],
      "render_controllers": [ "controller.render.kamata"],
      "spawn_egg": {
         "base_color": "#232222",
        "overlay_color": "#ff0000"
      }
    }
  }
}