
{
  "format_version": "1.8.0",
  "minecraft:client_entity": {
    "description": {
      "identifier":"shin:godzilla",
      "materials": { "default": "zombie", "charged": "shin_laser",        "shooting": "back_laser"}, 
      "textures": {
        "default": "textures/entity/shin_godji",
        "default_laser": "textures/entity/nothing",
        "default_angry": "textures/entity/shin_godji_charged",
        "charged": "textures/entity/shin_laser",
        "shooting": "textures/entity/shin_godji_charged",
        "shooting_laser": "textures/entity/back_laser"
      },
      "geometry": {
        "default": "geometry.shin",
        "charged": "geometry.shin_laser",
        "shooting": "geometry.back_laser"
          
      },
      "animations": {
        "idle": "animation.shin.idle",
        "look_at_target": "animation.shin.look_at_target",
        "move": "animation.shin.move",
        "atom": "animation.shin.atom",
        "back_atom": "animation.shin.back_atom",
        "roar1": "animation.shin.roar1",
        "roar2": "animation.shin.roar2",
				"swimming": "animation.shin.swimming"
      },
      "animation_controllers": [
        { "pose": "controller.animation.shin.pose" },
        { "atom": 
 "controller.animation.shin.roar1" },
        { "back_atom": 
 "controller.animation.shin.roar2" }
      ],
      "render_controllers": [ "controller.render.shin",
"controller.render.shin_laser",
"controller.render.back_laser" ],
      "spawn_egg": {
         "base_color": "#232222",
        "overlay_color": "#ff0000"
      }
    }
  }
}