{
	"format_version": "1.12.0",
	"minecraft:geometry": [
		{
			"description": {
				"identifier": "geometry.back_laser",
				"texture_width": 512,
				"texture_height": 512,
				"visible_bounds_width": 80,
				"visible_bounds_height": 41,
				"visible_bounds_offset": [0, 18.5, 0]
			},
			"bones": [
				{
					"name": "bone",
					"pivot": [0, 87, 0],
					"rotation": [5, 0, 0],
					"cubes": [
						{"origin": [-2, 73, 15], "size": [2, 2, 615], "pivot": [0, 73.32011, 22.4758], "rotation": [2.5, 0, 0], "uv": [124, 163]},
						{"origin": [-2, 57.09126, 13.95645], "size": [2, 2, 615], "pivot": [0, 73.32011, 22.4758], "rotation": [-7.5, 0, 0], "uv": [124, 163]},
						{"origin": [9, 73, 15], "size": [2, 2, 615], "pivot": [10, 73.32011, 22.4758], "rotation": [-2.5, 20, 0], "uv": [124, 163]},
						{"origin": [9.50675, 56.02008, 14.34774], "size": [2, 2, 615], "pivot": [10, 73.32011, 22.4758], "rotation": [-2.5, 25, 0], "uv": [124, 163]},
						{"origin": [9.87509, 46.03174, 13.81877], "size": [2, 2, 615], "pivot": [10, 73.32011, 22.4758], "rotation": [-7.5, 17.5, 0], "uv": [124, 163]},
						{"origin": [-13, 73, 15], "size": [2, 2, 615], "pivot": [-13, 73.32011, 22.4758], "rotation": [-2.5, -20, 0], "uv": [124, 163]},
						{"origin": [-13.53656, 55.02126, 14.30937], "size": [2, 2, 615], "pivot": [-13, 73.32011, 22.4758], "rotation": [-2.5, -25, 0], "uv": [124, 163]},
						{"origin": [-14.05223, 41.02782, 13.42094], "size": [2, 2, 615], "pivot": [-13, 73.32011, 22.4758], "rotation": [-10, -12.5, 0], "uv": [124, 163]}
					]
				},
				{
					"name": "bone2",
					"parent": "bone",
					"pivot": [0, 89, 4],
					"cubes": [
						{"origin": [8, 108, 18], "size": [2, 2, 598], "pivot": [8, 108.88417, 17.55669], "rotation": [35, 10, 0], "uv": [204, 0]},
						{"origin": [8, 98.03805, 17.12844], "size": [2, 2, 598], "pivot": [8, 98.92222, 16.68513], "rotation": [20, 15, 0], "uv": [204, 0]},
						{"origin": [-9, 98.03805, 17.12844], "size": [2, 2, 598], "pivot": [-8, 98.92222, 16.68513], "rotation": [17.5, -15, 0], "uv": [204, 0]},
						{"origin": [-9, 85.08752, 15.99542], "size": [2, 2, 598], "pivot": [-8, 86.96789, 15.63926], "rotation": [5, -15, 0], "uv": [204, 0]},
						{"origin": [-2, 85.08752, 15.99542], "size": [2, 2, 598], "pivot": [-1, 86.96789, 15.63926], "rotation": [15, 0, 0], "uv": [204, 0]},
						{"origin": [6, 85.08752, 15.99542], "size": [2, 2, 598], "pivot": [8, 86.96789, 15.63926], "rotation": [5, 15, 0], "uv": [204, 0]},
						{"origin": [-10, 108, 18], "size": [2, 2, 598], "pivot": [-10, 108.88417, 17.55669], "rotation": [35, -10, 0], "uv": [204, 0]},
						{"origin": [-1, 108, 18], "size": [2, 2, 598], "pivot": [0, 108.88417, 17.55669], "rotation": [50, 0, 0], "uv": [204, 0]},
						{"origin": [-1, 97.04186, 17.04129], "size": [2, 2, 598], "pivot": [0, 95.93364, 16.42366], "rotation": [30, 0, 0], "uv": [204, 0]}
					]
				}
			]
		}
	]
}