{
	"format_version": "1.12.0",
	"minecraft:geometry": [
		{
			"description": {
				"identifier": "geometry.kamata",
				"texture_width": 512,
				"texture_height": 512,
				"visible_bounds_width": 37,
				"visible_bounds_height": 12,
				"visible_bounds_offset": [0, 4, 0]
			},
			"bones": [
				{
					"name": "bone",
					"pivot": [0, 34, 0],
					"rotation": [95, 0, 0],
					"cubes": [
						{"origin": [-15, 8, -12], "size": [30, 25, 33], "uv": [111, 40]},
						{"origin": [-15, -9.72375, -12.51525], "size": [30, 23, 33], "pivot": [0, 9.31987, -0.5143], "rotation": [-2.5, 0, 0], "uv": [0, 141]}
					]
				},
				{
					"name": "bone11",
					"parent": "bone",
					"pivot": [-14, 8.62262, 7.45526],
					"cubes": [
						{"origin": [-29, -10.95095, -11.36389], "size": [15, 24, 29], "pivot": [-14, 8.62262, 7.45526], "rotation": [-40, 0, 0], "uv": [213, 213]}
					]
				},
				{
					"name": "bone12",
					"parent": "bone11",
					"pivot": [-22, 14.36116, -10.55616],
					"rotation": [80, 0, 0],
					"cubes": [
						{"origin": [-27, 13.36116, -34.55616], "size": [11, 12, 25], "uv": [272, 199]}
					]
				},
				{
					"name": "bone14",
					"parent": "bone12",
					"pivot": [-22, 19.36116, -34.55616]
				},
				{
					"name": "bone15",
					"parent": "bone14",
					"pivot": [-22, 19.36116, -34.55616],
					"rotation": [-27.5, 0, 0],
					"cubes": [
						{"origin": [-27, 13.36116, -40.55616], "size": [11, 23, 8], "uv": [0, 73]},
						{"origin": [-24, 21.36116, -40.55616], "size": [4, 9, 5], "pivot": [-22, 19.36116, -34.55616], "rotation": [42.5, 0, 0], "uv": [278, 358]},
						{"origin": [-23, 21.36116, -39.55616], "size": [2, 12, 3], "pivot": [-22, 19.36116, -34.55616], "rotation": [42.5, 0, 0], "uv": [180, 98]},
						{"origin": [-32, 34.36116, -40.55616], "size": [20, 4, 7], "uv": [219, 111]}
					]
				},
				{
					"name": "bone23",
					"parent": "bone15",
					"pivot": [-22, 36.36116, -34.55616],
					"cubes": [
						{"origin": [-25, 36.36116, -37.55616], "size": [6, 13, 6], "pivot": [-22, 36.36116, -34.55616], "rotation": [-57.5, 0, 0], "uv": [250, 327]},
						{"origin": [-32, 35.20455, -39.09346], "size": [6, 13, 6], "pivot": [-22, 35.20455, -34.09346], "rotation": [-57.5, 0, 0], "uv": [286, 326]},
						{"origin": [-30, 35.20455, -38.09346], "size": [2, 17, 4], "pivot": [-22, 35.20455, -34.09346], "rotation": [-57.5, 0, 0], "uv": [175, 358]},
						{"origin": [-16, 35.20455, -38.09346], "size": [2, 17, 4], "pivot": [-22, 35.20455, -34.09346], "rotation": [-57.5, 0, 0], "uv": [217, 357]},
						{"origin": [-23, 35.20455, -37.09346], "size": [2, 17, 4], "pivot": [-22, 35.20455, -34.09346], "rotation": [-57.5, 0, 0], "uv": [80, 273]},
						{"origin": [-30, 52.20455, -39.09346], "size": [2, 2, 5], "pivot": [-22, 35.20455, -34.09346], "rotation": [-57.5, 0, 0], "uv": [0, 219]},
						{"origin": [-16, 52.20455, -39.09346], "size": [2, 2, 5], "pivot": [-22, 35.20455, -34.09346], "rotation": [-57.5, 0, 0], "uv": [140, 162]},
						{"origin": [-23, 52.20455, -39.09346], "size": [2, 2, 6], "pivot": [-22, 35.20455, -34.09346], "rotation": [-57.5, 0, 0], "uv": [98, 37]},
						{"origin": [-18, 35.20455, -39.09346], "size": [6, 13, 6], "pivot": [-22, 35.20455, -34.09346], "rotation": [-57.5, 0, 0], "uv": [48, 325]}
					]
				},
				{
					"name": "bone13",
					"parent": "bone11",
					"pivot": [-22, 12.96666, 5.38296],
					"rotation": [5, 0, 0],
					"cubes": [
						{"origin": [-27, 11.96666, -18.61704], "size": [11, 14, 18], "pivot": [-22, 12.96666, 5.38296], "rotation": [10, 0, 0], "uv": [130, 296]}
					]
				},
				{
					"name": "bone25",
					"parent": "bone",
					"pivot": [11, 8.62262, 7.45526],
					"cubes": [
						{"origin": [14, -10.95095, -11.36389], "size": [15, 24, 29], "pivot": [29, 8.62262, 7.45526], "rotation": [-40, 0, 0], "uv": [212, 133]}
					]
				},
				{
					"name": "bone26",
					"parent": "bone25",
					"pivot": [21, 14.36116, -10.55616],
					"rotation": [80, 0, 0],
					"cubes": [
						{"origin": [16, 13.36116, -34.55616], "size": [11, 12, 25], "uv": [98, 0]}
					]
				},
				{
					"name": "bone28",
					"parent": "bone26",
					"pivot": [21, 19.36116, -34.55616]
				},
				{
					"name": "bone29",
					"parent": "bone28",
					"pivot": [21, 19.36116, -34.55616],
					"rotation": [-27.5, 0, 0],
					"cubes": [
						{"origin": [16, 13.36116, -40.55616], "size": [11, 23, 8], "uv": [0, 0]},
						{"origin": [19, 21.36116, -40.55616], "size": [4, 9, 5], "pivot": [21, 19.36116, -34.55616], "rotation": [42.5, 0, 0], "uv": [0, 252]},
						{"origin": [20, 21.36116, -39.55616], "size": [2, 12, 3], "pivot": [21, 19.36116, -34.55616], "rotation": [42.5, 0, 0], "uv": [144, 170]},
						{"origin": [11, 34.36116, -40.55616], "size": [20, 4, 7], "uv": [93, 162]}
					]
				},
				{
					"name": "bone50",
					"parent": "bone29",
					"pivot": [21, 36.36116, -34.55616],
					"cubes": [
						{"origin": [18, 36.36116, -37.55616], "size": [6, 13, 6], "pivot": [21, 36.36116, -34.55616], "rotation": [-57.5, 0, 0], "uv": [24, 325]},
						{"origin": [11, 35.20455, -39.09346], "size": [6, 13, 6], "pivot": [21, 35.20455, -34.09346], "rotation": [-57.5, 0, 0], "uv": [0, 325]},
						{"origin": [13, 35.20455, -38.09346], "size": [2, 17, 4], "pivot": [21, 35.20455, -34.09346], "rotation": [-57.5, 0, 0], "uv": [223, 136]},
						{"origin": [27, 35.20455, -38.09346], "size": [2, 17, 4], "pivot": [21, 35.20455, -34.09346], "rotation": [-57.5, 0, 0], "uv": [213, 0]},
						{"origin": [20, 35.20455, -37.09346], "size": [2, 17, 4], "pivot": [21, 35.20455, -34.09346], "rotation": [-57.5, 0, 0], "uv": [92, 90]},
						{"origin": [13, 52.20455, -39.09346], "size": [2, 2, 5], "pivot": [21, 35.20455, -34.09346], "rotation": [-57.5, 0, 0], "uv": [30, 73]},
						{"origin": [27, 52.20455, -39.09346], "size": [2, 2, 5], "pivot": [21, 35.20455, -34.09346], "rotation": [-57.5, 0, 0], "uv": [31, 31]},
						{"origin": [20, 52.20455, -39.09346], "size": [2, 2, 6], "pivot": [21, 35.20455, -34.09346], "rotation": [-57.5, 0, 0], "uv": [30, 0]},
						{"origin": [25, 35.20455, -39.09346], "size": [6, 13, 6], "pivot": [21, 35.20455, -34.09346], "rotation": [-57.5, 0, 0], "uv": [265, 49]}
					]
				},
				{
					"name": "bone51",
					"parent": "bone25",
					"pivot": [21, 12.96666, 5.38296],
					"rotation": [5, 0, 0],
					"cubes": [
						{"origin": [16, 11.96666, -18.61704], "size": [11, 14, 18], "pivot": [21, 12.96666, 5.38296], "rotation": [10, 0, 0], "uv": [279, 279]}
					]
				},
				{
					"name": "bone35",
					"parent": "bone",
					"pivot": [0, 21.90904, 23.08336],
					"cubes": [
						{"origin": [-3, 19.93188, 20.56042], "size": [4, 6, 15], "pivot": [0, 22.93188, 22.56042], "rotation": [-5, 0, 0], "uv": [309, 257]},
						{"origin": [-2, 22.6463, 19.02833], "size": [2, 2, 11], "pivot": [0, 22.93188, 22.56042], "rotation": [45, 0, 0], "uv": [149, 357]},
						{"origin": [-2, 20.34817, 20.95669], "size": [2, 2, 11], "pivot": [0, 22.93188, 22.56042], "rotation": [-45, 0, 0], "uv": [78, 357]},
						{"origin": [-2, 24.32815, 24.14413], "size": [2, 2, 11], "pivot": [0, 22.93188, 22.56042], "rotation": [-45, 0, 0], "uv": [52, 357]},
						{"origin": [-2, 27.66534, 26.56552], "size": [2, 2, 11], "pivot": [0, 22.93188, 22.56042], "rotation": [-45, 0, 0], "uv": [26, 357]},
						{"origin": [-2, 21.5402, 29.30095], "size": [2, 2, 11], "pivot": [0, 22.93188, 22.56042], "rotation": [-2.5, 0, 0], "uv": [0, 357]},
						{"origin": [-2, 19.45887, 23.00831], "size": [2, 2, 11], "pivot": [0, 22.93188, 22.56042], "rotation": [45, 0, 0], "uv": [356, 292]},
						{"origin": [-2, 15.7519, 24.81342], "size": [2, 2, 11], "pivot": [0, 22.93188, 22.56042], "rotation": [45, 0, 0], "uv": [356, 65]}
					]
				},
				{
					"name": "bone40",
					"parent": "bone",
					"pivot": [0, 8.13662, 19.87078],
					"rotation": [-5, 0, 0],
					"cubes": [
						{"origin": [-3, 6.15946, 17.34785], "size": [4, 6, 15], "pivot": [0, 9.15946, 19.34785], "rotation": [-5, 0, 0], "uv": [309, 236]},
						{"origin": [-2, 8.87388, 15.81576], "size": [2, 2, 11], "pivot": [0, 9.15946, 19.34785], "rotation": [45, 0, 0], "uv": [356, 52]},
						{"origin": [-2, 6.57575, 17.74412], "size": [2, 2, 11], "pivot": [0, 9.15946, 19.34785], "rotation": [-45, 0, 0], "uv": [355, 335]},
						{"origin": [-2, 10.55573, 20.93155], "size": [2, 2, 11], "pivot": [0, 9.15946, 19.34785], "rotation": [-45, 0, 0], "uv": [355, 2]},
						{"origin": [-2, 13.89293, 23.35294], "size": [2, 2, 11], "pivot": [0, 9.15946, 19.34785], "rotation": [-45, 0, 0], "uv": [355, 355]},
						{"origin": [-2, 7.76778, 26.08837], "size": [2, 2, 11], "pivot": [0, 9.15946, 19.34785], "rotation": [-2.5, 0, 0], "uv": [134, 355]},
						{"origin": [-2, 5.68645, 19.79574], "size": [2, 2, 11], "pivot": [0, 9.15946, 19.34785], "rotation": [45, 0, 0], "uv": [108, 355]},
						{"origin": [-2, 1.97948, 21.60085], "size": [2, 2, 11], "pivot": [0, 9.15946, 19.34785], "rotation": [45, 0, 0], "uv": [354, 132]}
					]
				},
				{
					"name": "bone4",
					"parent": "bone",
					"pivot": [0, -5.37433, 13.66963],
					"rotation": [-10, 0, 0],
					"cubes": [
						{"origin": [-3, -7.35149, 11.1467], "size": [4, 6, 15], "pivot": [0, -4.35149, 13.1467], "rotation": [-5, 0, 0], "uv": [308, 153]},
						{"origin": [-2, -4.63707, 9.61461], "size": [2, 2, 11], "pivot": [0, -4.35149, 13.1467], "rotation": [45, 0, 0], "uv": [354, 119]},
						{"origin": [-2, -6.9352, 11.54297], "size": [2, 2, 11], "pivot": [0, -4.35149, 13.1467], "rotation": [-45, 0, 0], "uv": [354, 39]},
						{"origin": [-2, -2.95522, 14.7304], "size": [2, 2, 11], "pivot": [0, -4.35149, 13.1467], "rotation": [-45, 0, 0], "uv": [319, 354]},
						{"origin": [-2, 0.38198, 17.15179], "size": [2, 2, 11], "pivot": [0, -4.35149, 13.1467], "rotation": [-45, 0, 0], "uv": [353, 279]},
						{"origin": [-2, -5.74317, 19.88722], "size": [2, 2, 11], "pivot": [0, -4.35149, 13.1467], "rotation": [-2.5, 0, 0], "uv": [353, 199]},
						{"origin": [-2, -7.8245, 13.59459], "size": [2, 2, 11], "pivot": [0, -4.35149, 13.1467], "rotation": [45, 0, 0], "uv": [353, 106]},
						{"origin": [-2, -11.53147, 15.3997], "size": [2, 2, 11], "pivot": [0, -4.35149, 13.1467], "rotation": [45, 0, 0], "uv": [353, 26]}
					]
				},
				{
					"name": "bone41",
					"parent": "bone",
					"pivot": [9, 8.31094, 17.87839],
					"rotation": [-2.75313, 9.53274, -3.03513],
					"cubes": [
						{"origin": [6, 6.33377, 15.35546], "size": [4, 6, 15], "pivot": [9, 9.33377, 17.35546], "rotation": [-5, 0, 0], "uv": [38, 304]},
						{"origin": [7, 9.04819, 13.82337], "size": [2, 2, 11], "pivot": [9, 9.33377, 17.35546], "rotation": [45, 0, 0], "uv": [351, 266]},
						{"origin": [7, 6.75006, 15.75173], "size": [2, 2, 11], "pivot": [9, 9.33377, 17.35546], "rotation": [-45, 0, 0], "uv": [351, 186]},
						{"origin": [7, 10.73004, 18.93917], "size": [2, 2, 11], "pivot": [9, 9.33377, 17.35546], "rotation": [-45, 0, 0], "uv": [351, 93]},
						{"origin": [7, 14.06724, 21.36056], "size": [2, 2, 11], "pivot": [9, 9.33377, 17.35546], "rotation": [-45, 0, 0], "uv": [350, 173]},
						{"origin": [7, 7.94209, 24.09598], "size": [2, 2, 11], "pivot": [9, 9.33377, 17.35546], "rotation": [-2.5, 0, 0], "uv": [350, 160]},
						{"origin": [7, 5.86076, 17.80335], "size": [2, 2, 11], "pivot": [9, 9.33377, 17.35546], "rotation": [45, 0, 0], "uv": [257, 348]},
						{"origin": [7, 2.15379, 19.60846], "size": [2, 2, 11], "pivot": [9, 9.33377, 17.35546], "rotation": [45, 0, 0], "uv": [225, 348]}
					]
				},
				{
					"name": "bone5",
					"parent": "bone",
					"pivot": [9, -5.11285, 10.68104],
					"rotation": [-2.75313, 9.53274, -3.03513],
					"cubes": [
						{"origin": [6, -7.09002, 8.15811], "size": [4, 6, 15], "pivot": [9, -4.09002, 10.15811], "rotation": [-5, 0, 0], "uv": [0, 304]},
						{"origin": [7, -4.3756, 6.62602], "size": [2, 2, 11], "pivot": [9, -4.09002, 10.15811], "rotation": [45, 0, 0], "uv": [347, 253]},
						{"origin": [7, -6.67373, 8.55438], "size": [2, 2, 11], "pivot": [9, -4.09002, 10.15811], "rotation": [-45, 0, 0], "uv": [347, 240]},
						{"origin": [7, -2.69375, 11.74182], "size": [2, 2, 11], "pivot": [9, -4.09002, 10.15811], "rotation": [-45, 0, 0], "uv": [195, 347]},
						{"origin": [7, 0.64345, 14.16321], "size": [2, 2, 11], "pivot": [9, -4.09002, 10.15811], "rotation": [-45, 0, 0], "uv": [346, 147]},
						{"origin": [7, -5.4817, 16.89863], "size": [2, 2, 11], "pivot": [9, -4.09002, 10.15811], "rotation": [-2.5, 0, 0], "uv": [304, 346]},
						{"origin": [7, -7.56303, 10.606], "size": [2, 2, 11], "pivot": [9, -4.09002, 10.15811], "rotation": [45, 0, 0], "uv": [242, 346]},
						{"origin": [7, -11.27, 12.41111], "size": [2, 2, 11], "pivot": [9, -4.09002, 10.15811], "rotation": [45, 0, 0], "uv": [93, 346]}
					]
				},
				{
					"name": "bone42",
					"parent": "bone",
					"pivot": [-9, 8.39809, 16.8822],
					"rotation": [-3.07779, -14.2906, 4.60659],
					"cubes": [
						{"origin": [-12, 6.42092, 14.35926], "size": [4, 6, 15], "pivot": [-9, 9.42092, 16.35926], "rotation": [-5, 0, 0], "uv": [300, 27]},
						{"origin": [-11, 9.13535, 12.82717], "size": [2, 2, 11], "pivot": [-9, 9.42092, 16.35926], "rotation": [45, 0, 0], "uv": [345, 80]},
						{"origin": [-11, 6.83722, 14.75554], "size": [2, 2, 11], "pivot": [-9, 9.42092, 16.35926], "rotation": [-45, 0, 0], "uv": [278, 345]},
						{"origin": [-11, 10.8172, 17.94297], "size": [2, 2, 11], "pivot": [-9, 9.42092, 16.35926], "rotation": [-45, 0, 0], "uv": [180, 345]},
						{"origin": [-11, 14.15439, 20.36436], "size": [2, 2, 11], "pivot": [-9, 9.42092, 16.35926], "rotation": [-45, 0, 0], "uv": [344, 216]},
						{"origin": [-11, 8.02925, 23.09979], "size": [2, 2, 11], "pivot": [-9, 9.42092, 16.35926], "rotation": [-2.5, 0, 0], "uv": [210, 344]},
						{"origin": [-11, 5.94791, 16.80716], "size": [2, 2, 11], "pivot": [-9, 9.42092, 16.35926], "rotation": [45, 0, 0], "uv": [154, 344]},
						{"origin": [-11, 2.24095, 18.61226], "size": [2, 2, 11], "pivot": [-9, 9.42092, 16.35926], "rotation": [45, 0, 0], "uv": [78, 344]}
					]
				},
				{
					"name": "bone6",
					"parent": "bone",
					"pivot": [-9, -4.20382, 11.7644],
					"rotation": [-3.07779, -14.2906, 4.60659],
					"cubes": [
						{"origin": [-12, -6.18099, 9.24146], "size": [4, 6, 15], "pivot": [-9, -3.18099, 11.24146], "rotation": [-5, 0, 0], "uv": [293, 6]},
						{"origin": [-11, -3.46656, 7.70937], "size": [2, 2, 11], "pivot": [-9, -3.18099, 11.24146], "rotation": [45, 0, 0], "uv": [52, 344]},
						{"origin": [-11, -5.76469, 9.63774], "size": [2, 2, 11], "pivot": [-9, -3.18099, 11.24146], "rotation": [-45, 0, 0], "uv": [26, 344]},
						{"origin": [-11, -1.78471, 12.82517], "size": [2, 2, 11], "pivot": [-9, -3.18099, 11.24146], "rotation": [-45, 0, 0], "uv": [0, 344]},
						{"origin": [-11, 1.55248, 15.24656], "size": [2, 2, 11], "pivot": [-9, -3.18099, 11.24146], "rotation": [-45, 0, 0], "uv": [343, 322]},
						{"origin": [-11, -4.57266, 17.98199], "size": [2, 2, 11], "pivot": [-9, -3.18099, 11.24146], "rotation": [-2.5, 0, 0], "uv": [343, 309]},
						{"origin": [-11, -6.654, 11.68936], "size": [2, 2, 11], "pivot": [-9, -3.18099, 11.24146], "rotation": [45, 0, 0], "uv": [340, 343]},
						{"origin": [-11, -10.36096, 13.49446], "size": [2, 2, 11], "pivot": [-9, -3.18099, 11.24146], "rotation": [45, 0, 0], "uv": [139, 342]}
					]
				},
				{
					"name": "bone36",
					"parent": "bone",
					"pivot": [10, 22.08335, 21.09096],
					"rotation": [0, 12.5, 0],
					"cubes": [
						{"origin": [7, 20.10618, 18.56803], "size": [4, 6, 15], "pivot": [10, 23.10618, 20.56803], "rotation": [-5, 0, 0], "uv": [286, 251]},
						{"origin": [8, 22.82061, 17.03594], "size": [2, 2, 11], "pivot": [10, 23.10618, 20.56803], "rotation": [45, 0, 0], "uv": [113, 342]},
						{"origin": [8, 20.52247, 18.9643], "size": [2, 2, 11], "pivot": [10, 23.10618, 20.56803], "rotation": [-45, 0, 0], "uv": [341, 296]},
						{"origin": [8, 24.50246, 22.15174], "size": [2, 2, 11], "pivot": [10, 23.10618, 20.56803], "rotation": [-45, 0, 0], "uv": [341, 56]},
						{"origin": [8, 27.83965, 24.57313], "size": [2, 2, 11], "pivot": [10, 23.10618, 20.56803], "rotation": [-45, 0, 0], "uv": [325, 341]},
						{"origin": [8, 21.7145, 27.30855], "size": [2, 2, 11], "pivot": [10, 23.10618, 20.56803], "rotation": [-2.5, 0, 0], "uv": [340, 13]},
						{"origin": [8, 19.63317, 21.01592], "size": [2, 2, 11], "pivot": [10, 23.10618, 20.56803], "rotation": [45, 0, 0], "uv": [339, 130]},
						{"origin": [8, 15.92621, 22.82103], "size": [2, 2, 11], "pivot": [10, 23.10618, 20.56803], "rotation": [45, 0, 0], "uv": [339, 43]}
					]
				},
				{
					"name": "bone37",
					"parent": "bone",
					"pivot": [-9, 22.08335, 21.09096],
					"rotation": [0, -20, 0],
					"cubes": [
						{"origin": [-12, 20.10618, 18.56803], "size": [4, 6, 15], "pivot": [-9, 23.10618, 20.56803], "rotation": [-5, 0, 0], "uv": [270, 0]},
						{"origin": [-11, 22.82061, 17.03594], "size": [2, 2, 11], "pivot": [-9, 23.10618, 20.56803], "rotation": [45, 0, 0], "uv": [338, 283]},
						{"origin": [-11, 20.52247, 18.9643], "size": [2, 2, 11], "pivot": [-9, 23.10618, 20.56803], "rotation": [-45, 0, 0], "uv": [338, 203]},
						{"origin": [-11, 24.50246, 22.15174], "size": [2, 2, 11], "pivot": [-9, 23.10618, 20.56803], "rotation": [-45, 0, 0], "uv": [338, 117]},
						{"origin": [-11, 27.83965, 24.57313], "size": [2, 2, 11], "pivot": [-9, 23.10618, 20.56803], "rotation": [-45, 0, 0], "uv": [338, 30]},
						{"origin": [-11, 21.7145, 27.30855], "size": [2, 2, 11], "pivot": [-9, 23.10618, 20.56803], "rotation": [-2.5, 0, 0], "uv": [336, 270]},
						{"origin": [-11, 19.63317, 21.01592], "size": [2, 2, 11], "pivot": [-9, 23.10618, 20.56803], "rotation": [45, 0, 0], "uv": [336, 188]},
						{"origin": [-11, 15.92621, 22.82103], "size": [2, 2, 11], "pivot": [-9, 23.10618, 20.56803], "rotation": [45, 0, 0], "uv": [336, 104]}
					]
				},
				{
					"name": "bone2",
					"parent": "bone",
					"pivot": [0, 30.02283, 3.47707],
					"rotation": [22.5, 0, 0],
					"cubes": [
						{"origin": [-12, 27.02283, -11.52293], "size": [24, 24, 31], "uv": [0, 197]},
						{"origin": [-11, 32.02283, -13.52293], "size": [22, 14, 8], "pivot": [0, 35.02283, -1.52293], "rotation": [12.5, 0, 0], "uv": [145, 0]},
						{"origin": [-11, 41.12742, -15.09992], "size": [22, 10, 3], "pivot": [0, 44.12742, -3.09992], "rotation": [-5, 0, 0], "uv": [173, 227]},
						{"origin": [-8, 39.12742, -14.09992], "size": [16, 14, 2], "pivot": [0, 42.12742, -3.09992], "rotation": [-5, 0, 0], "uv": [256, 311]},
						{"origin": [-4, 39.12742, -13.09992], "size": [8, 16, 1], "pivot": [0, 42.12742, -3.09992], "rotation": [-5, 0, 0], "uv": [92, 73]}
					]
				},
				{
					"name": "bone3",
					"parent": "bone2",
					"pivot": [0, 50.02283, 1.47707],
					"rotation": [-25, 0, 0],
					"cubes": [
						{"origin": [-10, 45.02283, -8.52293], "size": [20, 29, 23], "uv": [110, 227]},
						{"origin": [-7, 50.02283, -3.52293], "size": [14, 22, 20], "pivot": [0, 50.02283, 1.47707], "rotation": [7.5, 0, 0], "uv": [271, 111]}
					]
				},
				{
					"name": "bone9",
					"parent": "bone3",
					"pivot": [0, 77.93568, 2.47326],
					"cubes": [
						{"origin": [-7, 77.11379, 3.39372], "size": [14, 14, 11], "uv": [180, 111]},
						{"origin": [-4, 76.93948, 3.3861], "size": [8, 25, 7], "uv": [0, 141]},
						{"origin": [-7, 67.64814, -5.84492], "size": [14, 15, 20], "uv": [80, 279]}
					]
				},
				{
					"name": "bone10",
					"parent": "bone9",
					"pivot": [0, 81.76136, 4.46565],
					"rotation": [15, 0, 0],
					"cubes": [
						{"origin": [-6, 82.02283, -4.52293], "size": [12, 8, 7], "uv": [0, 31]},
						{"origin": [5, 82.02283, 1.47707], "size": [1, 8, 6], "uv": [248, 266]},
						{"origin": [-6, 82.02283, 1.47707], "size": [1, 8, 6], "uv": [242, 186]},
						{"origin": [-4, 82.02283, -1.52293], "size": [8, 19, 4], "uv": [98, 0]},
						{"origin": [-4, 86.85059, -6.27124], "size": [8, 12, 3], "pivot": [0, 78.15416, 7.61185], "rotation": [-12.5, 0, 0], "uv": [110, 227]}
					]
				},
				{
					"name": "bone30",
					"parent": "bone2",
					"pivot": [-1, 31.00197, 18.59101],
					"cubes": [
						{"origin": [-3, 32.00197, 15.59101], "size": [4, 6, 16], "uv": [189, 6]},
						{"origin": [-2, 31.39748, 13.22457], "size": [2, 2, 13], "pivot": [-1, 31.00197, 18.59101], "rotation": [-37.5, 0, 0], "uv": [324, 298]},
						{"origin": [-2, 34.92737, 16.90423], "size": [2, 2, 13], "pivot": [-1, 31.00197, 18.59101], "rotation": [-37.5, 0, 0], "uv": [323, 15]},
						{"origin": [-2, 37.91996, 24.74049], "size": [2, 2, 8], "pivot": [-1, 31.00197, 18.59101], "rotation": [-37.5, 0, 0], "uv": [319, 368]},
						{"origin": [-2, 34.34714, 29.45416], "size": [2, 2, 8], "pivot": [-1, 33.94088, 30.89397], "rotation": [7.5, 0, 0], "uv": [127, 368]},
						{"origin": [-2, 35.00197, 18.59101], "size": [2, 2, 13], "pivot": [-1, 31.00197, 18.59101], "rotation": [45, 0, 0], "uv": [322, 48]},
						{"origin": [-2, 31.29501, 20.39612], "size": [2, 2, 13], "pivot": [-1, 31.00197, 18.59101], "rotation": [45, 0, 0], "uv": [319, 278]},
						{"origin": [-2, 27.46479, 23.61005], "size": [2, 2, 12], "pivot": [-1, 31.00197, 18.59101], "rotation": [45, 0, 0], "uv": [126, 328]}
					]
				},
				{
					"name": "bone31",
					"parent": "bone2",
					"pivot": [7, 30.29952, 16.13986],
					"rotation": [0, 10, 0],
					"cubes": [
						{"origin": [5, 31.29952, 16.13986], "size": [4, 6, 13], "uv": [222, 310]},
						{"origin": [6, 30.69503, 10.77342], "size": [2, 2, 13], "pivot": [7, 30.29952, 16.13986], "rotation": [-37.5, 0, 0], "uv": [319, 199]},
						{"origin": [6, 34.22492, 14.45308], "size": [2, 2, 13], "pivot": [7, 30.29952, 16.13986], "rotation": [-37.5, 0, 0], "uv": [319, 110]},
						{"origin": [6, 37.21751, 22.28935], "size": [2, 2, 8], "pivot": [7, 30.29952, 16.13986], "rotation": [-37.5, 0, 0], "uv": [107, 368]},
						{"origin": [6, 33.64469, 27.00301], "size": [2, 2, 8], "pivot": [7, 33.23843, 28.44282], "rotation": [7.5, 0, 0], "uv": [366, 263]},
						{"origin": [6, 34.29952, 16.13986], "size": [2, 2, 13], "pivot": [7, 30.29952, 16.13986], "rotation": [45, 0, 0], "uv": [316, 0]},
						{"origin": [6, 30.59255, 17.94497], "size": [2, 2, 13], "pivot": [7, 30.29952, 16.13986], "rotation": [45, 0, 0], "uv": [108, 315]},
						{"origin": [6, 26.76233, 21.15891], "size": [2, 2, 12], "pivot": [7, 30.29952, 16.13986], "rotation": [45, 0, 0], "uv": [327, 327]}
					]
				},
				{
					"name": "bone33",
					"parent": "bone2",
					"pivot": [3, 42.60248, 13.20095],
					"cubes": [
						{"origin": [1, 43.60248, 13.20095], "size": [4, 6, 13], "uv": [309, 91]},
						{"origin": [2, 42.99799, 7.83451], "size": [2, 2, 13], "pivot": [3, 42.60248, 13.20095], "rotation": [-37.5, 0, 0], "uv": [78, 314]},
						{"origin": [2, 46.52788, 11.51417], "size": [2, 2, 13], "pivot": [3, 42.60248, 13.20095], "rotation": [-37.5, 0, 0], "uv": [309, 313]},
						{"origin": [2, 49.52047, 19.35044], "size": [2, 2, 8], "pivot": [3, 42.60248, 13.20095], "rotation": [-37.5, 0, 0], "uv": [366, 186]},
						{"origin": [2, 45.94765, 24.0641], "size": [2, 2, 8], "pivot": [3, 45.54139, 25.50391], "rotation": [7.5, 0, 0], "uv": [366, 88]},
						{"origin": [2, 42.89551, 15.00606], "size": [2, 2, 13], "pivot": [3, 42.60248, 13.20095], "rotation": [45, 0, 0], "uv": [292, 311]},
						{"origin": [2, 39.06529, 18.22], "size": [2, 2, 12], "pivot": [3, 42.60248, 13.20095], "rotation": [45, 0, 0], "uv": [170, 296]}
					]
				},
				{
					"name": "bone34",
					"parent": "bone2",
					"pivot": [-4, 42.60248, 13.20095],
					"cubes": [
						{"origin": [-6, 43.60248, 13.20095], "size": [4, 6, 13], "uv": [60, 252]},
						{"origin": [-5, 42.99799, 7.83451], "size": [2, 2, 13], "pivot": [-4, 42.60248, 13.20095], "rotation": [-37.5, 0, 0], "uv": [61, 304]},
						{"origin": [-5, 46.52788, 11.51417], "size": [2, 2, 13], "pivot": [-4, 42.60248, 13.20095], "rotation": [-37.5, 0, 0], "uv": [23, 304]},
						{"origin": [-5, 49.52047, 19.35044], "size": [2, 2, 8], "pivot": [-4, 42.60248, 13.20095], "rotation": [-37.5, 0, 0], "uv": [366, 15]},
						{"origin": [-5, 45.94765, 24.0641], "size": [2, 2, 8], "pivot": [-4, 45.54139, 25.50391], "rotation": [7.5, 0, 0], "uv": [337, 366]},
						{"origin": [-5, 42.89551, 15.00606], "size": [2, 2, 13], "pivot": [-4, 42.60248, 13.20095], "rotation": [45, 0, 0], "uv": [128, 279]},
						{"origin": [-5, 39.06529, 18.22], "size": [2, 2, 12], "pivot": [-4, 42.60248, 13.20095], "rotation": [45, 0, 0], "uv": [268, 199]}
					]
				},
				{
					"name": "bone32",
					"parent": "bone2",
					"pivot": [-7, 30.29952, 16.13986],
					"rotation": [0, -15, 0],
					"cubes": [
						{"origin": [-10, 31.29952, 16.13986], "size": [4, 6, 13], "uv": [92, 98]},
						{"origin": [-9, 30.69503, 10.77342], "size": [2, 2, 13], "pivot": [-7, 30.29952, 16.13986], "rotation": [-37.5, 0, 0], "uv": [260, 111]},
						{"origin": [-9, 34.22492, 14.45308], "size": [2, 2, 13], "pivot": [-7, 30.29952, 16.13986], "rotation": [-37.5, 0, 0], "uv": [210, 227]},
						{"origin": [-9, 37.21751, 22.28935], "size": [2, 2, 8], "pivot": [-7, 30.29952, 16.13986], "rotation": [-37.5, 0, 0], "uv": [365, 173]},
						{"origin": [-9, 33.64469, 27.00301], "size": [2, 2, 8], "pivot": [-7, 33.23843, 28.44282], "rotation": [7.5, 0, 0], "uv": [365, 155]},
						{"origin": [-9, 34.29952, 16.13986], "size": [2, 2, 13], "pivot": [-7, 30.29952, 16.13986], "rotation": [45, 0, 0], "uv": [126, 173]},
						{"origin": [-9, 30.59255, 17.94497], "size": [2, 2, 13], "pivot": [-7, 30.29952, 16.13986], "rotation": [45, 0, 0], "uv": [157, 24]},
						{"origin": [-9, 26.76233, 21.15891], "size": [2, 2, 12], "pivot": [-7, 30.29952, 16.13986], "rotation": [45, 0, 0], "uv": [82, 259]}
					]
				},
				{
					"name": "bone24",
					"parent": "bone2",
					"pivot": [9, 36.07611, -1.74311],
					"rotation": [-120, -35, -17.5],
					"cubes": [
						{"origin": [9, 24.06089, -5.39449], "size": [8, 14, 9], "uv": [188, 310]},
						{"origin": [10, 15.06089, -4.39449], "size": [6, 13, 7], "uv": [204, 49]}
					]
				},
				{
					"name": "bone27",
					"parent": "bone2",
					"pivot": [-8, 37.0723, -1.65596],
					"rotation": [-117.5, 35, 5],
					"cubes": [
						{"origin": [-17, 23.05708, -5.30734], "size": [8, 16, 9], "uv": [79, 197]},
						{"origin": [-16, 14.05708, -4.30734], "size": [6, 15, 7], "uv": [0, 197]}
					]
				},
				{
					"name": "bone16",
					"parent": "bone",
					"pivot": [0, -4.98288, 2.51614],
					"rotation": [-65, 0, 0],
					"cubes": [
						{"origin": [-14, -32.3848, -10.98386], "size": [28, 35, 30], "pivot": [0, -4.98288, 2.51614], "rotation": [55, 0, 0], "uv": [126, 162]}
					]
				},
				{
					"name": "bone46",
					"parent": "bone16",
					"pivot": [11, 2.84169, 18.47633],
					"cubes": [
						{"origin": [8, -0.90328, 19.48301], "size": [3, 5, 10], "pivot": [11, -0.0246, 21.60433], "rotation": [47.5, 0, 0], "uv": [332, 236]},
						{"origin": [9, 2.09672, 19.48301], "size": [1, 1, 10], "pivot": [11, -0.0246, 21.60433], "rotation": [90, 0, 0], "uv": [323, 30]},
						{"origin": [9, 0.1413, 20.52568], "size": [1, 1, 10], "pivot": [11, -0.0246, 21.60433], "rotation": [90, 0, 0], "uv": [322, 63]},
						{"origin": [9, -1.76956, 22.61101], "size": [1, 1, 9], "pivot": [11, -0.0246, 21.60433], "rotation": [90, 0, 0], "uv": [264, 363]},
						{"origin": [9, 0.23044, 19.61101], "size": [1, 1, 9], "pivot": [11, -0.0246, 21.60433], "rotation": [2.5, 0, 0], "uv": [362, 253]},
						{"origin": [9, 2.23044, 20.61101], "size": [1, 1, 9], "pivot": [11, -0.0246, 21.60433], "rotation": [2.5, 0, 0], "uv": [362, 240]},
						{"origin": [9, 4.23044, 21.61101], "size": [1, 1, 9], "pivot": [11, -0.0246, 21.60433], "rotation": [2.5, 0, 0], "uv": [361, 145]},
						{"origin": [9, -0.93016, 24.83099], "size": [1, 1, 9], "pivot": [11, -0.0246, 21.60433], "rotation": [70, 0, 0], "uv": [253, 361]},
						{"origin": [9, 4.67593, 23.22731], "size": [1, 1, 9], "pivot": [11, -0.0246, 21.60433], "rotation": [17.5, 0, 0], "uv": [229, 361]}
					]
				},
				{
					"name": "bone45",
					"parent": "bone16",
					"pivot": [-9, 2.84169, 18.47633],
					"cubes": [
						{"origin": [-12, -0.90328, 19.48301], "size": [3, 5, 10], "pivot": [-9, -0.0246, 21.60433], "rotation": [47.5, 0, 0], "uv": [331, 143]},
						{"origin": [-11, 2.09672, 19.48301], "size": [1, 1, 10], "pivot": [-9, -0.0246, 21.60433], "rotation": [90, 0, 0], "uv": [320, 175]},
						{"origin": [-11, 0.1413, 20.52568], "size": [1, 1, 10], "pivot": [-9, -0.0246, 21.60433], "rotation": [90, 0, 0], "uv": [308, 174]},
						{"origin": [-11, -1.76956, 22.61101], "size": [1, 1, 9], "pivot": [-9, -0.0246, 21.60433], "rotation": [90, 0, 0], "uv": [95, 361]},
						{"origin": [-11, 0.23044, 19.61101], "size": [1, 1, 9], "pivot": [-9, -0.0246, 21.60433], "rotation": [2.5, 0, 0], "uv": [360, 78]},
						{"origin": [-11, 2.23044, 20.61101], "size": [1, 1, 9], "pivot": [-9, -0.0246, 21.60433], "rotation": [2.5, 0, 0], "uv": [307, 360]},
						{"origin": [-11, 4.23044, 21.61101], "size": [1, 1, 9], "pivot": [-9, -0.0246, 21.60433], "rotation": [2.5, 0, 0], "uv": [187, 360]},
						{"origin": [-11, -0.93016, 24.83099], "size": [1, 1, 9], "pivot": [-9, -0.0246, 21.60433], "rotation": [70, 0, 0], "uv": [359, 230]},
						{"origin": [-11, 4.67593, 23.22731], "size": [1, 1, 9], "pivot": [-9, -0.0246, 21.60433], "rotation": [17.5, 0, 0], "uv": [359, 212]}
					]
				},
				{
					"name": "bone43",
					"parent": "bone16",
					"pivot": [-3, 2.84169, 18.47633],
					"cubes": [
						{"origin": [-6, -0.90328, 19.48301], "size": [3, 5, 10], "pivot": [-3, -0.0246, 21.60433], "rotation": [47.5, 0, 0], "uv": [310, 331]},
						{"origin": [-5, 2.09672, 19.48301], "size": [1, 1, 10], "pivot": [-3, -0.0246, 21.60433], "rotation": [90, 0, 0], "uv": [301, 236]},
						{"origin": [-5, 0.1413, 20.52568], "size": [1, 1, 10], "pivot": [-3, -0.0246, 21.60433], "rotation": [90, 0, 0], "uv": [186, 296]},
						{"origin": [-5, -1.76956, 22.61101], "size": [1, 1, 9], "pivot": [-3, -0.0246, 21.60433], "rotation": [90, 0, 0], "uv": [296, 359]},
						{"origin": [-5, 0.23044, 19.61101], "size": [1, 1, 9], "pivot": [-3, -0.0246, 21.60433], "rotation": [2.5, 0, 0], "uv": [242, 359]},
						{"origin": [-5, 2.23044, 20.61101], "size": [1, 1, 9], "pivot": [-3, -0.0246, 21.60433], "rotation": [2.5, 0, 0], "uv": [358, 322]},
						{"origin": [-5, 4.23044, 21.61101], "size": [1, 1, 9], "pivot": [-3, -0.0246, 21.60433], "rotation": [2.5, 0, 0], "uv": [358, 305]},
						{"origin": [-5, -0.93016, 24.83099], "size": [1, 1, 9], "pivot": [-3, -0.0246, 21.60433], "rotation": [70, 0, 0], "uv": [67, 357]},
						{"origin": [-5, 4.67593, 23.22731], "size": [1, 1, 9], "pivot": [-3, -0.0246, 21.60433], "rotation": [17.5, 0, 0], "uv": [41, 357]}
					]
				},
				{
					"name": "bone44",
					"parent": "bone16",
					"pivot": [3, 2.84169, 18.47633],
					"cubes": [
						{"origin": [0, -0.90328, 19.48301], "size": [3, 5, 10], "pivot": [3, -0.0246, 21.60433], "rotation": [47.5, 0, 0], "uv": [98, 330]},
						{"origin": [1, 2.09672, 19.48301], "size": [1, 1, 10], "pivot": [3, -0.0246, 21.60433], "rotation": [90, 0, 0], "uv": [272, 213]},
						{"origin": [1, 0.1413, 20.52568], "size": [1, 1, 10], "pivot": [3, -0.0246, 21.60433], "rotation": [90, 0, 0], "uv": [230, 122]},
						{"origin": [1, -1.76956, 22.61101], "size": [1, 1, 9], "pivot": [3, -0.0246, 21.60433], "rotation": [90, 0, 0], "uv": [15, 357]},
						{"origin": [1, 0.23044, 19.61101], "size": [1, 1, 9], "pivot": [3, -0.0246, 21.60433], "rotation": [2.5, 0, 0], "uv": [345, 356]},
						{"origin": [1, 2.23044, 20.61101], "size": [1, 1, 9], "pivot": [3, -0.0246, 21.60433], "rotation": [2.5, 0, 0], "uv": [123, 355]},
						{"origin": [1, 4.23044, 21.61101], "size": [1, 1, 9], "pivot": [3, -0.0246, 21.60433], "rotation": [2.5, 0, 0], "uv": [348, 229]},
						{"origin": [1, -0.93016, 24.83099], "size": [1, 1, 9], "pivot": [3, -0.0246, 21.60433], "rotation": [70, 0, 0], "uv": [293, 345]},
						{"origin": [1, 4.67593, 23.22731], "size": [1, 1, 9], "pivot": [3, -0.0246, 21.60433], "rotation": [17.5, 0, 0], "uv": [169, 345]}
					]
				},
				{
					"name": "bone47",
					"parent": "bone16",
					"pivot": [7, -6.79984, 26.90491],
					"rotation": [7.5, 0, 0],
					"cubes": [
						{"origin": [4, -10.5448, 27.91159], "size": [3, 5, 10], "pivot": [7, -9.66612, 30.03291], "rotation": [47.5, 0, 0], "uv": [212, 329]},
						{"origin": [5, -9.50023, 28.95426], "size": [1, 1, 10], "pivot": [7, -9.66612, 30.03291], "rotation": [90, 0, 0], "uv": [103, 212]},
						{"origin": [5, -11.41109, 31.03959], "size": [1, 1, 9], "pivot": [7, -9.66612, 30.03291], "rotation": [90, 0, 0], "uv": [67, 344]},
						{"origin": [5, -7.41109, 29.03959], "size": [1, 1, 9], "pivot": [7, -9.66612, 30.03291], "rotation": [2.5, 0, 0], "uv": [41, 344]},
						{"origin": [5, -5.41109, 30.03959], "size": [1, 1, 9], "pivot": [7, -9.66612, 30.03291], "rotation": [2.5, 0, 0], "uv": [15, 344]},
						{"origin": [5, -10.57168, 33.25957], "size": [1, 1, 9], "pivot": [7, -9.66612, 30.03291], "rotation": [70, 0, 0], "uv": [128, 342]},
						{"origin": [5, -4.9656, 31.65589], "size": [1, 1, 9], "pivot": [7, -9.66612, 30.03291], "rotation": [17.5, 0, 0], "uv": [338, 177]}
					]
				},
				{
					"name": "bone48",
					"parent": "bone16",
					"pivot": [0, -6.79984, 26.90491],
					"rotation": [7.5, 0, 0],
					"cubes": [
						{"origin": [-3, -10.5448, 27.91159], "size": [3, 5, 10], "pivot": [0, -9.66612, 30.03291], "rotation": [47.5, 0, 0], "uv": [72, 329]},
						{"origin": [-2, -9.50023, 28.95426], "size": [1, 1, 10], "pivot": [0, -9.66612, 30.03291], "rotation": [90, 0, 0], "uv": [113, 98]},
						{"origin": [-2, -11.41109, 31.03959], "size": [1, 1, 9], "pivot": [0, -9.66612, 30.03291], "rotation": [90, 0, 0], "uv": [184, 333]},
						{"origin": [-2, -7.41109, 29.03959], "size": [1, 1, 9], "pivot": [0, -9.66612, 30.03291], "rotation": [2.5, 0, 0], "uv": [114, 330]},
						{"origin": [-2, -5.41109, 30.03959], "size": [1, 1, 9], "pivot": [0, -9.66612, 30.03291], "rotation": [2.5, 0, 0], "uv": [88, 329]},
						{"origin": [-2, -10.57168, 33.25957], "size": [1, 1, 9], "pivot": [0, -9.66612, 30.03291], "rotation": [70, 0, 0], "uv": [142, 328]},
						{"origin": [-2, -4.9656, 31.65589], "size": [1, 1, 9], "pivot": [0, -9.66612, 30.03291], "rotation": [17.5, 0, 0], "uv": [319, 214]}
					]
				},
				{
					"name": "bone49",
					"parent": "bone16",
					"pivot": [-6, -6.79984, 26.90491],
					"rotation": [7.5, 0, 0],
					"cubes": [
						{"origin": [-9, -10.5448, 27.91159], "size": [3, 5, 10], "pivot": [-6, -9.66612, 30.03291], "rotation": [47.5, 0, 0], "uv": [154, 328]},
						{"origin": [-8, -9.50023, 28.95426], "size": [1, 1, 10], "pivot": [-6, -9.66612, 30.03291], "rotation": [90, 0, 0], "uv": [15, 104]},
						{"origin": [-8, -11.41109, 31.03959], "size": [1, 1, 9], "pivot": [-6, -9.66612, 30.03291], "rotation": [90, 0, 0], "uv": [248, 287]},
						{"origin": [-8, -7.41109, 29.03959], "size": [1, 1, 9], "pivot": [-6, -9.66612, 30.03291], "rotation": [2.5, 0, 0], "uv": [277, 279]},
						{"origin": [-8, -5.41109, 30.03959], "size": [1, 1, 9], "pivot": [-6, -9.66612, 30.03291], "rotation": [2.5, 0, 0], "uv": [219, 266]},
						{"origin": [-8, -10.57168, 33.25957], "size": [1, 1, 9], "pivot": [-6, -9.66612, 30.03291], "rotation": [70, 0, 0], "uv": [242, 122]},
						{"origin": [-8, -4.9656, 31.65589], "size": [1, 1, 9], "pivot": [-6, -9.66612, 30.03291], "rotation": [17.5, 0, 0], "uv": [173, 240]}
					]
				},
				{
					"name": "bone17",
					"parent": "bone16",
					"pivot": [0, -21.98288, 24.51614],
					"rotation": [-45, 0, 0],
					"cubes": [
						{"origin": [-13, -33.5471, 15.53516], "size": [26, 27, 46], "uv": [0, 0]}
					]
				},
				{
					"name": "bone53",
					"parent": "bone17",
					"pivot": [4, -9.09684, 23.65212],
					"cubes": [
						{"origin": [1, -9.09684, 23.65212], "size": [3, 6, 3], "uv": [104, 197]},
						{"origin": [2, -10.40714, 24.29309], "size": [1, 6, 1], "pivot": [4, -8.96598, 26.64926], "rotation": [-52.5, 0, 0], "uv": [113, 98]},
						{"origin": [2, -9.25999, 22.65478], "size": [1, 6, 1], "pivot": [4, -8.96598, 26.64926], "rotation": [-52.5, 0, 0], "uv": [39, 108]},
						{"origin": [2, -8.19053, 26.2295], "size": [1, 6, 1], "pivot": [4, -8.96598, 26.64926], "rotation": [57.5, 0, 0], "uv": [104, 90]},
						{"origin": [2, -7.19053, 25.2295], "size": [1, 6, 1], "pivot": [4, -8.96598, 26.64926], "rotation": [2.5, 0, 0], "uv": [19, 104]},
						{"origin": [2, -7.86253, 28.44138], "size": [1, 6, 1], "pivot": [4, -8.96598, 26.64926], "rotation": [57.5, 0, 0], "uv": [15, 104]}
					]
				},
				{
					"name": "bone7",
					"parent": "bone17",
					"pivot": [-2, -9.09684, 23.65212],
					"cubes": [
						{"origin": [-5, -9.09684, 23.65212], "size": [3, 6, 3], "uv": [126, 173]},
						{"origin": [-4, -10.40714, 24.29309], "size": [1, 6, 1], "pivot": [-2, -8.96598, 26.64926], "rotation": [-52.5, 0, 0], "uv": [4, 104]},
						{"origin": [-4, -9.25999, 22.65478], "size": [1, 6, 1], "pivot": [-2, -8.96598, 26.64926], "rotation": [-52.5, 0, 0], "uv": [0, 104]},
						{"origin": [-4, -8.19053, 26.2295], "size": [1, 6, 1], "pivot": [-2, -8.96598, 26.64926], "rotation": [57.5, 0, 0], "uv": [39, 101]},
						{"origin": [-4, -7.19053, 25.2295], "size": [1, 6, 1], "pivot": [-2, -8.96598, 26.64926], "rotation": [2.5, 0, 0], "uv": [38, 94]},
						{"origin": [-4, -7.86253, 28.44138], "size": [1, 6, 1], "pivot": [-2, -8.96598, 26.64926], "rotation": [57.5, 0, 0], "uv": [38, 87]}
					]
				},
				{
					"name": "bone55",
					"parent": "bone17",
					"pivot": [1, -10.05652, 42.12384],
					"cubes": [
						{"origin": [-2, -10.05652, 42.12384], "size": [3, 6, 3], "uv": [126, 37]},
						{"origin": [-1, -11.36682, 42.76481], "size": [1, 6, 1], "pivot": [1, -9.92566, 45.12099], "rotation": [-52.5, 0, 0], "uv": [38, 80]},
						{"origin": [-1, -10.21967, 41.12651], "size": [1, 6, 1], "pivot": [1, -9.92566, 45.12099], "rotation": [-52.5, 0, 0], "uv": [4, 73]},
						{"origin": [-1, -9.15021, 44.70123], "size": [1, 6, 1], "pivot": [1, -9.92566, 45.12099], "rotation": [57.5, 0, 0], "uv": [0, 73]},
						{"origin": [-1, -8.15021, 43.70123], "size": [1, 6, 1], "pivot": [1, -9.92566, 45.12099], "rotation": [2.5, 0, 0], "uv": [42, 38]},
						{"origin": [-1, -8.82221, 46.91311], "size": [1, 6, 1], "pivot": [1, -9.92566, 45.12099], "rotation": [57.5, 0, 0], "uv": [42, 22]}
					]
				},
				{
					"name": "bone54",
					"parent": "bone17",
					"pivot": [-3, -9.92407, 32.15599],
					"cubes": [
						{"origin": [-6, -9.92407, 32.15599], "size": [3, 6, 3], "uv": [114, 37]},
						{"origin": [-5, -11.23437, 32.79696], "size": [1, 6, 1], "pivot": [-3, -9.79321, 35.15313], "rotation": [-52.5, 0, 0], "uv": [42, 15]},
						{"origin": [-5, -10.08722, 31.15865], "size": [1, 6, 1], "pivot": [-3, -9.79321, 35.15313], "rotation": [-52.5, 0, 0], "uv": [42, 8]},
						{"origin": [-5, -9.01776, 34.73337], "size": [1, 6, 1], "pivot": [-3, -9.79321, 35.15313], "rotation": [57.5, 0, 0], "uv": [40, 29]},
						{"origin": [-5, -8.01776, 33.73337], "size": [1, 6, 1], "pivot": [-3, -9.79321, 35.15313], "rotation": [2.5, 0, 0], "uv": [38, 22]},
						{"origin": [-5, -8.68976, 36.94525], "size": [1, 6, 1], "pivot": [-3, -9.79321, 35.15313], "rotation": [57.5, 0, 0], "uv": [38, 15]}
					]
				},
				{
					"name": "bone8",
					"parent": "bone17",
					"pivot": [4, -9.92407, 32.15599],
					"cubes": [
						{"origin": [1, -9.92407, 32.15599], "size": [3, 6, 3], "uv": [27, 104]},
						{"origin": [2, -11.23437, 32.79696], "size": [1, 6, 1], "pivot": [4, -9.79321, 35.15313], "rotation": [-52.5, 0, 0], "uv": [38, 8]},
						{"origin": [2, -10.08722, 31.15865], "size": [1, 6, 1], "pivot": [4, -9.79321, 35.15313], "rotation": [-52.5, 0, 0], "uv": [38, 38]},
						{"origin": [2, -9.01776, 34.73337], "size": [1, 6, 1], "pivot": [4, -9.79321, 35.15313], "rotation": [57.5, 0, 0], "uv": [0, 31]},
						{"origin": [2, -8.01776, 33.73337], "size": [1, 6, 1], "pivot": [4, -9.79321, 35.15313], "rotation": [2.5, 0, 0], "uv": [4, 0]},
						{"origin": [2, -8.68976, 36.94525], "size": [1, 6, 1], "pivot": [4, -9.79321, 35.15313], "rotation": [57.5, 0, 0], "uv": [0, 0]}
					]
				},
				{
					"name": "bone18",
					"parent": "bone17",
					"pivot": [0, -21.28563, 55.54658],
					"rotation": [-27.5, 0, 0],
					"cubes": [
						{"origin": [-12, -32.652, 53.51779], "size": [24, 24, 44], "pivot": [0, -20.76269, 55.56941], "rotation": [35, 0, 0], "uv": [0, 73]}
					]
				},
				{
					"name": "bone19",
					"parent": "bone18",
					"pivot": [0, 3.23731, 88.56941],
					"rotation": [-20, 0, 0],
					"cubes": [
						{"origin": [-11, -12.24424, 83.92663], "size": [22, 21, 43], "pivot": [0, 0.51019, 85.31936], "rotation": [60, 0, 0], "uv": [93, 98]}
					]
				},
				{
					"name": "bone20",
					"parent": "bone19",
					"pivot": [0, 31.51019, 105.31936],
					"rotation": [17.5, 0, 0],
					"cubes": [
						{"origin": [-10, 32.51019, 95.31936], "size": [20, 32, 20], "pivot": [0, 31.51019, 105.31936], "rotation": [-50, 0, 0], "uv": [0, 252]}
					]
				},
				{
					"name": "bone21",
					"parent": "bone20",
					"pivot": [0, 51.51019, 128.31936],
					"rotation": [22.5, 0, 0],
					"cubes": [
						{"origin": [-9, 40.7745, 126.76578], "size": [18, 19, 30], "pivot": [0, 49.69211, 126.15266], "rotation": [17.5, 0, 0], "uv": [204, 0]}
					]
				},
				{
					"name": "bone22",
					"parent": "bone21",
					"pivot": [0, 57.69211, 150.15266],
					"rotation": [15, 0, 0],
					"cubes": [
						{"origin": [-8, 49.69211, 150.15266], "size": [16, 17, 25], "uv": [265, 49]},
						{"origin": [-7, 50.69211, 150.15266], "size": [14, 13, 44], "uv": [193, 54]},
						{"origin": [-2, 49.68355, 173.02214], "size": [4, 17, 36], "uv": [160, 243]},
						{"origin": [-2, 41.19963, 195.89344], "size": [4, 13, 22], "pivot": [0, 42.18141, 181.28418], "rotation": [35, 0, 0], "uv": [209, 266]},
						{"origin": [-2, 57.31589, 191.77978], "size": [4, 13, 18], "pivot": [0, 56.9587, 174.55577], "rotation": [-12.5, 0, 0], "uv": [270, 156]}
					]
				}
			]
		}
	]
}