{
	"format_version": "1.12.0",
	"minecraft:geometry": [
		{
			"description": {
				"identifier": "geometry.shin_laser",
				"texture_width": 512,
				"texture_height": 512,
				"visible_bounds_width": 153,
				"visible_bounds_height": 13,
				"visible_bounds_offset": [0, 3.5, 0]
			},
			"bones": [
				{
					"name": "bone",
					"pivot": [0, 87, 0],
					"rotation": [5, 0, 0]
				},
				{
					"name": "bone2",
					"parent": "bone",
					"pivot": [0, 89, 4]
				},
				{
					"name": "bone3",
					"parent": "bone2",
					"pivot": [0, 107, 4]
				},
				{
					"name": "bone4",
					"parent": "bone3",
					"pivot": [0, 118, 5]
				},
				{
					"name": "bone5",
					"parent": "bone4",
					"pivot": [0, 130.99619, 2.08716]
				},
				{
					"name": "bone6",
					"parent": "bone5",
					"pivot": [0, 134.76395, 2.87808],
					"rotation": [2.5, 0, 0],
					"cubes": [
						{"origin": [0, 134.26438, -629.47603], "size": [1, 1, 610], "pivot": [0, 134.12116, 3.11203], "rotation": [10, 0, 0], "uv": [0, 73]}
					]
				},
				{
					"name": "bone16",
					"parent": "bone",
					"pivot": [0, 47.31987, 10.4857],
					"rotation": [-20, 0, 0]
				},
				{
					"name": "bone17",
					"parent": "bone16",
					"pivot": [0, 30.31987, 32.4857],
					"rotation": [5, 0, 0]
				},
				{
					"name": "bone18",
					"parent": "bone17",
					"pivot": [0, 31.01712, 63.51614],
					"rotation": [-2.5, 0, 0]
				},
				{
					"name": "bone19",
					"parent": "bone18",
					"pivot": [0, 55.54006, 96.53897]
				},
				{
					"name": "bone20",
					"parent": "bone19",
					"pivot": [0, 83.81294, 113.28892],
					"rotation": [10, 0, 0]
				},
				{
					"name": "bone21",
					"parent": "bone20",
					"pivot": [0, 103.81294, 136.28892]
				},
				{
					"name": "bone22",
					"parent": "bone21",
					"pivot": [0, 109.99486, 158.12222],
					"cubes": [
						{"origin": [-1, 111.99486, 213.12222], "size": [2, 2, 992], "uv": [279, 55]}
					]
				},
				{
					"name": "bone23",
					"parent": "bone22",
					"pivot": [0, 111.99486, 183.12222]
				}
			]
		}
	]
}