{
	"format_version": "1.12.0",
	"minecraft:geometry": [
		{
			"description": {
				"identifier": "geometry.shin_dead",
				"texture_width": 512,
				"texture_height": 512,
				"visible_bounds_width": 28,
				"visible_bounds_height": 15,
				"visible_bounds_offset": [0, 5.5, 0]
			},
			"bones": [
				{
					"name": "bone",
					"pivot": [0, 87, 0],
					"rotation": [5, 0, 0],
					"cubes": [
						{"origin": [-15, 61, -12], "size": [30, 25, 33], "uv": [232, 277]},
						{"origin": [-15, 58.77807, -15.22761], "size": [30, 27, 4], "pivot": [0, 62.4597, -10.78282], "rotation": [-7.5, 0, 0], "uv": [232, 277]},
						{"origin": [-15, 43.31987, -15.5143], "size": [30, 23, 35], "pivot": [0, 62.31987, -0.5143], "rotation": [25, 0, 0], "uv": [232, 277]}
					]
				},
				{
					"name": "bone35",
					"parent": "bone",
					"pivot": [0, 74.90904, 23.08336],
					"cubes": [
						{"origin": [-3, 72.93188, 20.56042], "size": [4, 6, 15], "pivot": [0, 75.93188, 22.56042], "rotation": [-5, 0, 0], "uv": [232, 277]},
						{"origin": [-2, 75.6463, 19.02833], "size": [2, 2, 11], "pivot": [0, 75.93188, 22.56042], "rotation": [45, 0, 0], "uv": [232, 277]},
						{"origin": [-2, 73.34817, 20.95669], "size": [2, 2, 11], "pivot": [0, 75.93188, 22.56042], "rotation": [-45, 0, 0], "uv": [232, 277]},
						{"origin": [-2, 77.32815, 24.14413], "size": [2, 2, 11], "pivot": [0, 75.93188, 22.56042], "rotation": [-45, 0, 0], "uv": [232, 277]},
						{"origin": [-2, 80.66534, 26.56552], "size": [2, 2, 11], "pivot": [0, 75.93188, 22.56042], "rotation": [-45, 0, 0], "uv": [232, 277]},
						{"origin": [-2, 74.5402, 29.30095], "size": [2, 2, 11], "pivot": [0, 75.93188, 22.56042], "rotation": [-2.5, 0, 0], "uv": [232, 277]},
						{"origin": [-2, 72.45887, 23.00831], "size": [2, 2, 11], "pivot": [0, 75.93188, 22.56042], "rotation": [45, 0, 0], "uv": [232, 277]},
						{"origin": [-2, 68.7519, 24.81342], "size": [2, 2, 11], "pivot": [0, 75.93188, 22.56042], "rotation": [45, 0, 0], "uv": [232, 277]}
					]
				},
				{
					"name": "bone40",
					"parent": "bone",
					"pivot": [0, 61.13662, 19.87078],
					"rotation": [15, 0, 0],
					"cubes": [
						{"origin": [-3, 59.15946, 17.34785], "size": [4, 6, 15], "pivot": [0, 62.15946, 19.34785], "rotation": [-5, 0, 0], "uv": [232, 277]},
						{"origin": [-2, 61.87388, 15.81576], "size": [2, 2, 11], "pivot": [0, 62.15946, 19.34785], "rotation": [45, 0, 0], "uv": [232, 277]},
						{"origin": [-2, 59.57575, 17.74412], "size": [2, 2, 11], "pivot": [0, 62.15946, 19.34785], "rotation": [-45, 0, 0], "uv": [232, 277]},
						{"origin": [-2, 63.55573, 20.93155], "size": [2, 2, 11], "pivot": [0, 62.15946, 19.34785], "rotation": [-45, 0, 0], "uv": [232, 277]},
						{"origin": [-2, 66.89293, 23.35294], "size": [2, 2, 11], "pivot": [0, 62.15946, 19.34785], "rotation": [-45, 0, 0], "uv": [232, 277]},
						{"origin": [-2, 60.76778, 26.08837], "size": [2, 2, 11], "pivot": [0, 62.15946, 19.34785], "rotation": [-2.5, 0, 0], "uv": [232, 277]},
						{"origin": [-2, 58.68645, 19.79574], "size": [2, 2, 11], "pivot": [0, 62.15946, 19.34785], "rotation": [45, 0, 0], "uv": [232, 277]},
						{"origin": [-2, 54.97948, 21.60085], "size": [2, 2, 11], "pivot": [0, 62.15946, 19.34785], "rotation": [45, 0, 0], "uv": [232, 277]}
					]
				},
				{
					"name": "bone41",
					"parent": "bone",
					"pivot": [9, 61.31094, 17.87839],
					"rotation": [15, 10, 0],
					"cubes": [
						{"origin": [6, 59.33377, 15.35546], "size": [4, 6, 15], "pivot": [9, 62.33377, 17.35546], "rotation": [-5, 0, 0], "uv": [232, 277]},
						{"origin": [7, 62.04819, 13.82337], "size": [2, 2, 11], "pivot": [9, 62.33377, 17.35546], "rotation": [45, 0, 0], "uv": [232, 277]},
						{"origin": [7, 59.75006, 15.75173], "size": [2, 2, 11], "pivot": [9, 62.33377, 17.35546], "rotation": [-45, 0, 0], "uv": [232, 277]},
						{"origin": [7, 63.73004, 18.93917], "size": [2, 2, 11], "pivot": [9, 62.33377, 17.35546], "rotation": [-45, 0, 0], "uv": [232, 277]},
						{"origin": [7, 67.06724, 21.36056], "size": [2, 2, 11], "pivot": [9, 62.33377, 17.35546], "rotation": [-45, 0, 0], "uv": [232, 277]},
						{"origin": [7, 60.94209, 24.09598], "size": [2, 2, 11], "pivot": [9, 62.33377, 17.35546], "rotation": [-2.5, 0, 0], "uv": [232, 277]},
						{"origin": [7, 58.86076, 17.80335], "size": [2, 2, 11], "pivot": [9, 62.33377, 17.35546], "rotation": [45, 0, 0], "uv": [232, 277]},
						{"origin": [7, 55.15379, 19.60846], "size": [2, 2, 11], "pivot": [9, 62.33377, 17.35546], "rotation": [45, 0, 0], "uv": [232, 277]}
					]
				},
				{
					"name": "bone42",
					"parent": "bone",
					"pivot": [-9, 61.39809, 16.8822],
					"rotation": [15, -15, 0],
					"cubes": [
						{"origin": [-12, 59.42092, 14.35926], "size": [4, 6, 15], "pivot": [-9, 62.42092, 16.35926], "rotation": [-5, 0, 0], "uv": [232, 277]},
						{"origin": [-11, 62.13535, 12.82717], "size": [2, 2, 11], "pivot": [-9, 62.42092, 16.35926], "rotation": [45, 0, 0], "uv": [232, 277]},
						{"origin": [-11, 59.83722, 14.75554], "size": [2, 2, 11], "pivot": [-9, 62.42092, 16.35926], "rotation": [-45, 0, 0], "uv": [232, 277]},
						{"origin": [-11, 63.8172, 17.94297], "size": [2, 2, 11], "pivot": [-9, 62.42092, 16.35926], "rotation": [-45, 0, 0], "uv": [232, 277]},
						{"origin": [-11, 67.15439, 20.36436], "size": [2, 2, 11], "pivot": [-9, 62.42092, 16.35926], "rotation": [-45, 0, 0], "uv": [232, 277]},
						{"origin": [-11, 61.02925, 23.09979], "size": [2, 2, 11], "pivot": [-9, 62.42092, 16.35926], "rotation": [-2.5, 0, 0], "uv": [232, 277]},
						{"origin": [-11, 58.94791, 16.80716], "size": [2, 2, 11], "pivot": [-9, 62.42092, 16.35926], "rotation": [45, 0, 0], "uv": [232, 277]},
						{"origin": [-11, 55.24095, 18.61226], "size": [2, 2, 11], "pivot": [-9, 62.42092, 16.35926], "rotation": [45, 0, 0], "uv": [232, 277]}
					]
				},
				{
					"name": "bone36",
					"parent": "bone",
					"pivot": [7, 75.08335, 21.09096],
					"cubes": [
						{"origin": [4, 73.10618, 18.56803], "size": [4, 6, 15], "pivot": [7, 76.10618, 20.56803], "rotation": [-5, 0, 0], "uv": [232, 277]},
						{"origin": [5, 75.82061, 17.03594], "size": [2, 2, 11], "pivot": [7, 76.10618, 20.56803], "rotation": [45, 0, 0], "uv": [232, 277]},
						{"origin": [5, 73.52247, 18.9643], "size": [2, 2, 11], "pivot": [7, 76.10618, 20.56803], "rotation": [-45, 0, 0], "uv": [232, 277]},
						{"origin": [5, 77.50246, 22.15174], "size": [2, 2, 11], "pivot": [7, 76.10618, 20.56803], "rotation": [-45, 0, 0], "uv": [232, 277]},
						{"origin": [5, 80.83965, 24.57313], "size": [2, 2, 11], "pivot": [7, 76.10618, 20.56803], "rotation": [-45, 0, 0], "uv": [232, 277]},
						{"origin": [5, 74.7145, 27.30855], "size": [2, 2, 11], "pivot": [7, 76.10618, 20.56803], "rotation": [-2.5, 0, 0], "uv": [232, 277]},
						{"origin": [5, 72.63317, 21.01592], "size": [2, 2, 11], "pivot": [7, 76.10618, 20.56803], "rotation": [45, 0, 0], "uv": [232, 277]},
						{"origin": [5, 68.92621, 22.82103], "size": [2, 2, 11], "pivot": [7, 76.10618, 20.56803], "rotation": [45, 0, 0], "uv": [232, 277]}
					]
				},
				{
					"name": "bone37",
					"parent": "bone",
					"pivot": [-6, 75.08335, 21.09096],
					"cubes": [
						{"origin": [-9, 73.10618, 18.56803], "size": [4, 6, 15], "pivot": [-6, 76.10618, 20.56803], "rotation": [-5, 0, 0], "uv": [232, 277]},
						{"origin": [-8, 75.82061, 17.03594], "size": [2, 2, 11], "pivot": [-6, 76.10618, 20.56803], "rotation": [45, 0, 0], "uv": [232, 277]},
						{"origin": [-8, 73.52247, 18.9643], "size": [2, 2, 11], "pivot": [-6, 76.10618, 20.56803], "rotation": [-45, 0, 0], "uv": [232, 277]},
						{"origin": [-8, 77.50246, 22.15174], "size": [2, 2, 11], "pivot": [-6, 76.10618, 20.56803], "rotation": [-45, 0, 0], "uv": [232, 277]},
						{"origin": [-8, 80.83965, 24.57313], "size": [2, 2, 11], "pivot": [-6, 76.10618, 20.56803], "rotation": [-45, 0, 0], "uv": [232, 277]},
						{"origin": [-8, 74.7145, 27.30855], "size": [2, 2, 11], "pivot": [-6, 76.10618, 20.56803], "rotation": [-2.5, 0, 0], "uv": [232, 277]},
						{"origin": [-8, 72.63317, 21.01592], "size": [2, 2, 11], "pivot": [-6, 76.10618, 20.56803], "rotation": [45, 0, 0], "uv": [232, 277]},
						{"origin": [-8, 68.92621, 22.82103], "size": [2, 2, 11], "pivot": [-6, 76.10618, 20.56803], "rotation": [45, 0, 0], "uv": [232, 277]}
					]
				},
				{
					"name": "bone38",
					"parent": "bone",
					"pivot": [13, 75.51913, 16.10999],
					"rotation": [0, 10, 0],
					"cubes": [
						{"origin": [10, 73.54196, 13.58705], "size": [4, 6, 15], "pivot": [13, 76.54196, 15.58705], "rotation": [-5, 0, 0], "uv": [232, 277]},
						{"origin": [11, 76.25639, 12.05496], "size": [2, 2, 11], "pivot": [13, 76.54196, 15.58705], "rotation": [45, 0, 0], "uv": [232, 277]},
						{"origin": [11, 73.95825, 13.98333], "size": [2, 2, 11], "pivot": [13, 76.54196, 15.58705], "rotation": [-45, 0, 0], "uv": [232, 277]},
						{"origin": [11, 77.93823, 17.17076], "size": [2, 2, 11], "pivot": [13, 76.54196, 15.58705], "rotation": [-45, 0, 0], "uv": [232, 277]},
						{"origin": [11, 81.27543, 19.59215], "size": [2, 2, 11], "pivot": [13, 76.54196, 15.58705], "rotation": [-45, 0, 0], "uv": [232, 277]},
						{"origin": [11, 75.15028, 22.32758], "size": [2, 2, 11], "pivot": [13, 76.54196, 15.58705], "rotation": [-2.5, 0, 0], "uv": [232, 277]},
						{"origin": [11, 73.06895, 16.03495], "size": [2, 2, 11], "pivot": [13, 76.54196, 15.58705], "rotation": [45, 0, 0], "uv": [232, 277]},
						{"origin": [11, 69.36199, 17.84005], "size": [2, 2, 11], "pivot": [13, 76.54196, 15.58705], "rotation": [45, 0, 0], "uv": [232, 277]}
					]
				},
				{
					"name": "bone39",
					"parent": "bone",
					"pivot": [-11, 75.51913, 16.10999],
					"rotation": [0, -15, 0],
					"cubes": [
						{"origin": [-14, 73.54196, 13.58705], "size": [4, 6, 15], "pivot": [-11, 76.54196, 15.58705], "rotation": [-5, 0, 0], "uv": [232, 277]},
						{"origin": [-13, 76.25639, 12.05496], "size": [2, 2, 11], "pivot": [-11, 76.54196, 15.58705], "rotation": [45, 0, 0], "uv": [232, 277]},
						{"origin": [-13, 73.95825, 13.98333], "size": [2, 2, 11], "pivot": [-11, 76.54196, 15.58705], "rotation": [-45, 0, 0], "uv": [232, 277]},
						{"origin": [-13, 77.93823, 17.17076], "size": [2, 2, 11], "pivot": [-11, 76.54196, 15.58705], "rotation": [-45, 0, 0], "uv": [232, 277]},
						{"origin": [-13, 81.27543, 19.59215], "size": [2, 2, 11], "pivot": [-11, 76.54196, 15.58705], "rotation": [-45, 0, 0], "uv": [232, 277]},
						{"origin": [-13, 75.15028, 22.32758], "size": [2, 2, 11], "pivot": [-11, 76.54196, 15.58705], "rotation": [-2.5, 0, 0], "uv": [232, 277]},
						{"origin": [-13, 73.06895, 16.03495], "size": [2, 2, 11], "pivot": [-11, 76.54196, 15.58705], "rotation": [45, 0, 0], "uv": [232, 277]},
						{"origin": [-13, 69.36199, 17.84005], "size": [2, 2, 11], "pivot": [-11, 76.54196, 15.58705], "rotation": [45, 0, 0], "uv": [232, 277]}
					]
				},
				{
					"name": "bone10",
					"parent": "bone",
					"pivot": [17, 65.03044, 2.30275],
					"rotation": [-4.61854, 0.07708, -0.58866],
					"cubes": [
						{"origin": [11, 41.03044, -7.69725], "size": [20, 33, 25], "pivot": [12, 72.03044, 2.30275], "rotation": [-15, 0, 0], "uv": [232, 277]},
						{"origin": [13, 45.03044, -8.69725], "size": [16, 28, 21], "pivot": [12, 72.03044, 2.30275], "rotation": [-15, 0, 0], "uv": [232, 277]}
					]
				},
				{
					"name": "bone11",
					"parent": "bone10",
					"pivot": [20, 47.03044, -3.69725],
					"rotation": [12.5, 0, 0],
					"cubes": [
						{"origin": [13, 5.19637, -14.21233], "size": [16, 42, 20], "uv": [232, 277]},
						{"origin": [12, 24.19637, -13.21233], "size": [18, 23, 17], "uv": [232, 277]},
						{"origin": [14, 24.19637, -15.21233], "size": [14, 23, 17], "uv": [232, 277]},
						{"origin": [14, 25.19637, -11.21233], "size": [14, 22, 18], "uv": [232, 277]}
					]
				},
				{
					"name": "bone12",
					"parent": "bone11",
					"pivot": [20, 5.31489, -3.29452],
					"cubes": [
						{"origin": [12, -2.68511, -14.29452], "size": [18, 12, 17], "pivot": [20, 5.31489, -3.29452], "rotation": [-12.5, 0, 0], "uv": [232, 277]},
						{"origin": [12, 1.99436, -23.89155], "size": [4, 5, 10], "uv": [232, 277]},
						{"origin": [19, 1.99436, -23.89155], "size": [4, 5, 10], "uv": [232, 277]},
						{"origin": [26, 1.99436, -23.89155], "size": [4, 5, 10], "uv": [232, 277]},
						{"origin": [14, 2.99436, -22.89155], "size": [15, 3, 9], "uv": [232, 277]},
						{"origin": [12, 1.02755, -32.2781], "size": [4, 6, 10], "pivot": [14, 4.11288, -20.97375], "rotation": [-15, 0, 0], "uv": [232, 277]},
						{"origin": [13, 4.02755, -36.2781], "size": [2, 2, 14], "pivot": [14, 4.11288, -20.97375], "rotation": [-15, 0, 0], "uv": [232, 277]},
						{"origin": [11.92036, 0.17627, -27.98212], "size": [4, 6, 10], "pivot": [13, 3.24712, -17.06856], "rotation": [-12.5, 35, -7.5], "uv": [232, 277]},
						{"origin": [12.92036, 3.17627, -30.98212], "size": [2, 2, 13], "pivot": [13, 3.24712, -17.06856], "rotation": [-12.5, 35, -7.5], "uv": [232, 277]},
						{"origin": [19, 1.02755, -32.2781], "size": [4, 6, 10], "pivot": [20, 4.11288, -20.97375], "rotation": [-15, -7.5, 0], "uv": [232, 277]},
						{"origin": [20, 4.02755, -36.2781], "size": [2, 2, 14], "pivot": [20, 4.11288, -20.97375], "rotation": [-15, -7.5, 0], "uv": [232, 277]},
						{"origin": [26, 1.02755, -30.2781], "size": [4, 6, 8], "pivot": [28, 4.11288, -20.97375], "rotation": [-15, -12.5, 0], "uv": [232, 277]},
						{"origin": [27, 4.02755, -33.2781], "size": [2, 2, 11], "pivot": [28, 4.11288, -20.97375], "rotation": [-15, -12.5, 0], "uv": [232, 277]}
					]
				},
				{
					"name": "bone13",
					"parent": "bone",
					"pivot": [-18, 65.03044, 1.30275],
					"rotation": [-4.88565, 2.44486, 1.20626],
					"cubes": [
						{"origin": [-30, 41.03044, -8.69725], "size": [20, 33, 25], "pivot": [-29, 72.03044, 1.30275], "rotation": [-15, 0, 0], "uv": [232, 277]},
						{"origin": [-28, 45.03044, -9.69725], "size": [16, 28, 21], "pivot": [-29, 72.03044, 1.30275], "rotation": [-15, 0, 0], "uv": [232, 277]}
					]
				},
				{
					"name": "bone14",
					"parent": "bone13",
					"pivot": [-21, 47.03044, -4.69725],
					"rotation": [12.5, 0, 0],
					"cubes": [
						{"origin": [-28, 6.19637, -15.21233], "size": [16, 41, 20], "uv": [232, 277]},
						{"origin": [-29, 24.19637, -14.21233], "size": [18, 23, 17], "uv": [232, 277]},
						{"origin": [-27, 24.19637, -16.21233], "size": [14, 23, 17], "uv": [232, 277]},
						{"origin": [-27, 25.19637, -12.21233], "size": [14, 22, 18], "uv": [232, 277]}
					]
				},
				{
					"name": "bone15",
					"parent": "bone14",
					"pivot": [-20.94312, 5.31602, -4.29811],
					"cubes": [
						{"origin": [-28.94312, -2.68398, -15.29811], "size": [18, 12, 17], "pivot": [-20.94312, 5.31602, -4.29811], "rotation": [-12.5, 0, 0], "uv": [232, 277]},
						{"origin": [-28.94312, 1.99549, -24.89514], "size": [4, 5, 10], "uv": [232, 277]},
						{"origin": [-21.94312, 1.99549, -24.89514], "size": [4, 5, 10], "uv": [232, 277]},
						{"origin": [-14.94312, 1.99549, -24.89514], "size": [4, 5, 10], "uv": [232, 277]},
						{"origin": [-26.94312, 2.99549, -23.89514], "size": [15, 3, 9], "uv": [232, 277]},
						{"origin": [-28.94312, 1.02868, -31.28169], "size": [4, 6, 8], "pivot": [-26.94312, 4.11401, -21.97734], "rotation": [-15, 12.5, 0], "uv": [232, 277]},
						{"origin": [-27.94312, 4.02868, -35.28169], "size": [2, 2, 12], "pivot": [-26.94312, 4.11401, -21.97734], "rotation": [-15, 12.5, 0], "uv": [232, 277]},
						{"origin": [-14.37759, 0.17182, -27.32605], "size": [4, 6, 10], "pivot": [-10.94312, 3.24825, -18.07215], "rotation": [-15, -35, 7.5], "uv": [232, 277]},
						{"origin": [-13.37759, 3.17182, -30.32605], "size": [2, 2, 13], "pivot": [-10.94312, 3.24825, -18.07215], "rotation": [-15, -35, 7.5], "uv": [232, 277]},
						{"origin": [-21.94312, 1.02868, -33.28169], "size": [4, 6, 10], "pivot": [-20.94312, 4.11401, -21.97734], "rotation": [-15, 7.5, 0], "uv": [232, 277]},
						{"origin": [-20.94312, 4.02868, -37.28169], "size": [2, 2, 14], "pivot": [-20.94312, 4.11401, -21.97734], "rotation": [-15, 7.5, 0], "uv": [232, 277]},
						{"origin": [-14.94312, 1.02868, -33.28169], "size": [4, 6, 10], "pivot": [-12.94312, 4.11401, -21.97734], "rotation": [-15, 0, 0], "uv": [232, 277]},
						{"origin": [-13.94312, 4.02868, -37.28169], "size": [2, 2, 14], "pivot": [-12.94312, 4.11401, -21.97734], "rotation": [-15, 0, 0], "uv": [232, 277]}
					]
				},
				{
					"name": "bone2",
					"parent": "bone",
					"pivot": [0, 89, 4],
					"cubes": [
						{"origin": [-12, 86, -11], "size": [24, 24, 31], "uv": [232, 277]},
						{"origin": [-11, 91, -13], "size": [22, 14, 8], "pivot": [0, 94, -1], "rotation": [12.5, 0, 0], "uv": [232, 277]},
						{"origin": [-11, 100.10459, -14.57699], "size": [22, 10, 3], "pivot": [0, 103.10459, -2.57699], "rotation": [-5, 0, 0], "uv": [232, 277]},
						{"origin": [-6, 98.10459, -13.57699], "size": [12, 14, 2], "pivot": [0, 101.10459, -2.57699], "rotation": [-5, 0, 0], "uv": [232, 277]},
						{"origin": [-4, 98.10459, -12.57699], "size": [8, 16, 1], "pivot": [0, 101.10459, -2.57699], "rotation": [-5, 0, 0], "uv": [232, 277]}
					]
				},
				{
					"name": "bone30",
					"parent": "bone2",
					"pivot": [-1, 87.6704, 23.549],
					"cubes": [
						{"origin": [-3, 88.6704, 20.549], "size": [4, 6, 16], "uv": [232, 277]},
						{"origin": [-2, 88.06591, 18.18256], "size": [2, 2, 13], "pivot": [-1, 87.6704, 23.549], "rotation": [-37.5, 0, 0], "uv": [232, 277]},
						{"origin": [-2, 91.5958, 21.86222], "size": [2, 2, 13], "pivot": [-1, 87.6704, 23.549], "rotation": [-37.5, 0, 0], "uv": [232, 277]},
						{"origin": [-2, 94.58839, 29.69848], "size": [2, 2, 8], "pivot": [-1, 87.6704, 23.549], "rotation": [-37.5, 0, 0], "uv": [232, 277]},
						{"origin": [-2, 91.01557, 34.41215], "size": [2, 2, 8], "pivot": [-1, 90.60931, 35.85196], "rotation": [7.5, 0, 0], "uv": [232, 277]},
						{"origin": [-2, 91.6704, 23.549], "size": [2, 2, 13], "pivot": [-1, 87.6704, 23.549], "rotation": [45, 0, 0], "uv": [232, 277]},
						{"origin": [-2, 87.96344, 25.35411], "size": [2, 2, 13], "pivot": [-1, 87.6704, 23.549], "rotation": [45, 0, 0], "uv": [232, 277]},
						{"origin": [-2, 84.13322, 28.56804], "size": [2, 2, 12], "pivot": [-1, 87.6704, 23.549], "rotation": [45, 0, 0], "uv": [232, 277]}
					]
				},
				{
					"name": "bone31",
					"parent": "bone2",
					"pivot": [7, 89.27669, 16.66279],
					"rotation": [0, 10, 0],
					"cubes": [
						{"origin": [5, 90.27669, 16.66279], "size": [4, 6, 13], "uv": [232, 277]},
						{"origin": [6, 89.6722, 11.29635], "size": [2, 2, 13], "pivot": [7, 89.27669, 16.66279], "rotation": [-37.5, 0, 0], "uv": [232, 277]},
						{"origin": [6, 93.20209, 14.97601], "size": [2, 2, 13], "pivot": [7, 89.27669, 16.66279], "rotation": [-37.5, 0, 0], "uv": [232, 277]},
						{"origin": [6, 96.19468, 22.81228], "size": [2, 2, 8], "pivot": [7, 89.27669, 16.66279], "rotation": [-37.5, 0, 0], "uv": [232, 277]},
						{"origin": [6, 92.62186, 27.52594], "size": [2, 2, 8], "pivot": [7, 92.2156, 28.96575], "rotation": [7.5, 0, 0], "uv": [232, 277]},
						{"origin": [6, 93.27669, 16.66279], "size": [2, 2, 13], "pivot": [7, 89.27669, 16.66279], "rotation": [45, 0, 0], "uv": [232, 277]},
						{"origin": [6, 89.56972, 18.4679], "size": [2, 2, 13], "pivot": [7, 89.27669, 16.66279], "rotation": [45, 0, 0], "uv": [232, 277]},
						{"origin": [6, 85.7395, 21.68184], "size": [2, 2, 12], "pivot": [7, 89.27669, 16.66279], "rotation": [45, 0, 0], "uv": [232, 277]}
					]
				},
				{
					"name": "bone33",
					"parent": "bone2",
					"pivot": [3, 101.57965, 13.72388],
					"cubes": [
						{"origin": [1, 102.57965, 13.72388], "size": [4, 6, 13], "uv": [232, 277]},
						{"origin": [2, 101.97516, 8.35744], "size": [2, 2, 13], "pivot": [3, 101.57965, 13.72388], "rotation": [-37.5, 0, 0], "uv": [232, 277]},
						{"origin": [2, 105.50505, 12.0371], "size": [2, 2, 13], "pivot": [3, 101.57965, 13.72388], "rotation": [-37.5, 0, 0], "uv": [232, 277]},
						{"origin": [2, 108.49764, 19.87337], "size": [2, 2, 8], "pivot": [3, 101.57965, 13.72388], "rotation": [-37.5, 0, 0], "uv": [232, 277]},
						{"origin": [2, 104.92482, 24.58703], "size": [2, 2, 8], "pivot": [3, 104.51856, 26.02684], "rotation": [7.5, 0, 0], "uv": [232, 277]},
						{"origin": [2, 101.87268, 15.52899], "size": [2, 2, 13], "pivot": [3, 101.57965, 13.72388], "rotation": [45, 0, 0], "uv": [232, 277]},
						{"origin": [2, 98.04246, 18.74293], "size": [2, 2, 12], "pivot": [3, 101.57965, 13.72388], "rotation": [45, 0, 0], "uv": [232, 277]}
					]
				},
				{
					"name": "bone34",
					"parent": "bone2",
					"pivot": [-4, 101.57965, 13.72388],
					"cubes": [
						{"origin": [-6, 102.57965, 13.72388], "size": [4, 6, 13], "uv": [232, 277]},
						{"origin": [-5, 101.97516, 8.35744], "size": [2, 2, 13], "pivot": [-4, 101.57965, 13.72388], "rotation": [-37.5, 0, 0], "uv": [232, 277]},
						{"origin": [-5, 105.50505, 12.0371], "size": [2, 2, 13], "pivot": [-4, 101.57965, 13.72388], "rotation": [-37.5, 0, 0], "uv": [232, 277]},
						{"origin": [-5, 108.49764, 19.87337], "size": [2, 2, 8], "pivot": [-4, 101.57965, 13.72388], "rotation": [-37.5, 0, 0], "uv": [232, 277]},
						{"origin": [-5, 104.92482, 24.58703], "size": [2, 2, 8], "pivot": [-4, 104.51856, 26.02684], "rotation": [7.5, 0, 0], "uv": [232, 277]},
						{"origin": [-5, 101.87268, 15.52899], "size": [2, 2, 13], "pivot": [-4, 101.57965, 13.72388], "rotation": [45, 0, 0], "uv": [232, 277]},
						{"origin": [-5, 98.04246, 18.74293], "size": [2, 2, 12], "pivot": [-4, 101.57965, 13.72388], "rotation": [45, 0, 0], "uv": [232, 277]}
					]
				},
				{
					"name": "bone32",
					"parent": "bone2",
					"pivot": [-7, 89.27669, 16.66279],
					"rotation": [0, -15, 0],
					"cubes": [
						{"origin": [-10, 90.27669, 16.66279], "size": [4, 6, 13], "uv": [232, 277]},
						{"origin": [-9, 89.6722, 11.29635], "size": [2, 2, 13], "pivot": [-7, 89.27669, 16.66279], "rotation": [-37.5, 0, 0], "uv": [232, 277]},
						{"origin": [-9, 93.20209, 14.97601], "size": [2, 2, 13], "pivot": [-7, 89.27669, 16.66279], "rotation": [-37.5, 0, 0], "uv": [232, 277]},
						{"origin": [-9, 96.19468, 22.81228], "size": [2, 2, 8], "pivot": [-7, 89.27669, 16.66279], "rotation": [-37.5, 0, 0], "uv": [232, 277]},
						{"origin": [-9, 92.62186, 27.52594], "size": [2, 2, 8], "pivot": [-7, 92.2156, 28.96575], "rotation": [7.5, 0, 0], "uv": [232, 277]},
						{"origin": [-9, 93.27669, 16.66279], "size": [2, 2, 13], "pivot": [-7, 89.27669, 16.66279], "rotation": [45, 0, 0], "uv": [232, 277]},
						{"origin": [-9, 89.56972, 18.4679], "size": [2, 2, 13], "pivot": [-7, 89.27669, 16.66279], "rotation": [45, 0, 0], "uv": [232, 277]},
						{"origin": [-9, 85.7395, 21.68184], "size": [2, 2, 12], "pivot": [-7, 89.27669, 16.66279], "rotation": [45, 0, 0], "uv": [232, 277]}
					]
				},
				{
					"name": "bone24",
					"parent": "bone2",
					"pivot": [9, 107.00761, -0.17431],
					"rotation": [-23.97594, -7.30111, -15.9477],
					"cubes": [
						{"origin": [9, 98.99239, -3.82569], "size": [8, 10, 9], "uv": [232, 277]},
						{"origin": [10, 89.99239, -2.82569], "size": [6, 9, 7], "uv": [232, 277]}
					]
				},
				{
					"name": "bone25",
					"parent": "bone24",
					"pivot": [12, 89.00761, -0.17431],
					"rotation": [25, 0, 0],
					"cubes": [
						{"origin": [11, 90.00761, -14.17431], "size": [4, 3, 15], "pivot": [12, 89.00761, -0.17431], "rotation": [7.5, 0, 0], "uv": [232, 277]}
					]
				},
				{
					"name": "bone26",
					"parent": "bone25",
					"pivot": [13.66528, 87.84641, -9.18953],
					"rotation": [0, 0, -62.5],
					"cubes": [
						{"origin": [11.66528, 87.83122, -16.36318], "size": [6, 2, 3], "pivot": [13.66528, 87.84641, -9.18953], "rotation": [-15, 0, 0], "uv": [232, 277]},
						{"origin": [16.66528, 90.50947, -21.41923], "size": [1, 1, 5], "pivot": [16.66528, 89.53986, -17.07193], "rotation": [-62.5, 0, 17.5], "uv": [232, 277]},
						{"origin": [14.66528, 90.50947, -21.41923], "size": [1, 1, 5], "pivot": [15.66528, 89.53986, -17.07193], "rotation": [-65, 0, 0], "uv": [232, 277]},
						{"origin": [12.66528, 90.50947, -21.41923], "size": [1, 1, 5], "pivot": [13.66528, 89.53986, -17.07193], "rotation": [-62.5, 0, -15], "uv": [232, 277]},
						{"origin": [16.66528, 90.248, -18.43065], "size": [1, 1, 5], "pivot": [16.66528, 89.27839, -14.08335], "rotation": [-82.5, 0, 17.5], "uv": [232, 277]}
					]
				},
				{
					"name": "bone27",
					"parent": "bone2",
					"pivot": [-8, 107.00761, -0.17431],
					"rotation": [0, 0, 17.5],
					"cubes": [
						{"origin": [-17, 98.99239, -3.82569], "size": [8, 10, 9], "uv": [232, 277]},
						{"origin": [-16, 89.99239, -2.82569], "size": [6, 9, 7], "uv": [232, 277]}
					]
				},
				{
					"name": "bone28",
					"parent": "bone27",
					"pivot": [-14, 89.00761, -0.17431],
					"cubes": [
						{"origin": [-15, 90.00761, -14.17431], "size": [4, 3, 15], "pivot": [-14, 89.00761, -0.17431], "rotation": [7.5, 0, 0], "uv": [232, 277]}
					]
				},
				{
					"name": "bone29",
					"parent": "bone28",
					"pivot": [-14.84888, 88.37442, -9.18953],
					"rotation": [0, 0, 30],
					"cubes": [
						{"origin": [-16.84888, 88.35922, -16.36318], "size": [6, 2, 3], "pivot": [-14.84888, 88.37442, -9.18953], "rotation": [-15, 0, 0], "uv": [232, 277]},
						{"origin": [-12.84888, 91.03747, -21.41923], "size": [1, 1, 5], "pivot": [-11.84888, 90.06786, -17.07193], "rotation": [-62.5, 0, 15], "uv": [232, 277]},
						{"origin": [-14.84888, 91.03747, -21.41923], "size": [1, 1, 5], "pivot": [-13.84888, 90.06786, -17.07193], "rotation": [-65, 0, 2.5], "uv": [232, 277]},
						{"origin": [-16.84888, 91.03747, -21.41923], "size": [1, 1, 5], "pivot": [-15.84888, 90.06786, -17.07193], "rotation": [-62.5, 0, -17.5], "uv": [232, 277]},
						{"origin": [-16.84888, 90.77601, -18.43065], "size": [1, 1, 5], "pivot": [-15.84888, 89.80639, -14.08335], "rotation": [-82.5, 0, -17.5], "uv": [232, 277]}
					]
				},
				{
					"name": "bone3",
					"parent": "bone2",
					"pivot": [0, 107, 4],
					"cubes": [
						{"origin": [-11, 108, -9], "size": [22, 5, 26], "uv": [232, 277]}
					]
				},
				{
					"name": "bone4",
					"parent": "bone3",
					"pivot": [0, 118, 5],
					"cubes": [
						{"origin": [-7, 110.42213, 11.24553], "size": [14, 22, 6], "pivot": [0, 106.42213, 11.24553], "rotation": [17.5, 0, 0], "uv": [232, 277]},
						{"origin": [-7, 111, -5], "size": [14, 23, 15], "uv": [232, 277]},
						{"origin": [-6, 110.08831, -9.57931], "size": [12, 22, 15], "pivot": [0, 106.08831, 0.42069], "rotation": [-10, 0, 0], "uv": [232, 277]}
					]
				},
				{
					"name": "bone50",
					"parent": "bone4",
					"pivot": [0, 115.43735, 13.89691],
					"cubes": [
						{"origin": [-2, 111.6375, 12.43897], "size": [3, 4, 8], "pivot": [0, 115.52451, 12.90071], "rotation": [22.5, 0, 0], "uv": [232, 277]},
						{"origin": [-1, 116.40479, 14.55373], "size": [1, 1, 6], "pivot": [0, 115.52451, 12.90071], "rotation": [-37.5, 0, 0], "uv": [232, 277]},
						{"origin": [-1, 119.70347, 17.0093], "size": [1, 1, 5], "pivot": [0, 115.52451, 12.90071], "rotation": [-37.5, 0, 0], "uv": [232, 277]},
						{"origin": [-1, 111.89511, 11.80001], "size": [1, 1, 7], "pivot": [0, 115.52451, 12.90071], "rotation": [70, 0, 0], "uv": [232, 277]},
						{"origin": [-1, 109.25615, 14.54239], "size": [1, 1, 6], "pivot": [0, 115.52451, 12.90071], "rotation": [70, 0, 0], "uv": [232, 277]}
					]
				},
				{
					"name": "bone51",
					"parent": "bone4",
					"pivot": [0, 122.8465, 9.52602],
					"cubes": [
						{"origin": [-2, 119.04664, 8.06808], "size": [3, 4, 8], "pivot": [0, 122.93365, 8.52983], "rotation": [22.5, 0, 0], "uv": [232, 277]},
						{"origin": [-1, 122.20204, 4.65266], "size": [1, 1, 9], "pivot": [0, 122.93365, 8.52983], "rotation": [70, 0, 0], "uv": [232, 277]},
						{"origin": [-1, 121.05255, 6.57065], "size": [1, 1, 9], "pivot": [0, 122.93365, 8.52983], "rotation": [-37.5, 0, 0], "uv": [232, 277]},
						{"origin": [-1, 123.81394, 10.18284], "size": [1, 1, 6], "pivot": [0, 122.93365, 8.52983], "rotation": [-35, 0, 0], "uv": [232, 277]},
						{"origin": [-1, 123.95602, 12.44894], "size": [1, 1, 5], "pivot": [0, 122.93365, 8.52983], "rotation": [-20, 0, 0], "uv": [232, 277]},
						{"origin": [-1, 119.30426, 7.42912], "size": [1, 1, 7], "pivot": [0, 122.93365, 8.52983], "rotation": [70, 0, 0], "uv": [232, 277]},
						{"origin": [-1, 117.37241, 8.94676], "size": [1, 1, 6], "pivot": [0, 122.93365, 8.52983], "rotation": [70, 0, 0], "uv": [232, 277]},
						{"origin": [-1, 120.20867, 11.93935], "size": [1, 1, 6], "pivot": [0, 122.93365, 8.52983], "rotation": [27.5, 0, 0], "uv": [232, 277]}
					]
				},
				{
					"name": "bone52",
					"parent": "bone4",
					"pivot": [0, 130.16848, 6.15133],
					"cubes": [
						{"origin": [-2, 126.36862, 4.69339], "size": [3, 4, 8], "pivot": [0, 130.25563, 5.15514], "rotation": [22.5, 0, 0], "uv": [232, 277]},
						{"origin": [-1, 129.52402, 1.27797], "size": [1, 1, 9], "pivot": [0, 130.25563, 5.15514], "rotation": [70, 0, 0], "uv": [232, 277]},
						{"origin": [-1, 128.37453, 3.19596], "size": [1, 1, 9], "pivot": [0, 130.25563, 5.15514], "rotation": [-37.5, 0, 0], "uv": [232, 277]},
						{"origin": [-1, 131.13592, 6.80815], "size": [1, 1, 6], "pivot": [0, 130.25563, 5.15514], "rotation": [-35, 0, 0], "uv": [232, 277]},
						{"origin": [-1, 131.278, 9.07425], "size": [1, 1, 5], "pivot": [0, 130.25563, 5.15514], "rotation": [-20, 0, 0], "uv": [232, 277]},
						{"origin": [-1, 126.62624, 4.05443], "size": [1, 1, 7], "pivot": [0, 130.25563, 5.15514], "rotation": [70, 0, 0], "uv": [232, 277]},
						{"origin": [-1, 124.69439, 5.57207], "size": [1, 1, 6], "pivot": [0, 130.25563, 5.15514], "rotation": [70, 0, 0], "uv": [232, 277]},
						{"origin": [-1, 127.53065, 8.56466], "size": [1, 1, 6], "pivot": [0, 130.25563, 5.15514], "rotation": [27.5, 0, 0], "uv": [232, 277]}
					]
				},
				{
					"name": "bone5",
					"parent": "bone4",
					"pivot": [0, 130.99619, 2.08716],
					"cubes": [
						{"origin": [-6, 128.76395, -2.12192], "size": [12, 7, 13], "pivot": [0, 127.76395, 2.87808], "rotation": [27.5, 0, 0], "uv": [232, 277]}
					]
				},
				{
					"name": "bone6",
					"parent": "bone5",
					"pivot": [0, 134.76395, 2.87808],
					"rotation": [-10, 0, 0],
					"cubes": [
						{"origin": [-5, 129.26438, -8.47603], "size": [10, 10, 11], "pivot": [0, 134.12116, 3.11203], "rotation": [-50, 0, 0], "uv": [232, 277]},
						{"origin": [-5, 138.30413, -11.3967], "size": [10, 8, 11], "uv": [232, 277]},
						{"origin": [-5, 142.30413, -15.3967], "size": [10, 2, 4], "uv": [232, 277]},
						{"origin": [-5, 137.30413, -23.3967], "size": [10, 5, 12], "uv": [232, 277]},
						{"origin": [-5, 135.29557, -23.26717], "size": [1, 2, 0], "uv": [232, 277]},
						{"origin": [-2, 135.29557, -23.26717], "size": [1, 2, 0], "uv": [232, 277]},
						{"origin": [0, 135.29557, -23.26717], "size": [1, 2, 0], "uv": [232, 277]},
						{"origin": [2, 135.29557, -23.26717], "size": [1, 2, 0], "uv": [232, 277]},
						{"origin": [4, 135.29557, -23.26717], "size": [1, 2, 0], "uv": [232, 277]},
						{"origin": [-5, 135.4261, -22.25761], "size": [0, 2, 1], "uv": [232, 277]},
						{"origin": [5, 135.4261, -22.25761], "size": [0, 2, 1], "uv": [232, 277]},
						{"origin": [-5, 136.02597, -19.15275], "size": [0, 2, 1], "uv": [232, 277]},
						{"origin": [5, 136.02597, -19.15275], "size": [0, 2, 1], "uv": [232, 277]},
						{"origin": [-5, 135.76491, -17.16986], "size": [0, 2, 1], "uv": [232, 277]},
						{"origin": [5, 135.76491, -17.16986], "size": [0, 2, 1], "uv": [232, 277]},
						{"origin": [-5, 135.50386, -15.18697], "size": [0, 2, 1], "uv": [232, 277]},
						{"origin": [5, 135.50386, -15.18697], "size": [0, 2, 1], "uv": [232, 277]},
						{"origin": [-5, 135.11228, -12.21264], "size": [0, 3, 1], "uv": [232, 277]},
						{"origin": [5, 136.10373, -12.08211], "size": [0, 3, 1], "uv": [232, 277]},
						{"origin": [-3, 139.30413, -22.3967], "size": [6, 4, 6], "uv": [232, 277]},
						{"origin": [-5, 144.45851, -17.1632], "size": [10, 2, 6], "pivot": [0, 145.3153, -10.57514], "rotation": [12.5, 0, 0], "uv": [232, 277]},
						{"origin": [-5, 144.73676, -19.69933], "size": [10, 2, 3], "pivot": [0, 145.59355, -16.11127], "rotation": [90, 0, 0], "uv": [232, 277]},
						{"origin": [-5, 132.87625, -7.05714], "size": [10, 7, 7], "uv": [232, 277]}
					]
				},
				{
					"name": "bone7",
					"parent": "bone6",
					"pivot": [0, 133.7554, -5.99139],
					"rotation": [15, 0, 0],
					"cubes": [
						{"origin": [-5, 131.7554, -9.99139], "size": [10, 5, 7], "uv": [232, 277]},
						{"origin": [4, 135.07505, -10.94677], "size": [1, 6, 7], "pivot": [0, 133.7554, -5.99139], "rotation": [-20, 0, 0], "uv": [232, 277]},
						{"origin": [-5, 135.04353, -10.9166], "size": [1, 6, 7], "pivot": [0, 133.7554, -5.99139], "rotation": [-20, 0, 0], "uv": [232, 277]},
						{"origin": [-4, 132.7554, -21.99139], "size": [8, 1, 13], "uv": [232, 277]}
					]
				},
				{
					"name": "bone9",
					"parent": "bone7",
					"pivot": [5, 133.7554, -9.99139],
					"cubes": [
						{"origin": [3, 132.7554, -22.99139], "size": [2, 3, 13], "uv": [232, 277]},
						{"origin": [5, 136.75254, -23.03501], "size": [0, 2, 1], "pivot": [5, 133.7554, -9.99139], "rotation": [5, 0, 0], "uv": [232, 277]},
						{"origin": [4, 136.75254, -23.03501], "size": [1, 2, 0], "pivot": [5, 133.7554, -9.99139], "rotation": [5, 0, 0], "uv": [232, 277]},
						{"origin": [1, 136.75254, -23.03501], "size": [1, 2, 0], "pivot": [5, 133.7554, -9.99139], "rotation": [5, 0, 0], "uv": [232, 277]},
						{"origin": [5, 135.66531, -19.03692], "size": [0, 2, 1], "pivot": [5, 133.7554, -9.99139], "rotation": [2.5, 0, 0], "uv": [232, 277]},
						{"origin": [5, 135.66531, -17.03692], "size": [0, 2, 1], "pivot": [5, 133.7554, -9.99139], "rotation": [2.5, 0, 0], "uv": [232, 277]},
						{"origin": [5, 135.66531, -14.03692], "size": [0, 3, 1], "pivot": [5, 133.7554, -9.99139], "rotation": [2.5, 0, 0], "uv": [232, 277]},
						{"origin": [5, 135.66531, -21.03692], "size": [0, 3, 1], "pivot": [5, 133.7554, -9.99139], "rotation": [2.5, 0, 0], "uv": [232, 277]},
						{"origin": [0, 132.7554, -20.99139], "size": [5, 1, 11], "uv": [232, 277]},
						{"origin": [0, 132.7554, -22.99139], "size": [3, 3, 2], "uv": [232, 277]}
					]
				},
				{
					"name": "bone8",
					"parent": "bone7",
					"pivot": [-5, 133.7554, -9.99139],
					"cubes": [
						{"origin": [-5, 132.7554, -22.99139], "size": [2, 3, 13], "uv": [232, 277]},
						{"origin": [-5, 135.7535, -23.07863], "size": [0, 2, 1], "uv": [232, 277]},
						{"origin": [-5, 135.7535, -23.07863], "size": [1, 2, 0], "uv": [232, 277]},
						{"origin": [-3, 135.7535, -23.07863], "size": [1, 2, 0], "uv": [232, 277]},
						{"origin": [-1, 135.7535, -23.07863], "size": [1, 2, 0], "uv": [232, 277]},
						{"origin": [-5, 135.78379, -20.69026], "size": [0, 2, 1], "pivot": [-5, 133.7554, -9.99139], "rotation": [2.5, 0, 0], "uv": [232, 277]},
						{"origin": [-5, 135.78379, -18.69026], "size": [0, 3, 1], "pivot": [-5, 133.7554, -9.99139], "rotation": [2.5, 0, 0], "uv": [232, 277]},
						{"origin": [-5, 135.78379, -14.69026], "size": [0, 2, 1], "pivot": [-5, 133.7554, -9.99139], "rotation": [2.5, 0, 0], "uv": [232, 277]},
						{"origin": [-5, 135.52274, -12.70737], "size": [0, 2, 1], "pivot": [-5, 133.7554, -9.99139], "rotation": [2.5, 0, 0], "uv": [232, 277]},
						{"origin": [-5, 134.78379, -16.69026], "size": [0, 2, 1], "pivot": [-5, 133.7554, -9.99139], "rotation": [2.5, 0, 0], "uv": [232, 277]},
						{"origin": [-5, 132.7554, -20.99139], "size": [5, 1, 11], "uv": [232, 277]},
						{"origin": [-3, 132.7554, -22.99139], "size": [3, 3, 2], "uv": [232, 277]}
					]
				},
				{
					"name": "bone16",
					"parent": "bone",
					"pivot": [0, 47.31987, 10.4857],
					"rotation": [-12.5, 0, 0],
					"cubes": [
						{"origin": [-14, 19.91795, -7.0143], "size": [28, 35, 34], "pivot": [0, 47.31987, 10.4857], "rotation": [55, 0, 0], "uv": [232, 277]}
					]
				},
				{
					"name": "bone46",
					"parent": "bone16",
					"pivot": [11, 55.14444, 26.44589],
					"cubes": [
						{"origin": [8, 51.39947, 27.45257], "size": [3, 5, 10], "pivot": [11, 52.27815, 29.57389], "rotation": [47.5, 0, 0], "uv": [232, 277]},
						{"origin": [9, 54.39947, 27.45257], "size": [1, 1, 10], "pivot": [11, 52.27815, 29.57389], "rotation": [90, 0, 0], "uv": [232, 277]},
						{"origin": [9, 52.44405, 28.49524], "size": [1, 1, 10], "pivot": [11, 52.27815, 29.57389], "rotation": [90, 0, 0], "uv": [232, 277]},
						{"origin": [9, 50.53319, 30.58057], "size": [1, 1, 9], "pivot": [11, 52.27815, 29.57389], "rotation": [90, 0, 0], "uv": [232, 277]},
						{"origin": [9, 52.53319, 27.58057], "size": [1, 1, 9], "pivot": [11, 52.27815, 29.57389], "rotation": [2.5, 0, 0], "uv": [232, 277]},
						{"origin": [9, 54.53319, 28.58057], "size": [1, 1, 9], "pivot": [11, 52.27815, 29.57389], "rotation": [2.5, 0, 0], "uv": [232, 277]},
						{"origin": [9, 56.53319, 29.58057], "size": [1, 1, 9], "pivot": [11, 52.27815, 29.57389], "rotation": [2.5, 0, 0], "uv": [232, 277]},
						{"origin": [9, 51.37259, 32.80055], "size": [1, 1, 9], "pivot": [11, 52.27815, 29.57389], "rotation": [70, 0, 0], "uv": [232, 277]},
						{"origin": [9, 56.97868, 31.19687], "size": [1, 1, 9], "pivot": [11, 52.27815, 29.57389], "rotation": [17.5, 0, 0], "uv": [232, 277]}
					]
				},
				{
					"name": "bone45",
					"parent": "bone16",
					"pivot": [-9, 55.14444, 26.44589],
					"cubes": [
						{"origin": [-12, 51.39947, 27.45257], "size": [3, 5, 10], "pivot": [-9, 52.27815, 29.57389], "rotation": [47.5, 0, 0], "uv": [232, 277]},
						{"origin": [-11, 54.39947, 27.45257], "size": [1, 1, 10], "pivot": [-9, 52.27815, 29.57389], "rotation": [90, 0, 0], "uv": [232, 277]},
						{"origin": [-11, 52.44405, 28.49524], "size": [1, 1, 10], "pivot": [-9, 52.27815, 29.57389], "rotation": [90, 0, 0], "uv": [232, 277]},
						{"origin": [-11, 50.53319, 30.58057], "size": [1, 1, 9], "pivot": [-9, 52.27815, 29.57389], "rotation": [90, 0, 0], "uv": [232, 277]},
						{"origin": [-11, 52.53319, 27.58057], "size": [1, 1, 9], "pivot": [-9, 52.27815, 29.57389], "rotation": [2.5, 0, 0], "uv": [232, 277]},
						{"origin": [-11, 54.53319, 28.58057], "size": [1, 1, 9], "pivot": [-9, 52.27815, 29.57389], "rotation": [2.5, 0, 0], "uv": [232, 277]},
						{"origin": [-11, 56.53319, 29.58057], "size": [1, 1, 9], "pivot": [-9, 52.27815, 29.57389], "rotation": [2.5, 0, 0], "uv": [232, 277]},
						{"origin": [-11, 51.37259, 32.80055], "size": [1, 1, 9], "pivot": [-9, 52.27815, 29.57389], "rotation": [70, 0, 0], "uv": [232, 277]},
						{"origin": [-11, 56.97868, 31.19687], "size": [1, 1, 9], "pivot": [-9, 52.27815, 29.57389], "rotation": [17.5, 0, 0], "uv": [232, 277]}
					]
				},
				{
					"name": "bone43",
					"parent": "bone16",
					"pivot": [-3, 55.14444, 26.44589],
					"cubes": [
						{"origin": [-6, 51.39947, 27.45257], "size": [3, 5, 10], "pivot": [-3, 52.27815, 29.57389], "rotation": [47.5, 0, 0], "uv": [232, 277]},
						{"origin": [-5, 54.39947, 27.45257], "size": [1, 1, 10], "pivot": [-3, 52.27815, 29.57389], "rotation": [90, 0, 0], "uv": [232, 277]},
						{"origin": [-5, 52.44405, 28.49524], "size": [1, 1, 10], "pivot": [-3, 52.27815, 29.57389], "rotation": [90, 0, 0], "uv": [232, 277]},
						{"origin": [-5, 50.53319, 30.58057], "size": [1, 1, 9], "pivot": [-3, 52.27815, 29.57389], "rotation": [90, 0, 0], "uv": [232, 277]},
						{"origin": [-5, 52.53319, 27.58057], "size": [1, 1, 9], "pivot": [-3, 52.27815, 29.57389], "rotation": [2.5, 0, 0], "uv": [232, 277]},
						{"origin": [-5, 54.53319, 28.58057], "size": [1, 1, 9], "pivot": [-3, 52.27815, 29.57389], "rotation": [2.5, 0, 0], "uv": [232, 277]},
						{"origin": [-5, 56.53319, 29.58057], "size": [1, 1, 9], "pivot": [-3, 52.27815, 29.57389], "rotation": [2.5, 0, 0], "uv": [232, 277]},
						{"origin": [-5, 51.37259, 32.80055], "size": [1, 1, 9], "pivot": [-3, 52.27815, 29.57389], "rotation": [70, 0, 0], "uv": [232, 277]},
						{"origin": [-5, 56.97868, 31.19687], "size": [1, 1, 9], "pivot": [-3, 52.27815, 29.57389], "rotation": [17.5, 0, 0], "uv": [232, 277]}
					]
				},
				{
					"name": "bone44",
					"parent": "bone16",
					"pivot": [3, 55.14444, 26.44589],
					"cubes": [
						{"origin": [0, 51.39947, 27.45257], "size": [3, 5, 10], "pivot": [3, 52.27815, 29.57389], "rotation": [47.5, 0, 0], "uv": [232, 277]},
						{"origin": [1, 54.39947, 27.45257], "size": [1, 1, 10], "pivot": [3, 52.27815, 29.57389], "rotation": [90, 0, 0], "uv": [232, 277]},
						{"origin": [1, 52.44405, 28.49524], "size": [1, 1, 10], "pivot": [3, 52.27815, 29.57389], "rotation": [90, 0, 0], "uv": [232, 277]},
						{"origin": [1, 50.53319, 30.58057], "size": [1, 1, 9], "pivot": [3, 52.27815, 29.57389], "rotation": [90, 0, 0], "uv": [232, 277]},
						{"origin": [1, 52.53319, 27.58057], "size": [1, 1, 9], "pivot": [3, 52.27815, 29.57389], "rotation": [2.5, 0, 0], "uv": [232, 277]},
						{"origin": [1, 54.53319, 28.58057], "size": [1, 1, 9], "pivot": [3, 52.27815, 29.57389], "rotation": [2.5, 0, 0], "uv": [232, 277]},
						{"origin": [1, 56.53319, 29.58057], "size": [1, 1, 9], "pivot": [3, 52.27815, 29.57389], "rotation": [2.5, 0, 0], "uv": [232, 277]},
						{"origin": [1, 51.37259, 32.80055], "size": [1, 1, 9], "pivot": [3, 52.27815, 29.57389], "rotation": [70, 0, 0], "uv": [232, 277]},
						{"origin": [1, 56.97868, 31.19687], "size": [1, 1, 9], "pivot": [3, 52.27815, 29.57389], "rotation": [17.5, 0, 0], "uv": [232, 277]}
					]
				},
				{
					"name": "bone47",
					"parent": "bone16",
					"pivot": [7, 45.50291, 34.87447],
					"rotation": [7.5, 0, 0],
					"cubes": [
						{"origin": [4, 41.75795, 35.88115], "size": [3, 5, 10], "pivot": [7, 42.63663, 38.00247], "rotation": [47.5, 0, 0], "uv": [232, 277]},
						{"origin": [5, 42.80252, 36.92382], "size": [1, 1, 10], "pivot": [7, 42.63663, 38.00247], "rotation": [90, 0, 0], "uv": [232, 277]},
						{"origin": [5, 40.89166, 39.00915], "size": [1, 1, 9], "pivot": [7, 42.63663, 38.00247], "rotation": [90, 0, 0], "uv": [232, 277]},
						{"origin": [5, 44.89166, 37.00915], "size": [1, 1, 9], "pivot": [7, 42.63663, 38.00247], "rotation": [2.5, 0, 0], "uv": [232, 277]},
						{"origin": [5, 46.89166, 38.00915], "size": [1, 1, 9], "pivot": [7, 42.63663, 38.00247], "rotation": [2.5, 0, 0], "uv": [232, 277]},
						{"origin": [5, 41.73107, 41.22913], "size": [1, 1, 9], "pivot": [7, 42.63663, 38.00247], "rotation": [70, 0, 0], "uv": [232, 277]},
						{"origin": [5, 47.33715, 39.62545], "size": [1, 1, 9], "pivot": [7, 42.63663, 38.00247], "rotation": [17.5, 0, 0], "uv": [232, 277]}
					]
				},
				{
					"name": "bone48",
					"parent": "bone16",
					"pivot": [0, 45.50291, 34.87447],
					"rotation": [7.5, 0, 0],
					"cubes": [
						{"origin": [-3, 41.75795, 35.88115], "size": [3, 5, 10], "pivot": [0, 42.63663, 38.00247], "rotation": [47.5, 0, 0], "uv": [232, 277]},
						{"origin": [-2, 42.80252, 36.92382], "size": [1, 1, 10], "pivot": [0, 42.63663, 38.00247], "rotation": [90, 0, 0], "uv": [232, 277]},
						{"origin": [-2, 40.89166, 39.00915], "size": [1, 1, 9], "pivot": [0, 42.63663, 38.00247], "rotation": [90, 0, 0], "uv": [232, 277]},
						{"origin": [-2, 44.89166, 37.00915], "size": [1, 1, 9], "pivot": [0, 42.63663, 38.00247], "rotation": [2.5, 0, 0], "uv": [232, 277]},
						{"origin": [-2, 46.89166, 38.00915], "size": [1, 1, 9], "pivot": [0, 42.63663, 38.00247], "rotation": [2.5, 0, 0], "uv": [232, 277]},
						{"origin": [-2, 41.73107, 41.22913], "size": [1, 1, 9], "pivot": [0, 42.63663, 38.00247], "rotation": [70, 0, 0], "uv": [232, 277]},
						{"origin": [-2, 47.33715, 39.62545], "size": [1, 1, 9], "pivot": [0, 42.63663, 38.00247], "rotation": [17.5, 0, 0], "uv": [232, 277]}
					]
				},
				{
					"name": "bone49",
					"parent": "bone16",
					"pivot": [-6, 45.50291, 34.87447],
					"rotation": [7.5, 0, 0],
					"cubes": [
						{"origin": [-9, 41.75795, 35.88115], "size": [3, 5, 10], "pivot": [-6, 42.63663, 38.00247], "rotation": [47.5, 0, 0], "uv": [232, 277]},
						{"origin": [-8, 42.80252, 36.92382], "size": [1, 1, 10], "pivot": [-6, 42.63663, 38.00247], "rotation": [90, 0, 0], "uv": [232, 277]},
						{"origin": [-8, 40.89166, 39.00915], "size": [1, 1, 9], "pivot": [-6, 42.63663, 38.00247], "rotation": [90, 0, 0], "uv": [232, 277]},
						{"origin": [-8, 44.89166, 37.00915], "size": [1, 1, 9], "pivot": [-6, 42.63663, 38.00247], "rotation": [2.5, 0, 0], "uv": [232, 277]},
						{"origin": [-8, 46.89166, 38.00915], "size": [1, 1, 9], "pivot": [-6, 42.63663, 38.00247], "rotation": [2.5, 0, 0], "uv": [232, 277]},
						{"origin": [-8, 41.73107, 41.22913], "size": [1, 1, 9], "pivot": [-6, 42.63663, 38.00247], "rotation": [70, 0, 0], "uv": [232, 277]},
						{"origin": [-8, 47.33715, 39.62545], "size": [1, 1, 9], "pivot": [-6, 42.63663, 38.00247], "rotation": [17.5, 0, 0], "uv": [232, 277]}
					]
				},
				{
					"name": "bone17",
					"parent": "bone16",
					"pivot": [0, 30.31987, 32.4857],
					"rotation": [10, 0, 0],
					"cubes": [
						{"origin": [-13, 18.75565, 23.50472], "size": [26, 27, 46], "uv": [232, 277]}
					]
				},
				{
					"name": "bone53",
					"parent": "bone17",
					"pivot": [4, 44.00095, 50.04362],
					"cubes": [
						{"origin": [1, 44.00095, 50.04362], "size": [3, 6, 3], "uv": [232, 277]},
						{"origin": [2, 42.69065, 50.68459], "size": [1, 6, 1], "pivot": [4, 44.13181, 53.04076], "rotation": [-52.5, 0, 0], "uv": [232, 277]},
						{"origin": [2, 43.8378, 49.04628], "size": [1, 6, 1], "pivot": [4, 44.13181, 53.04076], "rotation": [-52.5, 0, 0], "uv": [232, 277]},
						{"origin": [2, 44.90726, 52.621], "size": [1, 6, 1], "pivot": [4, 44.13181, 53.04076], "rotation": [57.5, 0, 0], "uv": [232, 277]},
						{"origin": [2, 45.90726, 51.621], "size": [1, 6, 1], "pivot": [4, 44.13181, 53.04076], "rotation": [2.5, 0, 0], "uv": [232, 277]},
						{"origin": [2, 45.23526, 54.83288], "size": [1, 6, 1], "pivot": [4, 44.13181, 53.04076], "rotation": [57.5, 0, 0], "uv": [232, 277]}
					]
				},
				{
					"name": "bone55",
					"parent": "bone17",
					"pivot": [1, 43.35086, 58.07962],
					"cubes": [
						{"origin": [-2, 43.35086, 58.07962], "size": [3, 6, 3], "uv": [232, 277]},
						{"origin": [-1, 42.04056, 58.72059], "size": [1, 6, 1], "pivot": [1, 43.48172, 61.07677], "rotation": [-52.5, 0, 0], "uv": [232, 277]},
						{"origin": [-1, 43.18771, 57.08229], "size": [1, 6, 1], "pivot": [1, 43.48172, 61.07677], "rotation": [-52.5, 0, 0], "uv": [232, 277]},
						{"origin": [-1, 44.25717, 60.65701], "size": [1, 6, 1], "pivot": [1, 43.48172, 61.07677], "rotation": [57.5, 0, 0], "uv": [232, 277]},
						{"origin": [-1, 45.25717, 59.65701], "size": [1, 6, 1], "pivot": [1, 43.48172, 61.07677], "rotation": [2.5, 0, 0], "uv": [232, 277]},
						{"origin": [-1, 44.58517, 62.86889], "size": [1, 6, 1], "pivot": [1, 43.48172, 61.07677], "rotation": [57.5, 0, 0], "uv": [232, 277]}
					]
				},
				{
					"name": "bone54",
					"parent": "bone17",
					"pivot": [-3, 44.00095, 50.04362],
					"cubes": [
						{"origin": [-6, 44.00095, 50.04362], "size": [3, 6, 3], "uv": [232, 277]},
						{"origin": [-5, 42.69065, 50.68459], "size": [1, 6, 1], "pivot": [-3, 44.13181, 53.04076], "rotation": [-52.5, 0, 0], "uv": [232, 277]},
						{"origin": [-5, 43.8378, 49.04628], "size": [1, 6, 1], "pivot": [-3, 44.13181, 53.04076], "rotation": [-52.5, 0, 0], "uv": [232, 277]},
						{"origin": [-5, 44.90726, 52.621], "size": [1, 6, 1], "pivot": [-3, 44.13181, 53.04076], "rotation": [57.5, 0, 0], "uv": [232, 277]},
						{"origin": [-5, 45.90726, 51.621], "size": [1, 6, 1], "pivot": [-3, 44.13181, 53.04076], "rotation": [2.5, 0, 0], "uv": [232, 277]},
						{"origin": [-5, 45.23526, 54.83288], "size": [1, 6, 1], "pivot": [-3, 44.13181, 53.04076], "rotation": [57.5, 0, 0], "uv": [232, 277]}
					]
				},
				{
					"name": "bone18",
					"parent": "bone17",
					"pivot": [0, 31.01712, 63.51614],
					"cubes": [
						{"origin": [-12, 18.65075, 61.48735], "size": [24, 25, 44], "pivot": [0, 31.54006, 63.53897], "rotation": [35, 0, 0], "uv": [232, 277]},
						{"origin": [2, 25.65075, 74.48735], "size": [1, 22, 2], "pivot": [0, 31.54006, 63.53897], "rotation": [35, 0, 0], "uv": [232, 277]},
						{"origin": [-4, 25.65075, 74.48735], "size": [1, 22, 2], "pivot": [0, 31.54006, 63.53897], "rotation": [35, 0, 0], "uv": [232, 277]},
						{"origin": [-4, 25.72563, 78.09212], "size": [1, 22, 2], "pivot": [0, 31.54006, 63.53897], "rotation": [35, 0, 0], "uv": [232, 277]},
						{"origin": [2, 25.72563, 78.09212], "size": [1, 22, 2], "pivot": [0, 31.54006, 63.53897], "rotation": [35, 0, 0], "uv": [232, 277]},
						{"origin": [2, 37.80052, 81.6969], "size": [1, 10, 2], "pivot": [0, 31.54006, 63.53897], "rotation": [35, 0, 0], "uv": [232, 277]},
						{"origin": [-4, 37.80052, 81.6969], "size": [1, 10, 2], "pivot": [0, 31.54006, 63.53897], "rotation": [35, 0, 0], "uv": [232, 277]},
						{"origin": [-4, 37.8754, 85.30167], "size": [1, 10, 2], "pivot": [0, 31.54006, 63.53897], "rotation": [35, 0, 0], "uv": [232, 277]},
						{"origin": [2, 37.8754, 85.30167], "size": [1, 10, 2], "pivot": [0, 31.54006, 63.53897], "rotation": [35, 0, 0], "uv": [232, 277]},
						{"origin": [2, 36.5696, 89.21254], "size": [1, 11, 2], "pivot": [0, 31.54006, 63.53897], "rotation": [35, 0, 0], "uv": [232, 277]},
						{"origin": [-1, 37.48787, 93.35461], "size": [1, 10, 2], "pivot": [0, 31.54006, 63.53897], "rotation": [35, 0, 0], "uv": [232, 277]},
						{"origin": [-1, 38.40615, 97.49668], "size": [1, 11, 2], "pivot": [0, 31.54006, 63.53897], "rotation": [35, 0, 0], "uv": [232, 277]},
						{"origin": [-1, 38.48103, 101.10146], "size": [1, 11, 2], "pivot": [0, 31.54006, 63.53897], "rotation": [35, 0, 0], "uv": [232, 277]},
						{"origin": [-1, 38.55591, 104.70623], "size": [1, 11, 2], "pivot": [0, 31.54006, 63.53897], "rotation": [35, 0, 0], "uv": [232, 277]},
						{"origin": [-4, 36.5696, 89.21254], "size": [1, 11, 2], "pivot": [0, 31.54006, 63.53897], "rotation": [35, 0, 0], "uv": [232, 277]}
					]
				},
				{
					"name": "bone19",
					"parent": "bone18",
					"pivot": [0, 55.54006, 96.53897],
					"cubes": [
						{"origin": [-11, 40.05851, 91.89619], "size": [22, 21, 43], "pivot": [0, 52.81294, 93.28892], "rotation": [60, 0, 0], "uv": [232, 277]},
						{"origin": [-1, 58.27661, 109.04347], "size": [1, 8, 2], "pivot": [0, 52.81294, 93.28892], "rotation": [60, 0, 0], "uv": [232, 277]},
						{"origin": [-1, 57.89563, 114.02893], "size": [1, 8, 2], "pivot": [0, 52.81294, 93.28892], "rotation": [60, 0, 0], "uv": [232, 277]},
						{"origin": [-1, 57.51465, 119.0144], "size": [1, 8, 2], "pivot": [0, 52.81294, 93.28892], "rotation": [60, 0, 0], "uv": [232, 277]},
						{"origin": [-1, 57.13368, 123.99986], "size": [1, 8, 2], "pivot": [0, 52.81294, 93.28892], "rotation": [60, 0, 0], "uv": [232, 277]},
						{"origin": [-1, 56.2154, 128.14193], "size": [1, 8, 2], "pivot": [0, 52.81294, 93.28892], "rotation": [60, 0, 0], "uv": [232, 277]},
						{"origin": [-1, 55.93992, 133.05005], "size": [1, 8, 2], "pivot": [0, 52.81294, 93.28892], "rotation": [60, 0, 0], "uv": [232, 277]}
					]
				},
				{
					"name": "bone20",
					"parent": "bone19",
					"pivot": [0, 83.81294, 113.28892],
					"rotation": [27.5, 0, 0],
					"cubes": [
						{"origin": [-10, 84.81294, 103.28892], "size": [20, 32, 18], "pivot": [0, 83.81294, 113.28892], "rotation": [-50, 0, 0], "uv": [232, 277]},
						{"origin": [-1, 89.81294, 100.28892], "size": [1, 1, 4], "pivot": [0, 83.81294, 113.28892], "rotation": [-50, 0, 0], "uv": [232, 277]},
						{"origin": [-1, 93.39665, 100.68519], "size": [1, 1, 4], "pivot": [0, 83.81294, 113.28892], "rotation": [-50, 0, 0], "uv": [232, 277]},
						{"origin": [-1, 96.98036, 101.08147], "size": [1, 1, 4], "pivot": [0, 83.81294, 113.28892], "rotation": [-50, 0, 0], "uv": [232, 277]},
						{"origin": [-1, 102.61569, 100.58844], "size": [1, 1, 4], "pivot": [0, 83.81294, 113.28892], "rotation": [-50, 0, 0], "uv": [232, 277]},
						{"origin": [-1, 106.19939, 100.98471], "size": [1, 1, 4], "pivot": [0, 83.81294, 113.28892], "rotation": [-50, 0, 0], "uv": [232, 277]},
						{"origin": [-1, 109.01706, 100.7382], "size": [1, 1, 4], "pivot": [0, 83.81294, 113.28892], "rotation": [-50, 0, 0], "uv": [232, 277]},
						{"origin": [-1, 112.60077, 101.13447], "size": [1, 1, 4], "pivot": [0, 83.81294, 113.28892], "rotation": [-50, 0, 0], "uv": [232, 277]},
						{"origin": [-1, 99.79802, 100.83495], "size": [1, 1, 4], "pivot": [0, 83.81294, 113.28892], "rotation": [-50, 0, 0], "uv": [232, 277]}
					]
				},
				{
					"name": "bone21",
					"parent": "bone20",
					"pivot": [0, 103.81294, 136.28892],
					"rotation": [40, 0, 0],
					"cubes": [
						{"origin": [-9, 97.07725, 134.73534], "size": [18, 15, 30], "pivot": [0, 101.99486, 134.12222], "rotation": [17.5, 0, 0], "uv": [232, 277]}
					]
				},
				{
					"name": "bone22",
					"parent": "bone21",
					"pivot": [0, 109.99486, 158.12222],
					"cubes": [
						{"origin": [-8, 106.99486, 158.12222], "size": [16, 13, 25], "uv": [232, 277]}
					]
				},
				{
					"name": "bone23",
					"parent": "bone22",
					"pivot": [0, 111.99486, 183.12222],
					"cubes": [
						{"origin": [-6, 109.03848, 182.12317], "size": [12, 9, 18], "pivot": [0, 111.99486, 183.12222], "rotation": [-2.5, 0, 0], "uv": [232, 277]},
						{"origin": [-6, 115.03753, 182.07955], "size": [12, 4, 14], "pivot": [0, 111.99486, 183.12222], "rotation": [-7.5, 0, 0], "uv": [232, 277]},
						{"origin": [-2, 117.03753, 185.07955], "size": [2, 6, 2], "pivot": [0, 111.99486, 183.12222], "rotation": [-7.5, 0, 0], "uv": [232, 277]},
						{"origin": [-2, 117.28895, 198.1226], "size": [2, 6, 2], "pivot": [0, 106.0976, 175.69105], "rotation": [-7.5, 0, 0], "uv": [232, 277]},
						{"origin": [-2, 116.25998, 192.24861], "size": [2, 6, 2], "pivot": [0, 111.99486, 183.12222], "rotation": [-7.5, 0, 0], "uv": [232, 277]},
						{"origin": [-2, 120.9489, 190.83142], "size": [2, 2, 4], "pivot": [0, 110.54768, 189.40882], "rotation": [20, 0, 0], "uv": [232, 277]},
						{"origin": [-2, 115.48003, 198.50104], "size": [2, 2, 4], "pivot": [0, 105.07881, 186.07843], "rotation": [20, 0, 0], "uv": [232, 277]},
						{"origin": [-2, 112.48003, 204.50104], "size": [2, 2, 4], "pivot": [0, 105.07881, 186.07843], "rotation": [20, 0, 0], "uv": [232, 277]},
						{"origin": [-11, 116.03753, 186.07955], "size": [3, 3, 3], "pivot": [0, 111.99486, 183.12222], "rotation": [-7.5, 0, 0], "uv": [232, 277]},
						{"origin": [-11, 108.18787, 185.93486], "size": [1, 10, 1], "pivot": [-10, 117.46373, 186.4526], "rotation": [-7.5, 0, -32.5], "uv": [232, 277]},
						{"origin": [-10.6151, 107.39888, 189.57208], "size": [1, 10, 1], "pivot": [-10, 117.46373, 186.4526], "rotation": [5, 0, -32.5], "uv": [232, 277]},
						{"origin": [-9, 117.03753, 186.07955], "size": [3, 2, 3], "pivot": [0, 111.99486, 183.12222], "rotation": [-7.5, 0, 0], "uv": [232, 277]},
						{"origin": [-10, 117.03753, 187.07955], "size": [3, 3, 1], "pivot": [0, 111.99486, 183.12222], "rotation": [-7.5, 0, 0], "uv": [232, 277]},
						{"origin": [-11.11299, 115.91678, 186.97711], "size": [1, 4, 3], "pivot": [-12, 119.5124, 180.38606], "rotation": [-7.5, 0, 27.5], "uv": [232, 277]},
						{"origin": [-12.63012, 114.25729, 186.94736], "size": [1, 4, 3], "pivot": [-12, 118.14777, 188.33199], "rotation": [-7.5, 0, 15], "uv": [232, 277]},
						{"origin": [-6, 108.15795, 181.08459], "size": [12, 3, 14], "pivot": [0, 111.99486, 183.12222], "rotation": [7.5, 0, 0], "uv": [232, 277]},
						{"origin": [-6, 113.296, 199.15061], "size": [12, 5, 9], "pivot": [0, 111.99486, 183.12222], "rotation": [-2.5, 0, 0], "uv": [232, 277]},
						{"origin": [-6, 107.21425, 199.68364], "size": [12, 4, 9], "pivot": [0, 113.11074, 200.8071], "rotation": [-30, 0, 0], "uv": [232, 277]},
						{"origin": [-6, 110.90064, 196.30568], "size": [1, 4, 9], "pivot": [0, 113.11074, 200.8071], "rotation": [-22.5, 0, 0], "uv": [232, 277]},
						{"origin": [5, 110.90064, 196.30568], "size": [1, 4, 9], "pivot": [0, 113.11074, 200.8071], "rotation": [-22.5, 0, 0], "uv": [232, 277]}
					]
				},
				{
					"name": "bone56",
					"parent": "bone23",
					"pivot": [7, 111.99486, 183.12222],
					"cubes": [
						{"origin": [6, 111.99486, 183.12222], "size": [7, 3, 3], "uv": [232, 277]},
						{"origin": [6, 114.02092, 185.9413], "size": [9, 1, 1], "pivot": [7, 111.99486, 183.12222], "rotation": [0, 0, 72.5], "uv": [232, 277]},
						{"origin": [7.30476, 113.60953, 182.18253], "size": [9, 1, 1], "pivot": [7, 111.99486, 183.12222], "rotation": [0, 0, 37.5], "uv": [232, 277]},
						{"origin": [8.94911, 114.69722, 183.12222], "size": [5, 3, 3], "pivot": [7, 111.99486, 183.12222], "rotation": [0, 0, 42.5], "uv": [232, 277]}
					]
				},
				{
					"name": "bone57",
					"parent": "bone23",
					"pivot": [4, 115.07304, 191.57945],
					"rotation": [67.5, -65, 0],
					"cubes": [
						{"origin": [3, 115.07304, 191.57945], "size": [7, 3, 3], "uv": [232, 277]},
						{"origin": [3, 117.0991, 194.39853], "size": [9, 1, 1], "pivot": [4, 115.07304, 191.57945], "rotation": [0, 0, 72.5], "uv": [232, 277]},
						{"origin": [4.30476, 116.68771, 190.63976], "size": [9, 1, 1], "pivot": [4, 115.07304, 191.57945], "rotation": [0, 0, 37.5], "uv": [232, 277]},
						{"origin": [5.94911, 117.7754, 191.57945], "size": [5, 3, 3], "pivot": [4, 115.07304, 191.57945], "rotation": [0, 0, 42.5], "uv": [232, 277]}
					]
				},
				{
					"name": "bone60",
					"parent": "bone23",
					"pivot": [-2, 118.83181, 190.21137],
					"rotation": [88.5906, -1.16163, -94.13486],
					"cubes": [
						{"origin": [-3, 118.83181, 190.21137], "size": [7, 3, 3], "uv": [232, 277]},
						{"origin": [-5.77071, 120.30951, 192.88066], "size": [9, 1, 1], "pivot": [-2, 118.83181, 190.21137], "rotation": [0, 0, 125], "uv": [232, 277]},
						{"origin": [-1.69524, 120.44648, 189.27168], "size": [5, 1, 1], "pivot": [-2, 118.83181, 190.21137], "rotation": [0, 0, 57.5], "uv": [232, 277]},
						{"origin": [-0.05089, 121.53417, 190.21137], "size": [5, 3, 3], "pivot": [-2, 118.83181, 190.21137], "rotation": [0, 0, 42.5], "uv": [232, 277]}
					]
				},
				{
					"name": "bone58",
					"parent": "bone23",
					"pivot": [-4, 115.07304, 191.57945],
					"rotation": [67.5, -65, -167.5],
					"cubes": [
						{"origin": [-5, 115.07304, 191.57945], "size": [7, 3, 3], "uv": [232, 277]},
						{"origin": [-5, 117.0991, 194.39853], "size": [9, 1, 1], "pivot": [-4, 115.07304, 191.57945], "rotation": [0, 0, 72.5], "uv": [232, 277]},
						{"origin": [-3.69524, 116.68771, 190.63976], "size": [9, 1, 1], "pivot": [-4, 115.07304, 191.57945], "rotation": [0, 0, 37.5], "uv": [232, 277]},
						{"origin": [-2.05089, 117.7754, 191.57945], "size": [5, 3, 3], "pivot": [-4, 115.07304, 191.57945], "rotation": [0, 0, 42.5], "uv": [232, 277]}
					]
				},
				{
					"name": "bone59",
					"parent": "bone23",
					"pivot": [-4, 109.60417, 188.24907],
					"rotation": [86.54678, -34.5915, 104.87351],
					"cubes": [
						{"origin": [-5, 109.60417, 188.24907], "size": [7, 3, 3], "uv": [232, 277]},
						{"origin": [-5, 111.63023, 191.06815], "size": [9, 1, 1], "pivot": [-4, 109.60417, 188.24907], "rotation": [0, 0, 72.5], "uv": [232, 277]},
						{"origin": [-3.69524, 111.21884, 187.30938], "size": [9, 1, 1], "pivot": [-4, 109.60417, 188.24907], "rotation": [0, 0, 57.5], "uv": [232, 277]},
						{"origin": [-2.05089, 112.30653, 188.24907], "size": [5, 3, 3], "pivot": [-4, 109.60417, 188.24907], "rotation": [0, 0, 42.5], "uv": [232, 277]}
					]
				},
				{
					"name": "bone61",
					"parent": "bone23",
					"pivot": [3, 109.60417, 188.24907],
					"rotation": [86.54678, -34.5915, 39.87351],
					"cubes": [
						{"origin": [2, 109.60417, 188.24907], "size": [7, 3, 3], "uv": [232, 277]},
						{"origin": [2, 111.63023, 191.06815], "size": [9, 1, 1], "pivot": [3, 109.60417, 188.24907], "rotation": [0, 0, 72.5], "uv": [232, 277]},
						{"origin": [3.30476, 111.21884, 187.30938], "size": [9, 1, 1], "pivot": [3, 109.60417, 188.24907], "rotation": [0, 0, 57.5], "uv": [232, 277]},
						{"origin": [4.94911, 112.30653, 188.24907], "size": [5, 3, 3], "pivot": [3, 109.60417, 188.24907], "rotation": [0, 0, 42.5], "uv": [232, 277]}
					]
				}
			]
		}
	]
}