{
	"format_version": "1.12.0",
	"minecraft:geometry": [
		{
			"description": {
				"identifier": "geometry.shin",
				"texture_width": 512,
				"texture_height": 512,
				"visible_bounds_width": 29,
				"visible_bounds_height": 12,
				"visible_bounds_offset": [0, 4, 0]
			},
			"bones": [
				{
					"name": "bone",
					"pivot": [0, 87, 0],
					"rotation": [5, 0, 0],
					"cubes": [
						{"origin": [-15, 61, -12], "size": [30, 25, 33], "uv": [124, 163]},
						{"origin": [-15, 58.77807, -15.22761], "size": [30, 27, 4], "pivot": [0, 62.4597, -10.78282], "rotation": [-7.5, 0, 0], "uv": [310, 250]},
						{"origin": [-15, 43.31987, -15.5143], "size": [30, 23, 35], "pivot": [0, 62.31987, -0.5143], "rotation": [25, 0, 0], "uv": [109, 38]}
					]
				},
				{
					"name": "bone35",
					"parent": "bone",
					"pivot": [0, 74.90904, 23.08336],
					"cubes": [
						{"origin": [-3, 72.93188, 20.56042], "size": [4, 6, 15], "pivot": [0, 75.93188, 22.56042], "rotation": [-5, 0, 0], "uv": [328, 309]},
						{"origin": [-2, 75.6463, 19.02833], "size": [2, 2, 11], "pivot": [0, 75.93188, 22.56042], "rotation": [45, 0, 0], "uv": [0, 385]},
						{"origin": [-2, 73.34817, 20.95669], "size": [2, 2, 11], "pivot": [0, 75.93188, 22.56042], "rotation": [-45, 0, 0], "uv": [384, 223]},
						{"origin": [-2, 77.32815, 24.14413], "size": [2, 2, 11], "pivot": [0, 75.93188, 22.56042], "rotation": [-45, 0, 0], "uv": [384, 210]},
						{"origin": [-2, 80.66534, 26.56552], "size": [2, 2, 11], "pivot": [0, 75.93188, 22.56042], "rotation": [-45, 0, 0], "uv": [384, 197]},
						{"origin": [-2, 74.5402, 29.30095], "size": [2, 2, 11], "pivot": [0, 75.93188, 22.56042], "rotation": [-2.5, 0, 0], "uv": [384, 184]},
						{"origin": [-2, 72.45887, 23.00831], "size": [2, 2, 11], "pivot": [0, 75.93188, 22.56042], "rotation": [45, 0, 0], "uv": [383, 283]},
						{"origin": [-2, 68.7519, 24.81342], "size": [2, 2, 11], "pivot": [0, 75.93188, 22.56042], "rotation": [45, 0, 0], "uv": [383, 4]}
					]
				},
				{
					"name": "bone40",
					"parent": "bone",
					"pivot": [0, 61.13662, 19.87078],
					"rotation": [15, 0, 0],
					"cubes": [
						{"origin": [-3, 59.15946, 17.34785], "size": [4, 6, 15], "pivot": [0, 62.15946, 19.34785], "rotation": [-5, 0, 0], "uv": [325, 281]},
						{"origin": [-2, 61.87388, 15.81576], "size": [2, 2, 11], "pivot": [0, 62.15946, 19.34785], "rotation": [45, 0, 0], "uv": [15, 383]},
						{"origin": [-2, 59.57575, 17.74412], "size": [2, 2, 11], "pivot": [0, 62.15946, 19.34785], "rotation": [-45, 0, 0], "uv": [382, 74]},
						{"origin": [-2, 63.55573, 20.93155], "size": [2, 2, 11], "pivot": [0, 62.15946, 19.34785], "rotation": [-45, 0, 0], "uv": [381, 59]},
						{"origin": [-2, 66.89293, 23.35294], "size": [2, 2, 11], "pivot": [0, 62.15946, 19.34785], "rotation": [-45, 0, 0], "uv": [300, 381]},
						{"origin": [-2, 60.76778, 26.08837], "size": [2, 2, 11], "pivot": [0, 62.15946, 19.34785], "rotation": [-2.5, 0, 0], "uv": [58, 380]},
						{"origin": [-2, 58.68645, 19.79574], "size": [2, 2, 11], "pivot": [0, 62.15946, 19.34785], "rotation": [45, 0, 0], "uv": [32, 380]},
						{"origin": [-2, 54.97948, 21.60085], "size": [2, 2, 11], "pivot": [0, 62.15946, 19.34785], "rotation": [45, 0, 0], "uv": [378, 268]}
					]
				},
				{
					"name": "bone41",
					"parent": "bone",
					"pivot": [9, 61.31094, 17.87839],
					"rotation": [15, 10, 0],
					"cubes": [
						{"origin": [6, 59.33377, 15.35546], "size": [4, 6, 15], "pivot": [9, 62.33377, 17.35546], "rotation": [-5, 0, 0], "uv": [297, 324]},
						{"origin": [7, 62.04819, 13.82337], "size": [2, 2, 11], "pivot": [9, 62.33377, 17.35546], "rotation": [45, 0, 0], "uv": [378, 255]},
						{"origin": [7, 59.75006, 15.75173], "size": [2, 2, 11], "pivot": [9, 62.33377, 17.35546], "rotation": [-45, 0, 0], "uv": [378, 242]},
						{"origin": [7, 63.73004, 18.93917], "size": [2, 2, 11], "pivot": [9, 62.33377, 17.35546], "rotation": [-45, 0, 0], "uv": [140, 378]},
						{"origin": [7, 67.06724, 21.36056], "size": [2, 2, 11], "pivot": [9, 62.33377, 17.35546], "rotation": [-45, 0, 0], "uv": [224, 377]},
						{"origin": [7, 60.94209, 24.09598], "size": [2, 2, 11], "pivot": [9, 62.33377, 17.35546], "rotation": [-2.5, 0, 0], "uv": [102, 377]},
						{"origin": [7, 58.86076, 17.80335], "size": [2, 2, 11], "pivot": [9, 62.33377, 17.35546], "rotation": [45, 0, 0], "uv": [376, 325]},
						{"origin": [7, 55.15379, 19.60846], "size": [2, 2, 11], "pivot": [9, 62.33377, 17.35546], "rotation": [45, 0, 0], "uv": [285, 376]}
					]
				},
				{
					"name": "bone42",
					"parent": "bone",
					"pivot": [-9, 61.39809, 16.8822],
					"rotation": [15, -15, 0],
					"cubes": [
						{"origin": [-12, 59.42092, 14.35926], "size": [4, 6, 15], "pivot": [-9, 62.42092, 16.35926], "rotation": [-5, 0, 0], "uv": [259, 324]},
						{"origin": [-11, 62.13535, 12.82717], "size": [2, 2, 11], "pivot": [-9, 62.42092, 16.35926], "rotation": [45, 0, 0], "uv": [375, 28]},
						{"origin": [-11, 59.83722, 14.75554], "size": [2, 2, 11], "pivot": [-9, 62.42092, 16.35926], "rotation": [-45, 0, 0], "uv": [357, 375]},
						{"origin": [-11, 63.8172, 17.94297], "size": [2, 2, 11], "pivot": [-9, 62.42092, 16.35926], "rotation": [-45, 0, 0], "uv": [209, 375]},
						{"origin": [-11, 67.15439, 20.36436], "size": [2, 2, 11], "pivot": [-9, 62.42092, 16.35926], "rotation": [-45, 0, 0], "uv": [183, 375]},
						{"origin": [-11, 61.02925, 23.09979], "size": [2, 2, 11], "pivot": [-9, 62.42092, 16.35926], "rotation": [-2.5, 0, 0], "uv": [87, 375]},
						{"origin": [-11, 58.94791, 16.80716], "size": [2, 2, 11], "pivot": [-9, 62.42092, 16.35926], "rotation": [45, 0, 0], "uv": [374, 151]},
						{"origin": [-11, 55.24095, 18.61226], "size": [2, 2, 11], "pivot": [-9, 62.42092, 16.35926], "rotation": [45, 0, 0], "uv": [374, 138]}
					]
				},
				{
					"name": "bone36",
					"parent": "bone",
					"pivot": [7, 75.08335, 21.09096],
					"cubes": [
						{"origin": [4, 73.10618, 18.56803], "size": [4, 6, 15], "pivot": [7, 76.10618, 20.56803], "rotation": [-5, 0, 0], "uv": [221, 324]},
						{"origin": [5, 75.82061, 17.03594], "size": [2, 2, 11], "pivot": [7, 76.10618, 20.56803], "rotation": [45, 0, 0], "uv": [374, 43]},
						{"origin": [5, 73.52247, 18.9643], "size": [2, 2, 11], "pivot": [7, 76.10618, 20.56803], "rotation": [-45, 0, 0], "uv": [270, 374]},
						{"origin": [5, 77.50246, 22.15174], "size": [2, 2, 11], "pivot": [7, 76.10618, 20.56803], "rotation": [-45, 0, 0], "uv": [244, 374]},
						{"origin": [5, 80.83965, 24.57313], "size": [2, 2, 11], "pivot": [7, 76.10618, 20.56803], "rotation": [-45, 0, 0], "uv": [125, 374]},
						{"origin": [5, 74.7145, 27.30855], "size": [2, 2, 11], "pivot": [7, 76.10618, 20.56803], "rotation": [-2.5, 0, 0], "uv": [373, 350]},
						{"origin": [5, 72.63317, 21.01592], "size": [2, 2, 11], "pivot": [7, 76.10618, 20.56803], "rotation": [45, 0, 0], "uv": [373, 166]},
						{"origin": [5, 68.92621, 22.82103], "size": [2, 2, 11], "pivot": [7, 76.10618, 20.56803], "rotation": [45, 0, 0], "uv": [342, 373]}
					]
				},
				{
					"name": "bone37",
					"parent": "bone",
					"pivot": [-6, 75.08335, 21.09096],
					"cubes": [
						{"origin": [-9, 73.10618, 18.56803], "size": [4, 6, 15], "pivot": [-6, 76.10618, 20.56803], "rotation": [-5, 0, 0], "uv": [221, 324]},
						{"origin": [-8, 75.82061, 17.03594], "size": [2, 2, 11], "pivot": [-6, 76.10618, 20.56803], "rotation": [45, 0, 0], "uv": [374, 43]},
						{"origin": [-8, 73.52247, 18.9643], "size": [2, 2, 11], "pivot": [-6, 76.10618, 20.56803], "rotation": [-45, 0, 0], "uv": [270, 374]},
						{"origin": [-8, 77.50246, 22.15174], "size": [2, 2, 11], "pivot": [-6, 76.10618, 20.56803], "rotation": [-45, 0, 0], "uv": [244, 374]},
						{"origin": [-8, 80.83965, 24.57313], "size": [2, 2, 11], "pivot": [-6, 76.10618, 20.56803], "rotation": [-45, 0, 0], "uv": [125, 374]},
						{"origin": [-8, 74.7145, 27.30855], "size": [2, 2, 11], "pivot": [-6, 76.10618, 20.56803], "rotation": [-2.5, 0, 0], "uv": [373, 350]},
						{"origin": [-8, 72.63317, 21.01592], "size": [2, 2, 11], "pivot": [-6, 76.10618, 20.56803], "rotation": [45, 0, 0], "uv": [373, 166]},
						{"origin": [-8, 68.92621, 22.82103], "size": [2, 2, 11], "pivot": [-6, 76.10618, 20.56803], "rotation": [45, 0, 0], "uv": [342, 373]}
					]
				},
				{
					"name": "bone38",
					"parent": "bone",
					"pivot": [13, 75.51913, 16.10999],
					"rotation": [0, 10, 0],
					"cubes": [
						{"origin": [10, 73.54196, 13.58705], "size": [4, 6, 15], "pivot": [13, 76.54196, 15.58705], "rotation": [-5, 0, 0], "uv": [183, 322]},
						{"origin": [11, 76.25639, 12.05496], "size": [2, 2, 11], "pivot": [13, 76.54196, 15.58705], "rotation": [45, 0, 0], "uv": [316, 373]},
						{"origin": [11, 73.95825, 13.98333], "size": [2, 2, 11], "pivot": [13, 76.54196, 15.58705], "rotation": [-45, 0, 0], "uv": [168, 373]},
						{"origin": [11, 77.93823, 17.17076], "size": [2, 2, 11], "pivot": [13, 76.54196, 15.58705], "rotation": [-45, 0, 0], "uv": [372, 372]},
						{"origin": [11, 81.27543, 19.59215], "size": [2, 2, 11], "pivot": [13, 76.54196, 15.58705], "rotation": [-45, 0, 0], "uv": [0, 372]},
						{"origin": [11, 75.15028, 22.32758], "size": [2, 2, 11], "pivot": [13, 76.54196, 15.58705], "rotation": [-2.5, 0, 0], "uv": [371, 125]},
						{"origin": [11, 73.06895, 16.03495], "size": [2, 2, 11], "pivot": [13, 76.54196, 15.58705], "rotation": [45, 0, 0], "uv": [371, 98]},
						{"origin": [11, 69.36199, 17.84005], "size": [2, 2, 11], "pivot": [13, 76.54196, 15.58705], "rotation": [45, 0, 0], "uv": [370, 307]}
					]
				},
				{
					"name": "bone39",
					"parent": "bone",
					"pivot": [-11, 75.51913, 16.10999],
					"rotation": [0, -15, 0],
					"cubes": [
						{"origin": [-14, 73.54196, 13.58705], "size": [4, 6, 15], "pivot": [-11, 76.54196, 15.58705], "rotation": [-5, 0, 0], "uv": [53, 269]},
						{"origin": [-13, 76.25639, 12.05496], "size": [2, 2, 11], "pivot": [-11, 76.54196, 15.58705], "rotation": [45, 0, 0], "uv": [370, 112]},
						{"origin": [-13, 73.95825, 13.98333], "size": [2, 2, 11], "pivot": [-11, 76.54196, 15.58705], "rotation": [-45, 0, 0], "uv": [17, 370]},
						{"origin": [-13, 77.93823, 17.17076], "size": [2, 2, 11], "pivot": [-11, 76.54196, 15.58705], "rotation": [-45, 0, 0], "uv": [369, 229]},
						{"origin": [-13, 81.27543, 19.59215], "size": [2, 2, 11], "pivot": [-11, 76.54196, 15.58705], "rotation": [-45, 0, 0], "uv": [369, 216]},
						{"origin": [-13, 75.15028, 22.32758], "size": [2, 2, 11], "pivot": [-11, 76.54196, 15.58705], "rotation": [-2.5, 0, 0], "uv": [369, 195]},
						{"origin": [-13, 73.06895, 16.03495], "size": [2, 2, 11], "pivot": [-11, 76.54196, 15.58705], "rotation": [45, 0, 0], "uv": [368, 294]},
						{"origin": [-13, 69.36199, 17.84005], "size": [2, 2, 11], "pivot": [-11, 76.54196, 15.58705], "rotation": [45, 0, 0], "uv": [368, 15]}
					]
				},
				{
					"name": "bone10",
					"parent": "bone",
					"pivot": [17, 65.03044, 2.30275],
					"rotation": [-4.61854, 0.07708, -0.58866],
					"cubes": [
						{"origin": [11, 41.03044, -7.69725], "size": [20, 33, 25], "pivot": [12, 72.03044, 2.30275], "rotation": [-15, 0, 0], "uv": [214, 71]},
						{"origin": [13, 45.03044, -8.69725], "size": [16, 28, 21], "pivot": [12, 72.03044, 2.30275], "rotation": [-15, 0, 0], "uv": [0, 269]}
					]
				},
				{
					"name": "bone11",
					"parent": "bone10",
					"pivot": [20, 47.03044, -3.69725],
					"rotation": [12.5, 0, 0],
					"cubes": [
						{"origin": [13, 5.19637, -14.21233], "size": [16, 42, 20], "uv": [90, 221]},
						{"origin": [12, 24.19637, -13.21233], "size": [18, 23, 17], "uv": [74, 283]},
						{"origin": [14, 24.19637, -15.21233], "size": [14, 23, 17], "uv": [307, 210]},
						{"origin": [14, 25.19637, -11.21233], "size": [14, 22, 18], "uv": [279, 284]}
					]
				},
				{
					"name": "bone12",
					"parent": "bone11",
					"pivot": [20, 5.31489, -3.29452],
					"cubes": [
						{"origin": [12, -2.68511, -14.29452], "size": [18, 12, 17], "pivot": [20, 5.31489, -3.29452], "rotation": [-12.5, 0, 0], "uv": [303, 161]},
						{"origin": [12, 1.99436, -23.89155], "size": [4, 5, 10], "uv": [201, 360]},
						{"origin": [19, 1.99436, -23.89155], "size": [4, 5, 10], "uv": [125, 359]},
						{"origin": [26, 1.99436, -23.89155], "size": [4, 5, 10], "uv": [355, 358]},
						{"origin": [13, 4.02755, -29.2781], "size": [2, 2, 14], "pivot": [14, 4.11288, -20.97375], "rotation": [-15, 0, 0], "uv": [127, 283]},
						{"origin": [8.41161, -0.10304, -23.12304], "size": [4, 6, 10], "pivot": [13, 3.24712, -17.06856], "rotation": [-12.5, 35, -7.5], "uv": [356, 161]},
						{"origin": [9.41161, 2.89696, -26.12304], "size": [2, 2, 13], "pivot": [13, 3.24712, -17.06856], "rotation": [-12.5, 35, -7.5], "uv": [352, 196]},
						{"origin": [20, 4.02755, -29.2781], "size": [2, 2, 14], "pivot": [20, 4.11288, -20.97375], "rotation": [-15, 0, 0], "uv": [198, 282]},
						{"origin": [27, 4.02755, -29.2781], "size": [2, 2, 11], "pivot": [28, 4.11288, -20.97375], "rotation": [-15, 0, 0], "uv": [206, 324]}
					]
				},
				{
					"name": "bone13",
					"parent": "bone",
					"pivot": [-18, 65.03044, 1.30275],
					"rotation": [-4.88565, 2.44486, 1.20626],
					"cubes": [
						{"origin": [-30, 41.03044, -8.69725], "size": [20, 33, 25], "pivot": [-29, 72.03044, 1.30275], "rotation": [-15, 0, 0], "uv": [0, 211]},
						{"origin": [-28, 45.03044, -9.69725], "size": [16, 28, 21], "pivot": [-29, 72.03044, 1.30275], "rotation": [-15, 0, 0], "uv": [250, 178]}
					]
				},
				{
					"name": "bone14",
					"parent": "bone13",
					"pivot": [-21, 47.03044, -4.69725],
					"rotation": [12.5, 0, 0],
					"cubes": [
						{"origin": [-28, 6.19637, -15.21233], "size": [16, 41, 20], "uv": [162, 221]},
						{"origin": [-29, 24.19637, -14.21233], "size": [18, 23, 17], "uv": [145, 282]},
						{"origin": [-27, 24.19637, -16.21233], "size": [14, 23, 17], "uv": [287, 112]},
						{"origin": [-27, 25.19637, -12.21233], "size": [14, 22, 18], "uv": [215, 284]}
					]
				},
				{
					"name": "bone15",
					"parent": "bone14",
					"pivot": [-20.94312, 5.31602, -4.29811],
					"cubes": [
						{"origin": [-28.94312, -2.68398, -15.29811], "size": [18, 12, 17], "pivot": [-20.94312, 5.31602, -4.29811], "rotation": [-12.5, 0, 0], "uv": [283, 0]},
						{"origin": [-28.94312, 1.99549, -24.89514], "size": [4, 5, 10], "uv": [327, 358]},
						{"origin": [-21.94312, 1.99549, -24.89514], "size": [4, 5, 10], "uv": [173, 358]},
						{"origin": [-14.94312, 1.99549, -24.89514], "size": [4, 5, 10], "uv": [357, 39]},
						{"origin": [-27.94312, 4.02868, -29.28169], "size": [2, 2, 12], "pivot": [-26.94312, 4.11401, -21.97734], "rotation": [-15, 0, 0], "uv": [93, 361]},
						{"origin": [-11.08014, 0.13781, -22.3135], "size": [4, 6, 10], "pivot": [-10.94312, 3.24825, -18.07215], "rotation": [-15, -35, 7.5], "uv": [0, 356]},
						{"origin": [-10.08014, 3.13781, -25.3135], "size": [2, 2, 13], "pivot": [-10.94312, 3.24825, -18.07215], "rotation": [-15, -35, 7.5], "uv": [351, 296]},
						{"origin": [-20.94312, 4.02868, -29.28169], "size": [2, 2, 14], "pivot": [-20.94312, 4.11401, -21.97734], "rotation": [-15, 0, 0], "uv": [267, 55]},
						{"origin": [-13.94312, 4.02868, -29.28169], "size": [2, 2, 14], "pivot": [-12.94312, 4.11401, -21.97734], "rotation": [-15, 0, 0], "uv": [124, 176]}
					]
				},
				{
					"name": "bone2",
					"parent": "bone",
					"pivot": [0, 89, 4],
					"cubes": [
						{"origin": [-12, 86, -11], "size": [24, 24, 31], "uv": [204, 0]},
						{"origin": [-11, 91, -13], "size": [22, 14, 8], "pivot": [0, 94, -1], "rotation": [12.5, 0, 0], "uv": [168, 0]},
						{"origin": [-11, 100.10459, -14.57699], "size": [22, 10, 3], "pivot": [0, 103.10459, -2.57699], "rotation": [-5, 0, 0], "uv": [90, 163]},
						{"origin": [-6, 98.10459, -13.57699], "size": [12, 14, 2], "pivot": [0, 101.10459, -2.57699], "rotation": [-5, 0, 0], "uv": [352, 211]},
						{"origin": [-4, 98.10459, -12.57699], "size": [8, 16, 1], "pivot": [0, 101.10459, -2.57699], "rotation": [-5, 0, 0], "uv": [0, 269]}
					]
				},
				{
					"name": "bone30",
					"parent": "bone2",
					"pivot": [-1, 87.6704, 23.549],
					"cubes": [
						{"origin": [-3, 88.6704, 20.549], "size": [4, 6, 16], "uv": [0, 94]},
						{"origin": [-2, 88.06591, 18.18256], "size": [2, 2, 13], "pivot": [-1, 87.6704, 23.549], "rotation": [-37.5, 0, 0], "uv": [351, 16]},
						{"origin": [-2, 91.5958, 21.86222], "size": [2, 2, 13], "pivot": [-1, 87.6704, 23.549], "rotation": [-37.5, 0, 0], "uv": [307, 351]},
						{"origin": [-2, 94.58839, 29.69848], "size": [2, 2, 8], "pivot": [-1, 87.6704, 23.549], "rotation": [-37.5, 0, 0], "uv": [393, 255]},
						{"origin": [-2, 91.01557, 34.41215], "size": [2, 2, 8], "pivot": [-1, 90.60931, 35.85196], "rotation": [7.5, 0, 0], "uv": [393, 236]},
						{"origin": [-2, 91.6704, 23.549], "size": [2, 2, 13], "pivot": [-1, 87.6704, 23.549], "rotation": [45, 0, 0], "uv": [75, 350]},
						{"origin": [-2, 87.96344, 25.35411], "size": [2, 2, 13], "pivot": [-1, 87.6704, 23.549], "rotation": [45, 0, 0], "uv": [45, 350]},
						{"origin": [-2, 84.13322, 28.56804], "size": [2, 2, 12], "pivot": [-1, 87.6704, 23.549], "rotation": [45, 0, 0], "uv": [360, 336]}
					]
				},
				{
					"name": "bone31",
					"parent": "bone2",
					"pivot": [7, 89.27669, 16.66279],
					"rotation": [0, 10, 0],
					"cubes": [
						{"origin": [5, 90.27669, 16.66279], "size": [4, 6, 13], "uv": [336, 49]},
						{"origin": [6, 89.6722, 11.29635], "size": [2, 2, 13], "pivot": [7, 89.27669, 16.66279], "rotation": [-37.5, 0, 0], "uv": [348, 281]},
						{"origin": [6, 93.20209, 14.97601], "size": [2, 2, 13], "pivot": [7, 89.27669, 16.66279], "rotation": [-37.5, 0, 0], "uv": [348, 80]},
						{"origin": [6, 96.19468, 22.81228], "size": [2, 2, 8], "pivot": [7, 89.27669, 16.66279], "rotation": [-37.5, 0, 0], "uv": [143, 393]},
						{"origin": [6, 92.62186, 27.52594], "size": [2, 2, 8], "pivot": [7, 92.2156, 28.96575], "rotation": [7.5, 0, 0], "uv": [73, 393]},
						{"origin": [6, 93.27669, 16.66279], "size": [2, 2, 13], "pivot": [7, 89.27669, 16.66279], "rotation": [45, 0, 0], "uv": [105, 346]},
						{"origin": [6, 89.56972, 18.4679], "size": [2, 2, 13], "pivot": [7, 89.27669, 16.66279], "rotation": [45, 0, 0], "uv": [290, 345]},
						{"origin": [6, 85.7395, 21.68184], "size": [2, 2, 12], "pivot": [7, 89.27669, 16.66279], "rotation": [45, 0, 0], "uv": [283, 360]}
					]
				},
				{
					"name": "bone33",
					"parent": "bone2",
					"pivot": [3, 101.57965, 13.72388],
					"cubes": [
						{"origin": [1, 102.57965, 13.72388], "size": [4, 6, 13], "uv": [332, 110]},
						{"origin": [2, 101.97516, 8.35744], "size": [2, 2, 13], "pivot": [3, 101.57965, 13.72388], "rotation": [-37.5, 0, 0], "uv": [260, 345]},
						{"origin": [2, 105.50505, 12.0371], "size": [2, 2, 13], "pivot": [3, 101.57965, 13.72388], "rotation": [-37.5, 0, 0], "uv": [230, 345]},
						{"origin": [2, 108.49764, 19.87337], "size": [2, 2, 8], "pivot": [3, 101.57965, 13.72388], "rotation": [-37.5, 0, 0], "uv": [53, 393]},
						{"origin": [2, 104.92482, 24.58703], "size": [2, 2, 8], "pivot": [3, 104.51856, 26.02684], "rotation": [7.5, 0, 0], "uv": [33, 393]},
						{"origin": [2, 101.87268, 15.52899], "size": [2, 2, 13], "pivot": [3, 101.57965, 13.72388], "rotation": [45, 0, 0], "uv": [200, 345]},
						{"origin": [2, 98.04246, 18.74293], "size": [2, 2, 12], "pivot": [3, 101.57965, 13.72388], "rotation": [45, 0, 0], "uv": [255, 360]}
					]
				},
				{
					"name": "bone34",
					"parent": "bone2",
					"pivot": [-4, 101.57965, 13.72388],
					"cubes": [
						{"origin": [-6, 102.57965, 13.72388], "size": [4, 6, 13], "uv": [322, 332]},
						{"origin": [-5, 101.97516, 8.35744], "size": [2, 2, 13], "pivot": [-4, 101.57965, 13.72388], "rotation": [-37.5, 0, 0], "uv": [343, 343]},
						{"origin": [-5, 105.50505, 12.0371], "size": [2, 2, 13], "pivot": [-4, 101.57965, 13.72388], "rotation": [-37.5, 0, 0], "uv": [183, 343]},
						{"origin": [-5, 108.49764, 19.87337], "size": [2, 2, 8], "pivot": [-4, 101.57965, 13.72388], "rotation": [-37.5, 0, 0], "uv": [391, 318]},
						{"origin": [-5, 104.92482, 24.58703], "size": [2, 2, 8], "pivot": [-4, 104.51856, 26.02684], "rotation": [7.5, 0, 0], "uv": [391, 174]},
						{"origin": [-5, 101.87268, 15.52899], "size": [2, 2, 13], "pivot": [-4, 101.57965, 13.72388], "rotation": [45, 0, 0], "uv": [336, 139]},
						{"origin": [-5, 98.04246, 18.74293], "size": [2, 2, 12], "pivot": [-4, 101.57965, 13.72388], "rotation": [45, 0, 0], "uv": [358, 56]}
					]
				},
				{
					"name": "bone32",
					"parent": "bone2",
					"pivot": [-7, 89.27669, 16.66279],
					"rotation": [0, -15, 0],
					"cubes": [
						{"origin": [-10, 90.27669, 16.66279], "size": [4, 6, 13], "uv": [324, 190]},
						{"origin": [-9, 89.6722, 11.29635], "size": [2, 2, 13], "pivot": [-7, 89.27669, 16.66279], "rotation": [-37.5, 0, 0], "uv": [282, 324]},
						{"origin": [-9, 93.20209, 14.97601], "size": [2, 2, 13], "pivot": [-7, 89.27669, 16.66279], "rotation": [-37.5, 0, 0], "uv": [244, 324]},
						{"origin": [-9, 96.19468, 22.81228], "size": [2, 2, 8], "pivot": [-7, 89.27669, 16.66279], "rotation": [-37.5, 0, 0], "uv": [131, 391]},
						{"origin": [-9, 92.62186, 27.52594], "size": [2, 2, 8], "pivot": [-7, 92.2156, 28.96575], "rotation": [7.5, 0, 0], "uv": [390, 29]},
						{"origin": [-9, 93.27669, 16.66279], "size": [2, 2, 13], "pivot": [-7, 89.27669, 16.66279], "rotation": [45, 0, 0], "uv": [168, 322]},
						{"origin": [-9, 89.56972, 18.4679], "size": [2, 2, 13], "pivot": [-7, 89.27669, 16.66279], "rotation": [45, 0, 0], "uv": [43, 318]},
						{"origin": [-9, 85.7395, 21.68184], "size": [2, 2, 12], "pivot": [-7, 89.27669, 16.66279], "rotation": [45, 0, 0], "uv": [28, 356]}
					]
				},
				{
					"name": "bone24",
					"parent": "bone2",
					"pivot": [9, 107.00761, -0.17431],
					"rotation": [0, 0, -17.5],
					"cubes": [
						{"origin": [9, 98.99239, -3.82569], "size": [8, 10, 9], "uv": [180, 96]},
						{"origin": [10, 89.99239, -2.82569], "size": [6, 9, 7], "uv": [229, 360]}
					]
				},
				{
					"name": "bone25",
					"parent": "bone24",
					"pivot": [12, 89.00761, -0.17431],
					"cubes": [
						{"origin": [11, 90.00761, -14.17431], "size": [4, 3, 15], "pivot": [12, 89.00761, -0.17431], "rotation": [7.5, 0, 0], "uv": [214, 221]}
					]
				},
				{
					"name": "bone26",
					"parent": "bone25",
					"pivot": [15.16309, 92.59685, -8.75375],
					"rotation": [36.00521, 18.74724, -23.85865],
					"cubes": [
						{"origin": [13.16309, 92.58166, -15.9274], "size": [6, 2, 3], "pivot": [15.16309, 92.59685, -8.75375], "rotation": [-15, 0, 0], "uv": [204, 67]},
						{"origin": [18.16309, 95.25991, -20.98345], "size": [1, 1, 5], "pivot": [18.16309, 94.2903, -16.63615], "rotation": [-62.5, 0, 17.5], "uv": [255, 184]},
						{"origin": [16.16309, 95.25991, -20.98345], "size": [1, 1, 5], "pivot": [17.16309, 94.2903, -16.63615], "rotation": [-65, 0, 0], "uv": [255, 178]},
						{"origin": [14.16309, 95.25991, -20.98345], "size": [1, 1, 5], "pivot": [15.16309, 94.2903, -16.63615], "rotation": [-62.5, 0, -15], "uv": [254, 227]},
						{"origin": [18.16309, 94.99844, -17.99487], "size": [1, 1, 5], "pivot": [18.16309, 94.02883, -13.64757], "rotation": [-82.5, 0, 17.5], "uv": [90, 232]}
					]
				},
				{
					"name": "bone27",
					"parent": "bone2",
					"pivot": [-8, 107.00761, -0.17431],
					"rotation": [0, 0, 17.5],
					"cubes": [
						{"origin": [-17, 98.99239, -3.82569], "size": [8, 10, 9], "uv": [0, 142]},
						{"origin": [-16, 89.99239, -2.82569], "size": [6, 9, 7], "uv": [98, 0]}
					]
				},
				{
					"name": "bone28",
					"parent": "bone27",
					"pivot": [-14, 89.00761, -0.17431],
					"cubes": [
						{"origin": [-15, 90.00761, -14.17431], "size": [4, 3, 15], "pivot": [-14, 89.00761, -0.17431], "rotation": [7.5, 0, 0], "uv": [142, 221]}
					]
				},
				{
					"name": "bone29",
					"parent": "bone28",
					"pivot": [-16.34669, 93.12486, -8.75375],
					"rotation": [36.00521, -18.74724, 23.85865],
					"cubes": [
						{"origin": [-18.34669, 93.10966, -15.9274], "size": [6, 2, 3], "pivot": [-16.34669, 93.12486, -8.75375], "rotation": [-15, 0, 0], "uv": [24, 104]},
						{"origin": [-14.34669, 95.78791, -20.98345], "size": [1, 1, 5], "pivot": [-13.34669, 94.8183, -16.63615], "rotation": [-62.5, 0, 15], "uv": [142, 228]},
						{"origin": [-16.34669, 95.78791, -20.98345], "size": [1, 1, 5], "pivot": [-15.34669, 94.8183, -16.63615], "rotation": [-65, 0, 2.5], "uv": [12, 225]},
						{"origin": [-18.34669, 95.78791, -20.98345], "size": [1, 1, 5], "pivot": [-17.34669, 94.8183, -16.63615], "rotation": [-62.5, 0, -17.5], "uv": [219, 129]},
						{"origin": [-18.34669, 95.52645, -17.99487], "size": [1, 1, 5], "pivot": [-17.34669, 94.55683, -13.64757], "rotation": [-82.5, 0, -17.5], "uv": [217, 67]}
					]
				},
				{
					"name": "bone3",
					"parent": "bone2",
					"pivot": [0, 107, 4],
					"cubes": [
						{"origin": [-11, 108, -9], "size": [22, 5, 26], "uv": [98, 0]}
					]
				},
				{
					"name": "bone4",
					"parent": "bone3",
					"pivot": [0, 118, 5],
					"cubes": [
						{"origin": [-7, 110.42213, 11.24553], "size": [14, 22, 6], "pivot": [0, 106.42213, 11.24553], "rotation": [17.5, 0, 0], "uv": [0, 0]},
						{"origin": [-7, 111, -5], "size": [14, 23, 15], "uv": [0, 318]},
						{"origin": [-6, 110.08831, -9.57931], "size": [12, 22, 15], "pivot": [0, 106.08831, 0.42069], "rotation": [-10, 0, 0], "uv": [129, 322]}
					]
				},
				{
					"name": "bone50",
					"parent": "bone4",
					"pivot": [0, 115.43735, 13.89691],
					"cubes": [
						{"origin": [-2, 111.6375, 12.43897], "size": [3, 4, 8], "pivot": [0, 115.52451, 12.90071], "rotation": [22.5, 0, 0], "uv": [271, 360]},
						{"origin": [-1, 116.40479, 14.55373], "size": [1, 1, 6], "pivot": [0, 115.52451, 12.90071], "rotation": [-37.5, 0, 0], "uv": [142, 221]},
						{"origin": [-1, 119.70347, 17.0093], "size": [1, 1, 5], "pivot": [0, 115.52451, 12.90071], "rotation": [-37.5, 0, 0], "uv": [111, 211]},
						{"origin": [-1, 111.89511, 11.80001], "size": [1, 1, 7], "pivot": [0, 115.52451, 12.90071], "rotation": [70, 0, 0], "uv": [219, 23]},
						{"origin": [-1, 109.25615, 14.54239], "size": [1, 1, 6], "pivot": [0, 115.52451, 12.90071], "rotation": [70, 0, 0], "uv": [220, 0]}
					]
				},
				{
					"name": "bone51",
					"parent": "bone4",
					"pivot": [0, 122.8465, 9.52602],
					"cubes": [
						{"origin": [-2, 119.04664, 8.06808], "size": [3, 4, 8], "pivot": [0, 122.93365, 8.52983], "rotation": [22.5, 0, 0], "uv": [223, 147]},
						{"origin": [-1, 122.20204, 4.65266], "size": [1, 1, 9], "pivot": [0, 122.93365, 8.52983], "rotation": [70, 0, 0], "uv": [390, 19]},
						{"origin": [-1, 121.05255, 6.57065], "size": [1, 1, 9], "pivot": [0, 122.93365, 8.52983], "rotation": [-37.5, 0, 0], "uv": [221, 390]},
						{"origin": [-1, 123.81394, 10.18284], "size": [1, 1, 6], "pivot": [0, 122.93365, 8.52983], "rotation": [-35, 0, 0], "uv": [65, 218]},
						{"origin": [-1, 123.95602, 12.44894], "size": [1, 1, 5], "pivot": [0, 122.93365, 8.52983], "rotation": [-20, 0, 0], "uv": [180, 31]},
						{"origin": [-1, 119.30426, 7.42912], "size": [1, 1, 7], "pivot": [0, 122.93365, 8.52983], "rotation": [70, 0, 0], "uv": [102, 211]},
						{"origin": [-1, 117.37241, 8.94676], "size": [1, 1, 6], "pivot": [0, 122.93365, 8.52983], "rotation": [70, 0, 0], "uv": [217, 185]},
						{"origin": [-1, 120.20867, 11.93935], "size": [1, 1, 6], "pivot": [0, 122.93365, 8.52983], "rotation": [27.5, 0, 0], "uv": [217, 178]}
					]
				},
				{
					"name": "bone52",
					"parent": "bone4",
					"pivot": [0, 130.16848, 6.15133],
					"cubes": [
						{"origin": [-2, 126.36862, 4.69339], "size": [3, 4, 8], "pivot": [0, 130.25563, 5.15514], "rotation": [22.5, 0, 0], "uv": [88, 211]},
						{"origin": [-1, 129.52402, 1.27797], "size": [1, 1, 9], "pivot": [0, 130.25563, 5.15514], "rotation": [70, 0, 0], "uv": [295, 152]},
						{"origin": [-1, 128.37453, 3.19596], "size": [1, 1, 9], "pivot": [0, 130.25563, 5.15514], "rotation": [-37.5, 0, 0], "uv": [24, 94]},
						{"origin": [-1, 131.13592, 6.80815], "size": [1, 1, 6], "pivot": [0, 130.25563, 5.15514], "rotation": [-35, 0, 0], "uv": [65, 211]},
						{"origin": [-1, 131.278, 9.07425], "size": [1, 1, 5], "pivot": [0, 130.25563, 5.15514], "rotation": [-20, 0, 0], "uv": [123, 96]},
						{"origin": [-1, 126.62624, 4.05443], "size": [1, 1, 7], "pivot": [0, 130.25563, 5.15514], "rotation": [70, 0, 0], "uv": [187, 30]},
						{"origin": [-1, 124.69439, 5.57207], "size": [1, 1, 6], "pivot": [0, 130.25563, 5.15514], "rotation": [70, 0, 0], "uv": [124, 183]},
						{"origin": [-1, 127.53065, 8.56466], "size": [1, 1, 6], "pivot": [0, 130.25563, 5.15514], "rotation": [27.5, 0, 0], "uv": [124, 176]}
					]
				},
				{
					"name": "bone5",
					"parent": "bone4",
					"pivot": [0, 130.99619, 2.08716],
					"cubes": [
						{"origin": [-6, 128.76395, -2.12192], "size": [12, 7, 13], "pivot": [0, 127.76395, 2.87808], "rotation": [27.5, 0, 0], "uv": [314, 29]}
					]
				},
				{
					"name": "bone6",
					"parent": "bone5",
					"pivot": [0, 134.76395, 2.87808],
					"rotation": [2.5, 0, 0],
					"cubes": [
						{"origin": [-5, 129.26438, -8.47603], "size": [10, 10, 11], "pivot": [0, 134.12116, 3.11203], "rotation": [-50, 0, 0], "uv": [0, 73]},
						{"origin": [-5, 138.30413, -11.3967], "size": [10, 8, 11], "uv": [92, 96]},
						{"origin": [-5, 142.30413, -15.3967], "size": [10, 2, 4], "uv": [131, 31]},
						{"origin": [-5, 137.30413, -23.3967], "size": [10, 5, 12], "uv": [0, 28]},
						{"origin": [-5, 135.29557, -23.26717], "size": [1, 2, 0], "uv": [44, 0]},
						{"origin": [-2, 135.29557, -23.26717], "size": [1, 2, 0], "uv": [44, 44]},
						{"origin": [0, 135.29557, -23.26717], "size": [1, 2, 0], "uv": [42, 37]},
						{"origin": [2, 135.29557, -23.26717], "size": [1, 2, 0], "uv": [40, 37]},
						{"origin": [4, 135.29557, -23.26717], "size": [1, 2, 0], "uv": [40, 0]},
						{"origin": [-5, 135.4261, -22.25761], "size": [0, 2, 1], "uv": [36, 0]},
						{"origin": [5, 135.4261, -22.25761], "size": [0, 2, 1], "uv": [36, 36]},
						{"origin": [-5, 136.02597, -19.15275], "size": [0, 2, 1], "uv": [34, 36]},
						{"origin": [5, 136.02597, -19.15275], "size": [0, 2, 1], "uv": [32, 36]},
						{"origin": [-5, 135.76491, -17.16986], "size": [0, 2, 1], "uv": [10, 36]},
						{"origin": [5, 135.76491, -17.16986], "size": [0, 2, 1], "uv": [8, 36]},
						{"origin": [-5, 135.50386, -15.18697], "size": [0, 2, 1], "uv": [6, 36]},
						{"origin": [5, 135.50386, -15.18697], "size": [0, 2, 1], "uv": [4, 36]},
						{"origin": [-5, 135.11228, -12.21264], "size": [0, 3, 1], "uv": [9, 27]},
						{"origin": [5, 136.10373, -12.08211], "size": [0, 3, 1], "uv": [0, 27]},
						{"origin": [-3, 139.30413, -22.3967], "size": [6, 4, 6], "uv": [98, 16]},
						{"origin": [-5, 144.45851, -17.1632], "size": [10, 2, 6], "pivot": [0, 145.3153, -10.57514], "rotation": [12.5, 0, 0], "uv": [194, 22]},
						{"origin": [-5, 144.73676, -19.69933], "size": [10, 2, 3], "pivot": [0, 145.59355, -16.11127], "rotation": [90, 0, 0], "uv": [159, 31]},
						{"origin": [-5, 132.87625, -7.05714], "size": [10, 7, 7], "uv": [0, 161]}
					]
				},
				{
					"name": "bone7",
					"parent": "bone6",
					"pivot": [0, 133.7554, -5.99139],
					"cubes": [
						{"origin": [-5, 131.7554, -9.99139], "size": [10, 5, 7], "uv": [180, 115]},
						{"origin": [4, 135.07505, -10.94677], "size": [1, 6, 7], "pivot": [0, 133.7554, -5.99139], "rotation": [-20, 0, 0], "uv": [165, 221]},
						{"origin": [-5, 135.04353, -10.9166], "size": [1, 6, 7], "pivot": [0, 133.7554, -5.99139], "rotation": [-20, 0, 0], "uv": [0, 94]},
						{"origin": [-4, 132.7554, -21.99139], "size": [8, 1, 13], "uv": [239, 55]}
					]
				},
				{
					"name": "bone9",
					"parent": "bone7",
					"pivot": [5, 133.7554, -9.99139],
					"cubes": [
						{"origin": [3, 132.7554, -22.99139], "size": [2, 3, 13], "uv": [336, 0]},
						{"origin": [5, 136.75254, -23.03501], "size": [0, 2, 1], "pivot": [5, 133.7554, -9.99139], "rotation": [5, 0, 0], "uv": [2, 36]},
						{"origin": [4, 136.75254, -23.03501], "size": [1, 2, 0], "pivot": [5, 133.7554, -9.99139], "rotation": [5, 0, 0], "uv": [38, 4]},
						{"origin": [1, 136.75254, -23.03501], "size": [1, 2, 0], "pivot": [5, 133.7554, -9.99139], "rotation": [5, 0, 0], "uv": [38, 2]},
						{"origin": [5, 135.66531, -19.03692], "size": [0, 2, 1], "pivot": [5, 133.7554, -9.99139], "rotation": [2.5, 0, 0], "uv": [0, 36]},
						{"origin": [5, 135.66531, -17.03692], "size": [0, 2, 1], "pivot": [5, 133.7554, -9.99139], "rotation": [2.5, 0, 0], "uv": [34, 2]},
						{"origin": [5, 135.66531, -14.03692], "size": [0, 3, 1], "pivot": [5, 133.7554, -9.99139], "rotation": [2.5, 0, 0], "uv": [4, 0]},
						{"origin": [5, 135.66531, -21.03692], "size": [0, 3, 1], "pivot": [5, 133.7554, -9.99139], "rotation": [2.5, 0, 0], "uv": [2, 2]},
						{"origin": [0, 132.7554, -20.99139], "size": [5, 1, 11], "uv": [342, 95]},
						{"origin": [0, 132.7554, -22.99139], "size": [3, 3, 2], "uv": [76, 269]}
					]
				},
				{
					"name": "bone8",
					"parent": "bone7",
					"pivot": [-5, 133.7554, -9.99139],
					"cubes": [
						{"origin": [-5, 132.7554, -22.99139], "size": [2, 3, 13], "uv": [261, 284]},
						{"origin": [-5, 135.7535, -23.07863], "size": [0, 2, 1], "uv": [34, 0]},
						{"origin": [-5, 135.7535, -23.07863], "size": [1, 2, 0], "uv": [38, 0]},
						{"origin": [-3, 135.7535, -23.07863], "size": [1, 2, 0], "uv": [38, 38]},
						{"origin": [-1, 135.7535, -23.07863], "size": [1, 2, 0], "uv": [36, 3]},
						{"origin": [-5, 135.78379, -20.69026], "size": [0, 2, 1], "pivot": [-5, 133.7554, -9.99139], "rotation": [2.5, 0, 0], "uv": [32, 27]},
						{"origin": [-5, 135.78379, -18.69026], "size": [0, 3, 1], "pivot": [-5, 133.7554, -9.99139], "rotation": [2.5, 0, 0], "uv": [0, 0]},
						{"origin": [-5, 135.78379, -14.69026], "size": [0, 2, 1], "pivot": [-5, 133.7554, -9.99139], "rotation": [2.5, 0, 0], "uv": [4, 3]},
						{"origin": [-5, 135.52274, -12.70737], "size": [0, 2, 1], "pivot": [-5, 133.7554, -9.99139], "rotation": [2.5, 0, 0], "uv": [0, 3]},
						{"origin": [-5, 134.78379, -16.69026], "size": [0, 2, 1], "pivot": [-5, 133.7554, -9.99139], "rotation": [2.5, 0, 0], "uv": [2, 0]},
						{"origin": [-5, 132.7554, -20.99139], "size": [5, 1, 11], "uv": [336, 68]},
						{"origin": [-3, 132.7554, -22.99139], "size": [3, 3, 2], "uv": [53, 269]}
					]
				},
				{
					"name": "bone16",
					"parent": "bone",
					"pivot": [0, 47.31987, 10.4857],
					"rotation": [-20, 0, 0],
					"cubes": [
						{"origin": [-14, 19.91795, -7.0143], "size": [28, 35, 34], "pivot": [0, 47.31987, 10.4857], "rotation": [55, 0, 0], "uv": [0, 142]}
					]
				},
				{
					"name": "bone46",
					"parent": "bone16",
					"pivot": [11, 55.14444, 26.44589],
					"cubes": [
						{"origin": [8, 51.39947, 27.45257], "size": [3, 5, 10], "pivot": [11, 52.27815, 29.57389], "rotation": [47.5, 0, 0], "uv": [72, 365]},
						{"origin": [9, 54.39947, 27.45257], "size": [1, 1, 10], "pivot": [11, 52.27815, 29.57389], "rotation": [90, 0, 0], "uv": [343, 330]},
						{"origin": [9, 52.44405, 28.49524], "size": [1, 1, 10], "pivot": [11, 52.27815, 29.57389], "rotation": [90, 0, 0], "uv": [292, 240]},
						{"origin": [9, 50.53319, 30.58057], "size": [1, 1, 9], "pivot": [11, 52.27815, 29.57389], "rotation": [90, 0, 0], "uv": [261, 387]},
						{"origin": [9, 52.53319, 27.58057], "size": [1, 1, 9], "pivot": [11, 52.27815, 29.57389], "rotation": [2.5, 0, 0], "uv": [241, 387]},
						{"origin": [9, 54.53319, 28.58057], "size": [1, 1, 9], "pivot": [11, 52.27815, 29.57389], "rotation": [2.5, 0, 0], "uv": [119, 387]},
						{"origin": [9, 56.53319, 29.58057], "size": [1, 1, 9], "pivot": [11, 52.27815, 29.57389], "rotation": [2.5, 0, 0], "uv": [386, 125]},
						{"origin": [9, 51.37259, 32.80055], "size": [1, 1, 9], "pivot": [11, 52.27815, 29.57389], "rotation": [70, 0, 0], "uv": [386, 99]},
						{"origin": [9, 56.97868, 31.19687], "size": [1, 1, 9], "pivot": [11, 52.27815, 29.57389], "rotation": [17.5, 0, 0], "uv": [386, 89]}
					]
				},
				{
					"name": "bone45",
					"parent": "bone16",
					"pivot": [-9, 55.14444, 26.44589],
					"cubes": [
						{"origin": [-12, 51.39947, 27.45257], "size": [3, 5, 10], "pivot": [-9, 52.27815, 29.57389], "rotation": [47.5, 0, 0], "uv": [72, 365]},
						{"origin": [-11, 54.39947, 27.45257], "size": [1, 1, 10], "pivot": [-9, 52.27815, 29.57389], "rotation": [90, 0, 0], "uv": [343, 330]},
						{"origin": [-11, 52.44405, 28.49524], "size": [1, 1, 10], "pivot": [-9, 52.27815, 29.57389], "rotation": [90, 0, 0], "uv": [292, 240]},
						{"origin": [-11, 50.53319, 30.58057], "size": [1, 1, 9], "pivot": [-9, 52.27815, 29.57389], "rotation": [90, 0, 0], "uv": [261, 387]},
						{"origin": [-11, 52.53319, 27.58057], "size": [1, 1, 9], "pivot": [-9, 52.27815, 29.57389], "rotation": [2.5, 0, 0], "uv": [241, 387]},
						{"origin": [-11, 54.53319, 28.58057], "size": [1, 1, 9], "pivot": [-9, 52.27815, 29.57389], "rotation": [2.5, 0, 0], "uv": [119, 387]},
						{"origin": [-11, 56.53319, 29.58057], "size": [1, 1, 9], "pivot": [-9, 52.27815, 29.57389], "rotation": [2.5, 0, 0], "uv": [386, 125]},
						{"origin": [-11, 51.37259, 32.80055], "size": [1, 1, 9], "pivot": [-9, 52.27815, 29.57389], "rotation": [70, 0, 0], "uv": [386, 99]},
						{"origin": [-11, 56.97868, 31.19687], "size": [1, 1, 9], "pivot": [-9, 52.27815, 29.57389], "rotation": [17.5, 0, 0], "uv": [386, 89]}
					]
				},
				{
					"name": "bone43",
					"parent": "bone16",
					"pivot": [-3, 55.14444, 26.44589],
					"cubes": [
						{"origin": [-6, 51.39947, 27.45257], "size": [3, 5, 10], "pivot": [-3, 52.27815, 29.57389], "rotation": [47.5, 0, 0], "uv": [72, 365]},
						{"origin": [-5, 54.39947, 27.45257], "size": [1, 1, 10], "pivot": [-3, 52.27815, 29.57389], "rotation": [90, 0, 0], "uv": [343, 330]},
						{"origin": [-5, 52.44405, 28.49524], "size": [1, 1, 10], "pivot": [-3, 52.27815, 29.57389], "rotation": [90, 0, 0], "uv": [292, 240]},
						{"origin": [-5, 50.53319, 30.58057], "size": [1, 1, 9], "pivot": [-3, 52.27815, 29.57389], "rotation": [90, 0, 0], "uv": [261, 387]},
						{"origin": [-5, 52.53319, 27.58057], "size": [1, 1, 9], "pivot": [-3, 52.27815, 29.57389], "rotation": [2.5, 0, 0], "uv": [241, 387]},
						{"origin": [-5, 54.53319, 28.58057], "size": [1, 1, 9], "pivot": [-3, 52.27815, 29.57389], "rotation": [2.5, 0, 0], "uv": [119, 387]},
						{"origin": [-5, 56.53319, 29.58057], "size": [1, 1, 9], "pivot": [-3, 52.27815, 29.57389], "rotation": [2.5, 0, 0], "uv": [386, 125]},
						{"origin": [-5, 51.37259, 32.80055], "size": [1, 1, 9], "pivot": [-3, 52.27815, 29.57389], "rotation": [70, 0, 0], "uv": [386, 99]},
						{"origin": [-5, 56.97868, 31.19687], "size": [1, 1, 9], "pivot": [-3, 52.27815, 29.57389], "rotation": [17.5, 0, 0], "uv": [386, 89]}
					]
				},
				{
					"name": "bone44",
					"parent": "bone16",
					"pivot": [3, 55.14444, 26.44589],
					"cubes": [
						{"origin": [0, 51.39947, 27.45257], "size": [3, 5, 10], "pivot": [3, 52.27815, 29.57389], "rotation": [47.5, 0, 0], "uv": [72, 365]},
						{"origin": [1, 54.39947, 27.45257], "size": [1, 1, 10], "pivot": [3, 52.27815, 29.57389], "rotation": [90, 0, 0], "uv": [343, 330]},
						{"origin": [1, 52.44405, 28.49524], "size": [1, 1, 10], "pivot": [3, 52.27815, 29.57389], "rotation": [90, 0, 0], "uv": [292, 240]},
						{"origin": [1, 50.53319, 30.58057], "size": [1, 1, 9], "pivot": [3, 52.27815, 29.57389], "rotation": [90, 0, 0], "uv": [261, 387]},
						{"origin": [1, 52.53319, 27.58057], "size": [1, 1, 9], "pivot": [3, 52.27815, 29.57389], "rotation": [2.5, 0, 0], "uv": [241, 387]},
						{"origin": [1, 54.53319, 28.58057], "size": [1, 1, 9], "pivot": [3, 52.27815, 29.57389], "rotation": [2.5, 0, 0], "uv": [119, 387]},
						{"origin": [1, 56.53319, 29.58057], "size": [1, 1, 9], "pivot": [3, 52.27815, 29.57389], "rotation": [2.5, 0, 0], "uv": [386, 125]},
						{"origin": [1, 51.37259, 32.80055], "size": [1, 1, 9], "pivot": [3, 52.27815, 29.57389], "rotation": [70, 0, 0], "uv": [386, 99]},
						{"origin": [1, 56.97868, 31.19687], "size": [1, 1, 9], "pivot": [3, 52.27815, 29.57389], "rotation": [17.5, 0, 0], "uv": [386, 89]}
					]
				},
				{
					"name": "bone47",
					"parent": "bone16",
					"pivot": [7, 45.50291, 34.87447],
					"rotation": [7.5, 0, 0],
					"cubes": [
						{"origin": [4, 41.75795, 35.88115], "size": [3, 5, 10], "pivot": [7, 42.63663, 38.00247], "rotation": [47.5, 0, 0], "uv": [46, 365]},
						{"origin": [5, 42.80252, 36.92382], "size": [1, 1, 10], "pivot": [7, 42.63663, 38.00247], "rotation": [90, 0, 0], "uv": [283, 152]},
						{"origin": [5, 40.89166, 39.00915], "size": [1, 1, 9], "pivot": [7, 42.63663, 38.00247], "rotation": [90, 0, 0], "uv": [385, 386]},
						{"origin": [5, 44.89166, 37.00915], "size": [1, 1, 9], "pivot": [7, 42.63663, 38.00247], "rotation": [2.5, 0, 0], "uv": [337, 386]},
						{"origin": [5, 46.89166, 38.00915], "size": [1, 1, 9], "pivot": [7, 42.63663, 38.00247], "rotation": [2.5, 0, 0], "uv": [317, 386]},
						{"origin": [5, 41.73107, 41.22913], "size": [1, 1, 9], "pivot": [7, 42.63663, 38.00247], "rotation": [70, 0, 0], "uv": [168, 386]},
						{"origin": [5, 47.33715, 39.62545], "size": [1, 1, 9], "pivot": [7, 42.63663, 38.00247], "rotation": [17.5, 0, 0], "uv": [385, 308]}
					]
				},
				{
					"name": "bone48",
					"parent": "bone16",
					"pivot": [0, 45.50291, 34.87447],
					"rotation": [7.5, 0, 0],
					"cubes": [
						{"origin": [-3, 41.75795, 35.88115], "size": [3, 5, 10], "pivot": [0, 42.63663, 38.00247], "rotation": [47.5, 0, 0], "uv": [363, 180]},
						{"origin": [-2, 42.80252, 36.92382], "size": [1, 1, 10], "pivot": [0, 42.63663, 38.00247], "rotation": [90, 0, 0], "uv": [237, 221]},
						{"origin": [-2, 40.89166, 39.00915], "size": [1, 1, 9], "pivot": [0, 42.63663, 38.00247], "rotation": [90, 0, 0], "uv": [385, 298]},
						{"origin": [-2, 44.89166, 37.00915], "size": [1, 1, 9], "pivot": [0, 42.63663, 38.00247], "rotation": [2.5, 0, 0], "uv": [385, 111]},
						{"origin": [-2, 46.89166, 38.00915], "size": [1, 1, 9], "pivot": [0, 42.63663, 38.00247], "rotation": [2.5, 0, 0], "uv": [374, 385]},
						{"origin": [-2, 41.73107, 41.22913], "size": [1, 1, 9], "pivot": [0, 42.63663, 38.00247], "rotation": [70, 0, 0], "uv": [376, 338]},
						{"origin": [-2, 47.33715, 39.62545], "size": [1, 1, 9], "pivot": [0, 42.63663, 38.00247], "rotation": [17.5, 0, 0], "uv": [62, 365]}
					]
				},
				{
					"name": "bone49",
					"parent": "bone16",
					"pivot": [-6, 45.50291, 34.87447],
					"rotation": [7.5, 0, 0],
					"cubes": [
						{"origin": [-9, 41.75795, 35.88115], "size": [3, 5, 10], "pivot": [-6, 42.63663, 38.00247], "rotation": [47.5, 0, 0], "uv": [153, 363]},
						{"origin": [-8, 42.80252, 36.92382], "size": [1, 1, 10], "pivot": [-6, 42.63663, 38.00247], "rotation": [90, 0, 0], "uv": [0, 225]},
						{"origin": [-8, 40.89166, 39.00915], "size": [1, 1, 9], "pivot": [-6, 42.63663, 38.00247], "rotation": [90, 0, 0], "uv": [143, 359]},
						{"origin": [-8, 44.89166, 37.00915], "size": [1, 1, 9], "pivot": [-6, 42.63663, 38.00247], "rotation": [2.5, 0, 0], "uv": [345, 358]},
						{"origin": [-8, 46.89166, 38.00915], "size": [1, 1, 9], "pivot": [-6, 42.63663, 38.00247], "rotation": [2.5, 0, 0], "uv": [18, 356]},
						{"origin": [-8, 41.73107, 41.22913], "size": [1, 1, 9], "pivot": [-6, 42.63663, 38.00247], "rotation": [70, 0, 0], "uv": [353, 0]},
						{"origin": [-8, 47.33715, 39.62545], "size": [1, 1, 9], "pivot": [-6, 42.63663, 38.00247], "rotation": [17.5, 0, 0], "uv": [345, 190]}
					]
				},
				{
					"name": "bone17",
					"parent": "bone16",
					"pivot": [0, 30.31987, 32.4857],
					"rotation": [5, 0, 0],
					"cubes": [
						{"origin": [-13, 18.75565, 23.50472], "size": [26, 27, 46], "uv": [0, 0]}
					]
				},
				{
					"name": "bone53",
					"parent": "bone17",
					"pivot": [4, 44.00095, 50.04362],
					"cubes": [
						{"origin": [1, 44.00095, 50.04362], "size": [3, 6, 3], "uv": [31, 73]},
						{"origin": [2, 42.69065, 50.68459], "size": [1, 6, 1], "pivot": [4, 44.13181, 53.04076], "rotation": [-52.5, 0, 0], "uv": [40, 109]},
						{"origin": [2, 43.8378, 49.04628], "size": [1, 6, 1], "pivot": [4, 44.13181, 53.04076], "rotation": [-52.5, 0, 0], "uv": [98, 86]},
						{"origin": [2, 44.90726, 52.621], "size": [1, 6, 1], "pivot": [4, 44.13181, 53.04076], "rotation": [57.5, 0, 0], "uv": [104, 73]},
						{"origin": [2, 45.90726, 51.621], "size": [1, 6, 1], "pivot": [4, 44.13181, 53.04076], "rotation": [2.5, 0, 0], "uv": [98, 31]},
						{"origin": [2, 45.23526, 54.83288], "size": [1, 6, 1], "pivot": [4, 44.13181, 53.04076], "rotation": [57.5, 0, 0], "uv": [102, 31]}
					]
				},
				{
					"name": "bone55",
					"parent": "bone17",
					"pivot": [1, 43.35086, 58.07962],
					"cubes": [
						{"origin": [-2, 43.35086, 58.07962], "size": [3, 6, 3], "uv": [0, 28]},
						{"origin": [-1, 42.04056, 58.72059], "size": [1, 6, 1], "pivot": [1, 43.48172, 61.07677], "rotation": [-52.5, 0, 0], "uv": [24, 94]},
						{"origin": [-1, 43.18771, 57.08229], "size": [1, 6, 1], "pivot": [1, 43.48172, 61.07677], "rotation": [-52.5, 0, 0], "uv": [9, 94]},
						{"origin": [-1, 44.25717, 60.65701], "size": [1, 6, 1], "pivot": [1, 43.48172, 61.07677], "rotation": [57.5, 0, 0], "uv": [0, 94]},
						{"origin": [-1, 45.25717, 59.65701], "size": [1, 6, 1], "pivot": [1, 43.48172, 61.07677], "rotation": [2.5, 0, 0], "uv": [6, 73]},
						{"origin": [-1, 44.58517, 62.86889], "size": [1, 6, 1], "pivot": [1, 43.48172, 61.07677], "rotation": [57.5, 0, 0], "uv": [41, 24]}
					]
				},
				{
					"name": "bone54",
					"parent": "bone17",
					"pivot": [-3, 44.00095, 50.04362],
					"cubes": [
						{"origin": [-6, 44.00095, 50.04362], "size": [3, 6, 3], "uv": [32, 28]},
						{"origin": [-5, 42.69065, 50.68459], "size": [1, 6, 1], "pivot": [-3, 44.13181, 53.04076], "rotation": [-52.5, 0, 0], "uv": [98, 0]},
						{"origin": [-5, 43.8378, 49.04628], "size": [1, 6, 1], "pivot": [-3, 44.13181, 53.04076], "rotation": [-52.5, 0, 0], "uv": [92, 97]},
						{"origin": [-5, 44.90726, 52.621], "size": [1, 6, 1], "pivot": [-3, 44.13181, 53.04076], "rotation": [57.5, 0, 0], "uv": [39, 94]},
						{"origin": [-5, 45.90726, 51.621], "size": [1, 6, 1], "pivot": [-3, 44.13181, 53.04076], "rotation": [2.5, 0, 0], "uv": [35, 94]},
						{"origin": [-5, 45.23526, 54.83288], "size": [1, 6, 1], "pivot": [-3, 44.13181, 53.04076], "rotation": [57.5, 0, 0], "uv": [28, 94]}
					]
				},
				{
					"name": "bone18",
					"parent": "bone17",
					"pivot": [0, 31.01712, 63.51614],
					"rotation": [-2.5, 0, 0],
					"cubes": [
						{"origin": [-12, 18.65075, 61.48735], "size": [24, 25, 44], "pivot": [0, 31.54006, 63.53897], "rotation": [35, 0, 0], "uv": [0, 73]},
						{"origin": [2, 25.65075, 74.48735], "size": [1, 22, 2], "pivot": [0, 31.54006, 63.53897], "rotation": [35, 0, 0], "uv": [148, 163]},
						{"origin": [-4, 25.65075, 74.48735], "size": [1, 22, 2], "pivot": [0, 31.54006, 63.53897], "rotation": [35, 0, 0], "uv": [142, 163]},
						{"origin": [-4, 25.72563, 78.09212], "size": [1, 22, 2], "pivot": [0, 31.54006, 63.53897], "rotation": [35, 0, 0], "uv": [92, 73]},
						{"origin": [2, 25.72563, 78.09212], "size": [1, 22, 2], "pivot": [0, 31.54006, 63.53897], "rotation": [35, 0, 0], "uv": [40, 0]},
						{"origin": [2, 37.80052, 81.6969], "size": [1, 10, 2], "pivot": [0, 31.54006, 63.53897], "rotation": [35, 0, 0], "uv": [240, 240]},
						{"origin": [-4, 37.80052, 81.6969], "size": [1, 10, 2], "pivot": [0, 31.54006, 63.53897], "rotation": [35, 0, 0], "uv": [239, 129]},
						{"origin": [-4, 37.8754, 85.30167], "size": [1, 10, 2], "pivot": [0, 31.54006, 63.53897], "rotation": [35, 0, 0], "uv": [234, 239]},
						{"origin": [2, 37.8754, 85.30167], "size": [1, 10, 2], "pivot": [0, 31.54006, 63.53897], "rotation": [35, 0, 0], "uv": [102, 84]},
						{"origin": [2, 36.5696, 89.21254], "size": [1, 11, 2], "pivot": [0, 31.54006, 63.53897], "rotation": [35, 0, 0], "uv": [228, 7]},
						{"origin": [-1, 37.48787, 93.35461], "size": [1, 10, 2], "pivot": [0, 31.54006, 63.53897], "rotation": [35, 0, 0], "uv": [96, 95]},
						{"origin": [-1, 38.40615, 97.49668], "size": [1, 11, 2], "pivot": [0, 31.54006, 63.53897], "rotation": [35, 0, 0], "uv": [220, 221]},
						{"origin": [-1, 38.48103, 101.10146], "size": [1, 11, 2], "pivot": [0, 31.54006, 63.53897], "rotation": [35, 0, 0], "uv": [214, 221]},
						{"origin": [-1, 38.55591, 104.70623], "size": [1, 11, 2], "pivot": [0, 31.54006, 63.53897], "rotation": [35, 0, 0], "uv": [98, 73]},
						{"origin": [-4, 36.5696, 89.21254], "size": [1, 11, 2], "pivot": [0, 31.54006, 63.53897], "rotation": [35, 0, 0], "uv": [103, 223]}
					]
				},
				{
					"name": "bone19",
					"parent": "bone18",
					"pivot": [0, 55.54006, 96.53897],
					"cubes": [
						{"origin": [-11, 40.05851, 91.89619], "size": [22, 21, 43], "pivot": [0, 52.81294, 93.28892], "rotation": [60, 0, 0], "uv": [93, 99]},
						{"origin": [-1, 58.27661, 109.04347], "size": [1, 8, 2], "pivot": [0, 52.81294, 93.28892], "rotation": [60, 0, 0], "uv": [246, 239]},
						{"origin": [-1, 57.89563, 114.02893], "size": [1, 8, 2], "pivot": [0, 52.81294, 93.28892], "rotation": [60, 0, 0], "uv": [237, 221]},
						{"origin": [-1, 57.51465, 119.0144], "size": [1, 8, 2], "pivot": [0, 52.81294, 93.28892], "rotation": [60, 0, 0], "uv": [228, 20]},
						{"origin": [-1, 57.13368, 123.99986], "size": [1, 8, 2], "pivot": [0, 52.81294, 93.28892], "rotation": [60, 0, 0], "uv": [0, 225]},
						{"origin": [-1, 56.2154, 128.14193], "size": [1, 8, 2], "pivot": [0, 52.81294, 93.28892], "rotation": [60, 0, 0], "uv": [180, 127]},
						{"origin": [-1, 55.93992, 133.05005], "size": [1, 8, 2], "pivot": [0, 52.81294, 93.28892], "rotation": [60, 0, 0], "uv": [0, 73]}
					]
				},
				{
					"name": "bone20",
					"parent": "bone19",
					"pivot": [0, 83.81294, 113.28892],
					"rotation": [10, 0, 0],
					"cubes": [
						{"origin": [-10, 84.81294, 103.28892], "size": [20, 32, 18], "pivot": [0, 83.81294, 113.28892], "rotation": [-50, 0, 0], "uv": [234, 234]},
						{"origin": [-1, 89.81294, 100.28892], "size": [1, 1, 4], "pivot": [0, 83.81294, 113.28892], "rotation": [-50, 0, 0], "uv": [268, 60]},
						{"origin": [-1, 93.39665, 100.68519], "size": [1, 1, 4], "pivot": [0, 83.81294, 113.28892], "rotation": [-50, 0, 0], "uv": [268, 55]},
						{"origin": [-1, 96.98036, 101.08147], "size": [1, 1, 4], "pivot": [0, 83.81294, 113.28892], "rotation": [-50, 0, 0], "uv": [267, 228]},
						{"origin": [-1, 102.61569, 100.58844], "size": [1, 1, 4], "pivot": [0, 83.81294, 113.28892], "rotation": [-50, 0, 0], "uv": [261, 227]},
						{"origin": [-1, 106.19939, 100.98471], "size": [1, 1, 4], "pivot": [0, 83.81294, 113.28892], "rotation": [-50, 0, 0], "uv": [97, 232]},
						{"origin": [-1, 109.01706, 100.7382], "size": [1, 1, 4], "pivot": [0, 83.81294, 113.28892], "rotation": [-50, 0, 0], "uv": [224, 67]},
						{"origin": [-1, 112.60077, 101.13447], "size": [1, 1, 4], "pivot": [0, 83.81294, 113.28892], "rotation": [-50, 0, 0], "uv": [123, 102]},
						{"origin": [-1, 99.79802, 100.83495], "size": [1, 1, 4], "pivot": [0, 83.81294, 113.28892], "rotation": [-50, 0, 0], "uv": [237, 147]}
					]
				},
				{
					"name": "bone21",
					"parent": "bone20",
					"pivot": [0, 103.81294, 136.28892],
					"cubes": [
						{"origin": [-9, 97.07725, 134.73534], "size": [18, 15, 30], "pivot": [0, 101.99486, 134.12222], "rotation": [17.5, 0, 0], "uv": [217, 133]}
					]
				},
				{
					"name": "bone22",
					"parent": "bone21",
					"pivot": [0, 109.99486, 158.12222],
					"cubes": [
						{"origin": [-8, 106.99486, 158.12222], "size": [16, 13, 25], "uv": [279, 55]}
					]
				},
				{
					"name": "bone23",
					"parent": "bone22",
					"pivot": [0, 111.99486, 183.12222],
					"cubes": [
						{"origin": [-6, 109.03848, 182.12317], "size": [12, 9, 18], "pivot": [0, 111.99486, 183.12222], "rotation": [-2.5, 0, 0], "uv": [58, 323]},
						{"origin": [-6, 115.03753, 182.07955], "size": [12, 4, 14], "pivot": [0, 111.99486, 183.12222], "rotation": [-7.5, 0, 0], "uv": [217, 178]},
						{"origin": [-6, 108.15795, 181.08459], "size": [12, 3, 14], "pivot": [0, 111.99486, 183.12222], "rotation": [7.5, 0, 0], "uv": [304, 93]},
						{"origin": [-6, 113.296, 199.15061], "size": [12, 5, 9], "pivot": [0, 111.99486, 183.12222], "rotation": [-2.5, 0, 0], "uv": [98, 31]},
						{"origin": [-6, 106.37092, 198.32681], "size": [12, 4, 9], "pivot": [0, 111.99486, 183.12222], "rotation": [7.5, 0, 0], "uv": [100, 323]}
					]
				}
			]
		}
	]
}