{
	"format_version": "1.8.0",
	"animations": {
    "animation.godzilla.look_at_target": {
      "loop": true,
      "bones": {
		"body" : {
			"rotation" : [ 0.0, "variable.attack_body_rot_y - this", 0.0 ]
		},
        "head": {
          "rotation": [ "Math.clamp(query.target_x_rotation, -15, 15)", "Math.clamp(query.target_y_rotation, -45, 45)", "Math.clamp(query.target_z_rotation, -45, 45)" ]        }
      }
    },
		"animation.godzilla.attack1" : {
			"bones" : {
				"body" : {
					"rotation" : [ 0.0, "10 - variable.attack_body_rot_y - this", 0.0 ]
				},
				"right_arm" : {
					"rotation" : [
"(variable.attack4 * 2 - variable.attack3 * 30)", 
"(variable.attack4 * 15 - variable.attack3 * 15)",
0.0
                    ]
				}
			},
			"loop" : true
		},

		"animation.godzilla.attack2" : {
			"bones" : {
				"body" : {
					"rotation" : [ 0.0, "-10 - variable.attack_body_rot_y - this", 0.0 ]
				},
				"left_arm" : {
					"rotation" : [
"(variable.attack4 * 2 - variable.attack3 * 30)",
"(variable.attack4 * -12 - variable.attack3 * -12)",
0.0 
                    ]
				}
			},
			"loop" : true
		},

		"animation.godzilla.general": {
			"loop": true,
			"animation_length": 8,
			"bones": {
				"body": {
					"rotation": {
						"0.0": [0, 0, 0],
						"4.0": [2.5, 0, 0],
						"8.0": [0, 0, 0]
					},
					"position": {
						"0.0": [0, 0, 0],
						"4.0": [0, -1, 0],
						"8.0": [0, 0, 0]
					}
				},
				"tail7": {
					"rotation": {
						"0.0": [0, 0, 0],
						"2.0": [0, 5, 0],
						"6.0": [0, -5, 0],
						"8.0": [0, 0, 0]
					}
				},
				"tail1": {
					"rotation": [
0, 0, "(math.cos(query.life_time * 10.0 * 5.5) * 7.5)"
					]
				},
				"tail2": {
					"rotation": [
0, 0, "(math.cos(query.life_time * 10.0 * 5.5) * 7.5)"
					]
				},
				"tail3": {
					"rotation": [
0, 0, "(math.cos(query.life_time * 10.0 * 5.5) * 7.5)"
					]
				},
				"tail4": {
					"rotation": [
0, 0, "(math.cos(query.life_time * 10.0 * 5.5) * 7.5)"
					]
				},
				"tail5": {
					"rotation": [
0, 0, "(math.cos(query.life_time * 10.0 * 5.5) * 7.5)"
					]
				},
				"tail6": {
					"rotation": [
0, 0, "(math.cos(query.life_time * 10.0 * 5.5) * 7.5)"
					]
				},
				"thigh0": {
					"rotation": {
						"0.0": [0, 0, 0],
						"4.0": [0, 0, 0],
						"8.0": [0, 0, 0]
					},
					"position": {
						"0.0": [0, 0, 0],
						"4.0": [0, -1, 0],
						"8.0": [0, 0, 0]
					}
				},
				"thigh1": {
					"rotation": {
						"0.0": [0, 0, 0],
						"4.0": [0, 0, 0],
						"8.0": [0, 0, 0]
					},
					"position": {
						"0.0": [0, 0, 0],
						"4.0": [0, -1, 0],
						"8.0": [0, 0, 0]
					}
				},
				"xiae": {
					"rotation": {
						"0.0": [0, 0, 0],
						"2.0": [15, 0, 0],
						"4.0": [0, 0, 0],
						"6.0": [15, 0, 0],
						"8.0": [0, 0, 0]
					}
				},
				"right_arm": {
					"rotation": [
"(math.cos(query.life_time * 10.0 * -5) * -5)", 0.0,0.0
					]
				},
				"left_arm": {
					"rotation": [
"(math.cos(query.life_time * 10.0 * 5) * 5)", 0.0,0.0
					]
				}
			}
		},
		"animation.godzilla.walk": {
			"loop": true,
			"bones": {
				"body": {
					"rotation" : [ "math.cos(query.modified_distance_moved * 5.17) * 1.3 * query.modified_move_speed", 0.0, 0.0 ]
				},
				"thigh0": {
					"rotation" : [ "math.cos(query.modified_distance_moved * -15.17) * -15.3 * query.modified_move_speed", 0.0, 0.0 ]
				},
				"thigh1": {
					"rotation" : [ "math.cos(query.modified_distance_moved * 15.17) * 15.3 * query.modified_move_speed", 0.0, 0.0 ]
				}
			}
		},
		"animation.godzilla.roar": {
			"loop": true,
			"animation_length": 2,
			"bones": {
				"body": {
					"rotation": {
						"0.0": [0, 110, 0],
						"0.85": [80, 70, 0],
						"1.1": [80, 360, 0],
						"2.0": [0, 360, 0]
					}
				},
				"body1": {
					"position": {
						"0.0": [0, 0, 0],
						"0.65": [0, -2, 0],
						"1.1": [00, 0, 0],
						"2.0": [0, 0, 0]
					},
					"rotation": {
						"0.0": [0, 0, 0],
						"0.65": [-30, 10, 10],
						"1.1": [-30, 0, 0],
						"2.0": [0, 0, 0]
					}
				},
				"body2": {
					"position": {
						"0.0": [0, 0, 0],
						"0.65": [0, -2, 0],
						"1.1": [00, 0, 0],
						"2.0": [0, 0, 0]
					},
					"rotation": {
						"0.0": [0, 0, 0],
						"0.65": [-30, 10, 5],
						"1.1": [-30, 0, 0],
						"2.0": [0, 0, 0]
					}
				},
				"head": {
					"position": {
						"0.0": [0, 0, 0],
						"0.65": [0, -2, 0],
						"1.1": [00, 0, 0],
						"2.0": [0, 0, 0]
					},
					"rotation": {
						"0.0": [0, 0, 0],
						"0.65": [-30, 0, 40],
						"1.1": [-30, 0, 0],
						"2.0": [0, 0, 0]
					}
				},
				"thigh0": {
					"rotation": {
						"0.0": [0, 0, 0],
						"0.85": [-80, 0, 0],
						"1.1": [-80, 0, 0],
						"2.0": [0, 0, 0]
					}
				},
				"thigh1": {
					"rotation": {
						"0.0": [0, 0, 0],
						"0.85": [-80, 0, 0],
						"1.1": [-80, 0, 0],
						"2.0": [0, 0, 0]
					}
				},
				"right_arm": {
					"rotation": {
						"0.0": [0, 0, 0],
						"0.85": [-70, 0, 0],
						"1.1": [-70, 0, 0],
						"2.0": [0, 0, 0]
					}
				},
				"left_arm": {
					"rotation": {
						"0.0": [0, 0, 0],
						"0.85": [-70, 0, 0],
						"1.1": [-70, 0, 0],
						"2.0": [0, 0, 0]
					}
				},
				"tail7": {
					"rotation": {
						"0.0": [0, 0, 0],
						"0.7": [-38, 0, -5],
						"1.1": [-49, 0, -10],
						"2.0": [0, 0, 0]
					}
				},
				"tail1": {
					"rotation": {
						"0.0": [0, 0, 0],
						"0.7": [-15, 0, 27],
						"1.1": [-18, 0, 33.5],
						"2.0": [0, 0, 0]
					}
				},
				"tail2": {
					"rotation": {
						"0.0": [0, 0, 0],
						"0.7": [-5, 0, 27],
						"1.1": [-6, 0, 35.5],
						"2.0": [0, 0, 0]
					}
				},
				"tail3": {
					"rotation": {
						"0.0": [0, 0, 0],
						"0.7": [-7, 0, 27],
						"1.1": [-4, 0, 35.5],
						"2.0": [0, 0, 0]
					}
				},
				"tail4": {
					"rotation": {
						"0.0": [0, 0, 0],
						"0.7": [-5, 0, 25],
						"1.1": [-4, 0, 36.5],
						"2.0": [0, 0, 0]
					}
				},
				"tail5": {
					"rotation": {
						"0.0": [0, 0, 0],
						"0.7": [-5, 0, 17],
						"1.1": [-4, 0, 25.5],
						"2.0": [0, 0, 0]
					}
				},
				"tail6": {
					"rotation": {
						"0.0": [0, 0, 0],
						"0.7": [-3, 0, 17],
						"1.1": [-2, 0, 26.5],
						"2.0": [0, 0, 0]
					}
				}
			}
		},
		"animation.godzilla.atom": {
			"loop": true,
			"animation_length": 5.5,
			"bones": {
				"body": {
					"rotation": {
						"0.0": [0, 0, 0],
						"1.0": [65, 0, 0]
					}
				},
				"body1": {
					"rotation": {
						"0.0": [0, 0, 0],
						"1.0": [-15, 0, 0]
					}
				},
				"body2": {
					"rotation": {
						"0.0": [0, 0, 0],
						"1.0": [-20, 0, 0]
					}
				},
				"head": {
					"rotation": {
						"0.0": [0, 0, 0],
						"1.0": [-30, 0, 0]
					},
					"position": {
						"0.0": [0, 0, 0],
						"1.0": [0, -2, 0]
					}
				},
				"xiae": {
					"rotation": {
						"0.0": [0, 0, 0],
						"1.0": [40, 0, 0]
					}
				},
				"tail7": {
					"rotation": {
						"0.0": [0, 0, 0],
						"0.25": [-15, 0, 0],
						"0.5": [-30, 0, 0],
						"0.85": [-50, 0, 0],
						"1.0": [-60, 0, 0]
                    },
					"position": {
						"0.0": [0, 0, 0],
						"0.5": [0, 0, 0],
						"1.0": [0, 5, 2.5]
					}
				},
				"right_arm": {
					"rotation": {
						"0.0": [0, 0, 0],
						"1.0": [-40, 0, 0]
					}
				},
				"left_arm": {
					"rotation": {
						"0.0": [0, 0, 0],
						"1.0": [-65, 0, 0]
					}
				},
				"thigh0": {
					"rotation": {
						"0.0": [-15, 0, 0],
						"1.0": [-55, 0, 0]
					}
				},
				"right_leg": {
					"rotation": {
						"0.0": [15, 0, 0],
						"1.0": [-55, 0, 0]
					}
				}
			}
		},
		"animation.godzilla.roar1": {
			"loop": true,
			"animation_length": 6,
			"bones": {
				"xiae": {
					"rotation": {
						"0.0": [0, 0, 0],
						"1.0": [30, 0, 0]
					}
				},
				"head": {
					"rotation": {
						"0.0": [0, 0, 0],
						"1.0": [-15, 5, 0],
						"2.0": [-15, -5, 0],
						"3.0": [-15, 5, 5],
						"4.0": [-15, -5, -5],
						"5.0": [-15, 0, 0],
						"6.0": [0, 0, 0]
					}
				},
				"tail7": {
					"rotation": {
						"0.0": [0, 0, 0],
						"6.0": [0, 0, 0]
					}
				},
				"right_arm": {
					"rotation": {
						"0.0": [0, 0, 0],
						"1.0": [-30, 0, 0],
						"6.0": [0, 0, 0]
					}
				},
				"left_arm": {
					"rotation": {
						"0.0": [0, 0, 0],
						"1.0": [-40, 0, 0],
						"6.0": [0, 0, 0]
					}
				},
				"left_leg": {
					"rotation": {
						"0.0": [0, 0, 0],
						"1.0": [-20, 0, 0],
						"6.0": [0, 0, 0]
					}
				},
				"body": {
					"rotation": {
						"0.0": [0, 0, 0],
						"1.0": [20, 0, 0],
						"6.0": [0, 0, 0]
					}
				},
				"right_leg": {
					"rotation": {
						"0.0": [0, 0, 0],
						"1.0": [-20, 0, 0],
						"6.0": [0, 0, 0]
					}
				}
			}
		}
	}
}