{
  "format_version": "1.8.0",
  "animation_controllers": {
    "controller.animation.kamata.pose":{
      "states": {
        "default": {
          "parameters": [ "query.modified_move_speed" ],
          "animations": [
						{
							"idle": [
								{
								  "0.0": 1.0,
								  "1.0": 0.0
								}
							]
						},
						{
					  		"move": [
								{
								  "0.0": 0.0,
								  "1.0": 1.0
								}
						  	]
						}
          ],
          "transitions": [
            { "attack": "query.variant == 1" }
          ]
        },
        "attack": {
          "animations": [
            { "attack": [] }
          ],
          "transitions": [
            { "default": "query.variant != 1" }
          ]
        }
      }
    }
  }
}