{
  "format_version": "1.8.0",
  "animation_controllers": {




    "controller.animation.shin.pose":{
      "states": {
        "default": {
          "parameters": [ "query.modified_move_speed" ],
          "animations": [
						{
							"idle": [
								{
								  "0.0": 1.0,
								  "1.0": 0.0
								}
							]
						},
						{
					  		"move": [
								{
								  "0.0": 0.0,
								  "1.0": 1.0
								}
						  	]
						}
          ],
          "transitions": [
            { "roar1": "query.variant == 1" },
            { "roar2": "query.variant == 2" }
          ]
        },
        "roar1": {
          "animations": [
            { "roar1": [] }
          ],
          "transitions": [
            { "default": "query.variant != 1" }
          ]
        },
        "roar2": {
          "animations": [
            { "roar2": [] }
          ],
          "transitions": [
            { "default": "query.variant != 2" }
          ]
        }
      }
    }
  }
}