{
	"format_version": "1.8.0",
	"animations": {
		"animation.kamata.move": {
			"loop": true,
			"animation_length": 1.6,
			"bones": {
				"bone11": {
					"rotation": {
						"0.0": [22.5, 0, 0],
						"0.84": [-27.5, 0, 0],
						"1.6": [22.5, 0, 0]
					}
				},
				"bone25": {
					"rotation": {
						"0.0": [-30, 0, 0],
						"0.84": [30, 0, 0],
						"1.6": [-30, 0, 0]
					}
				}
			}
		},
		"animation.kamata.idle": {
			"loop": true,
			"animation_length": 2.04,
			"bones": {
				"bone3": {
					"rotation": {
						"0.0": [2.5, 0, 0],
						"1.04": [0, 0, 0],
						"2.04": [2.5, 0, 0]
					}
				},
				"bone17": {
					"rotation": {
						"0.0": [0, -7.5, 0],
						"1.04": [0, 2.5, 0],
						"2.04": [0, -7.5, 0]
					}
				},
				"bone19": {
					"rotation": {
						"0.0": [0, -5, 0],
						"1.04": [0, 5, 0],
						"2.04": [0, -5, 0]
					}
				},
				"bone2": {
					"rotation": {
						"0.0": [-5, 0, 0],
						"1.04": [-2.5, 0, 0],
						"2.04": [-5, 0, 0]
					}
				},
				"bone16": {
					"rotation": {
						"0.0": [0, 0, 5],
						"1.04": [0, 0, -7.5],
						"2.04": [0, 0, 5]
					}
				},
				"bone18": {
					"rotation": {
						"0.0": [0, -5, 0],
						"1.04": [0, 2.5, 0],
						"2.04": [0, -5, 0]
					}
				},
				"bone20": {
					"rotation": {
						"0.0": [0, -5, 0],
						"1.04": [0, 5, 0],
						"2.04": [0, -5, 0]
					}
				},
				"bone21": {
					"rotation": {
						"0.0": [0, -7.8, 0],
						"1.04": [0, 4.7, 0],
						"2.04": [0, -7.8, 0]
					}
				}
			}
		},
		"animation.kamata.attack": {
			"loop": true,
			"animation_length": 1.52,
			"bones": {
				"bone5": {
					"rotation": {
						"0.0": [0, 0, 0],
						"1.04": [-15, 0, 0],
						"1.52": [0, 0, 0]
					}
				},
				"bone6": {
					"rotation": {
						"0.0": [0, 0, 0],
						"1.04": [0, 0, 0],
						"1.52": [0, 0, 0]
					}
				},
				"bone3": {
					"rotation": {
						"0.0": [0, 0, 0],
						"1.52": [12.5, 0, 0]
					}
				},
				"bone2": {
					"rotation": {
						"0.0": [0, 0, 0],
						"0.72": [-65, 0, 0],
						"1.52": [20, 0, -25]
					}
				},
				"bone9": {
					"rotation": {
						"0.0": [0, 0, 0],
						"0.72": [-22.5, 0, 0]
					}
				}
			}
		},
		"animation.kamata.look_at_target": {
			"loop": true
		}
	}
}