{
	"format_version": "1.8.0",
	"animations": {
		"animation.shin.look_at_target": {
			"loop": true
		},
		"animation.shin.move": {
			"loop": true,
			"animation_length": 1.6,
			"bones": {
				"bone3": {
					"rotation": [0, 0, 0]
				},
				"bone10": {
					"rotation": {
						"0.0": [-10, 0, 0],
						"0.88": [12.5, 0, 0],
						"1.6": [-10, 0, 0]
					}
				},
				"bone13": {
					"rotation": {
						"0.0": [12.5, 0, 0],
						"0.88": [-12.5, 0, 0],
						"1.6": [10, 0, 0]
					}
				}
			}
		},
		"animation.shin.atom": {
			"loop": true,
			"animation_length": 12,
			"bones": {
				"bone4": {
					"rotation": [2.5, 0, 0]
				},
				"bone5": {
					"rotation": [-10, 0, 0]
				},
				"bone21": {
					"rotation": [-10, 0, 0]
				},
				"bone3": {
					"rotation": [5, 0, 0]
				}
			}
		},
		"animation.shin.back_atom": {
			"loop": true,
			"animation_length": 12,
			"bones": {
				"bone4": {
					"rotation": [2.5, 0, 0]
				},
				"bone5": {
					"rotation": [-10, 0, 0]
				},
				"bone21": {
					"rotation": [-10, 0, 0]
				},
				"bone3": {
					"rotation": [5, 0, 0]
				}
			}
		},
		"animation.shin.roar1": {
			"loop": true,
			"animation_length": 20,
			"bones": {
				"bone5": {
					"rotation": {
						"0.0": [0, -2.5, 0],
						"4.0": [0, -2.5, 0]
					}
				},
				"bone": {
					"rotation": [12.5, 0, 0]
				},
				"bone4": {
					"rotation": {
						"1.04": [32.5, 0, 0],
						"2.08": [5, 0, 0]
					}
				},
				"bone2": {
					"rotation": {
						"0.0": [32.5, 0, 0],
						"2.08": [-5, 0, 0]
					}
				},
				"bone6": {
					"rotation": {
						"1.04": [-37.5, 0, 0],
						"2.08": [-17.5, 0, 0]
					}
				},
				"bone10": {
					"rotation": [-15, 0, 0]
				},
				"bone7": {
					"rotation": {
						"0.0": [0, 0, 0],
						"0.88": [60, 0, 0]
					}
				},
				"bone9": {
					"rotation": {
						"0.0": [0, 0, 0],
						"0.96": [0, -17.5, 0]
					}
				},
				"bone8": {
					"rotation": {
						"0.0": [0, 0, 0],
						"0.96": [0, 22.5, 0]
					}
				},
				"bone16": {
					"rotation": {
						"0.0": [0, 0, 0],
						"1.56": [0, -25, 0]
					}
				},
				"bone17": {
					"rotation": {
						"0.0": [0, 0, 0],
						"1.56": [0, -25, 0]
					}
				},
				"bone18": {
					"rotation": {
						"0.0": [0, 0, 0],
						"1.56": [0, -17.5, 0]
					}
				},
				"bone19": {
					"rotation": {
						"0.0": [0, 0, 0],
						"1.56": [0, -30, 0]
					}
				},
				"bone20": {
					"rotation": {
						"0.0": [0, 0, 0],
						"1.56": [0, -62.5, 0]
					}
				},
				"bone21": {
					"rotation": {
						"0.0": [0, 0, 0],
						"1.56": [0, -25, 0]
					}
				},
				"bone22": {
					"rotation": {
						"0.0": [0, 0, 0],
						"1.56": [-15, -2.5, 0],
						"2.68": [-15, -5, 0]
					}
				}
			}
		},
		"animation.shin.roar2": {
			"loop": true,
			"animation_length": 5.5,
			"bones": {
				"bone5": {
					"rotation": {
						"0.0": [0, -2.5, 0],
						"4.0": [0, -2.5, 0]
					}
				},
				"bone": {
					"rotation": [12.5, -180, 0]
				},
				"bone2": {
					"rotation": {
						"0.0": [0, 0, 0],
						"0.28": [20, -30, 0],
						"2.04": [20, -30.92, 0],
						"3.12": [20, 35, 0],
						"4.16": [20, 35, 0],
						"5.48": [-2.5, 0, 0]
					}
				},
				"bone13": {
					"rotation": [-15, 0, 0]
				},
				"bone17": {
					"rotation": [-32.5, 0, 0]
				},
				"bone18": {
					"rotation": [-20, 0, 0]
				},
				"bone19": {
					"rotation": [-7.5, 0, 0]
				},
				"bone20": {
					"rotation": [2.5, 0, 0]
				},
				"bone21": {
					"rotation": [22.5, 0, 0]
				},
				"bone22": {
					"rotation": [12.5, 0, 0]
				},
				"bone10": {
					"rotation": [0, 0, 0]
				},
				"bone16": {
					"rotation": [-2.5, 0, 0]
				}
			}
		},
		"animation.shin.idle": {
			"loop": true,
			"animation_length": 8,
			"bones": {
				"bone16": {
					"rotation": {
						"0.0": [0, 10, 0],
						"4.16": [0, -17.5, 0],
						"7.4": [0, 10, 0]
					}
				},
				"bone17": {
					"rotation": {
						"0.0": [0, 7.5, 0],
						"4.36": [0, -10, 0],
						"7.52": [0, 7.5, 0]
					}
				},
				"bone18": {
					"rotation": {
						"0.0": [0, 15, 0],
						"4.6": [0, -10, 0],
						"7.64": [0, 15, 0]
					}
				},
				"bone19": {
					"rotation": {
						"0.0": [0, 10, 0],
						"4.76": [0, -12.5, 0],
						"7.72": [0, 10, 0]
					}
				},
				"bone20": {
					"rotation": {
						"0.0": [0, 12.5, 0],
						"4.88": [0, -10, 0],
						"7.8": [0, 12.5, 0]
					}
				},
				"bone21": {
					"rotation": {
						"0.0": [0, 10, 0],
						"5.04": [0, -10, 0],
						"7.88": [0, 10, 0]
					}
				},
				"bone22": {
					"rotation": {
						"0.0": [0, 12.5, 0],
						"5.2": [0, -7.5, 0],
						"7.96": [0, 12.5, 0]
					}
				}
			}
		}
	}
}